admin0Name_en,admin0Pcode,admin1Name_en,admin1Pcode,admin2Name_en,admin2Pcode,admin3AltName1_en,admin3AltName2_en,admin3Name_en,admin3Pcode,admin3RefName
Angola,AO,Cuanza Norte,AO06,Banga,AO06038,NA,NA,Aldeia Nova,AO06038138,NA
Angola,AO,Uíge,AO17,Sanza Pombo,AO17155,NA,NA,Alfandega,AO17155500,NA
Angola,AO,Lunda Sul,AO13,Cacolo,AO13110,NA,NA,Alto-Chicapa,AO13110351,NA
Angola,AO,Uíge,AO17,Quimbele,AO17153,NA,NA,Alto-Zaza,AO17153492,NA
Angola,AO,Huambo,AO10,Londuimbale,AO10086,NA,NA,Alto Uama,AO10086278,NA
Angola,AO,Moxico,AO15,Alto Zambeze,AO15128,NA,NA,Alto Zambeze,AO15128415,NA
Angola,AO,Cuanza Sul,AO07,Seles (Uku Seles),AO07059,NA,NA,Amboiva,AO07059196,NA
Angola,AO,Bengo,AO01,Ambriz,AO01001,NA,NA,Ambriz,AO01001001,NA
Angola,AO,Bié,AO03,Andulo,AO03015,NA,NA,Andulo,AO03015058,NA
Angola,AO,Cuanza Sul,AO07,Amboim (Gabela),AO07050,NA,NA,Assango,AO07050170,NA
Angola,AO,Cuanza Sul,AO07,Cassongue,AO07051,NA,NA,Atome,AO07051172,NA
Angola,AO,Benguela,AO02,Ganda,AO02013,NA,NA,Babaera,AO02013048,NA
Angola,AO,Namibe,AO16,Tômbwa (Porto Alexandre),AO16140,NA,NA,Baia dos Tigres,AO16140456,NA
Angola,AO,Benguela,AO02,Baía Farta,AO02006,NA,NA,Baia Farta,AO02006024,NA
Angola,AO,Huambo,AO10,Bailundo,AO10081,NA,NA,Bailundo,AO10081261,NA
Angola,AO,Cuando Cubango,AO05,Cuito Cuanavale,AO05031,NA,NA,Baixo Longa,AO05031114,NA
Angola,AO,Benguela,AO02,Balombo,AO02007,NA,NA,Balombo,AO02007028,NA
Angola,AO,Huíla,AO09,Chipindo,AO09072,NA,NA,Bambi,AO09072239,NA
Angola,AO,Cuanza Norte,AO06,Banga,AO06038,NA,NA,Banga,AO06038139,NA
Angola,AO,Malanje,AO14,Cahombo,AO14118,NA,NA,Bange-Angola,AO14118381,NA
Angola,AO,Bengo,AO01,Dande,AO01002,NA,NA,Barra do Dande,AO01002004,NA
Angola,AO,Bengo,AO01,Ambriz,AO01001,NA,NA,Bela Vista,AO01001002,NA
Angola,AO,Cabinda,AO04,Belize,AO04024,NA,NA,Belize,AO04024094,NA
Angola,AO,Uíge,AO17,Bembe,AO17144,NA,NA,Bembe,AO17144465,NA
Angola,AO,Luanda,AO11,Belas (Samba),AO11098,NA,NA,Benfica,AO11098316,NA
Angola,AO,Uíge,AO17,Cangola (Alto Cauale),AO17142,NA,NA,Bengo,AO17142460,NA
Angola,AO,Benguela,AO02,Benguela,AO02008,NA,NA,Benguela,AO02008031,NA
Angola,AO,Namibe,AO16,Namibe,AO16139,NA,NA,Bentiaba,AO16139453,NA
Angola,AO,Uíge,AO17,Maquela do Zombo,AO17148,NA,NA,Beu,AO17148477,NA
Angola,AO,Namibe,AO16,Bibala,AO16137,NA,NA,Bibala,AO16137446,NA
Angola,AO,Huambo,AO10,Bailundo,AO10081,NA,NA,Bimbe,AO10081262,NA
Angola,AO,Cuanza Norte,AO06,Ambaca,AO06037,NA,NA,Bindo,AO06037133,NA
Angola,AO,Benguela,AO02,Catumbela,AO02164,NA,NA,Biopio,AO02164053,NA
Angola,AO,Benguela,AO02,Bocoio,AO02009,NA,NA,Bocoio,AO02009032,NA
Angola,AO,Cuanza Norte,AO06,Bolongongo,AO06039,NA,NA,Bolongongo,AO06039142,NA
Angola,AO,Benguela,AO02,Chongoroi,AO02011,NA,NA,Bolonguela,AO02011042,NA
Angola,AO,Luanda,AO11,Icolo e Bengo,AO11003,NA,NA,Bom Jesus,AO11003009,NA
Angola,AO,Cuando Cubango,AO05,Cuangar,AO05029,NA,NA,Bondo,AO05029108,NA
Angola,AO,Cuanza Sul,AO07,Seles (Uku Seles),AO07059,NA,NA,Botera,AO07059197,NA
Angola,AO,Cabinda,AO04,Buco Zau,AO04025,NA,NA,Buco Zau,AO04025097,NA
Angola,AO,Zaire,AO18,Cuimba,AO18158,NA,NA,Buela,AO18158507,NA
Angola,AO,Uíge,AO17,Buengas,AO17145,NA,NA,Buengas,AO17145468,NA
Angola,AO,Bengo,AO01,Bula-Atumba,AO01040,NA,NA,Bula-Atumba,AO01040145,NA
Angola,AO,Uíge,AO17,Bungo,AO17146,NA,NA,Bungo,AO17146471,NA
Angola,AO,Cabinda,AO04,Cabinda,AO04026,NA,NA,Cabinda,AO04026100,NA
Angola,AO,Bié,AO03,Chitembo,AO03019,NA,NA,Cachingues,AO03019074,NA
Angola,AO,Lunda Sul,AO13,Cacolo,AO13110,NA,NA,Cacolo,AO13110352,NA
Angola,AO,Luanda,AO11,Cacuaco,AO11092,NA,NA,Cacuaco,AO11092298,NA
Angola,AO,Huíla,AO09,Cacula,AO09165,NA,NA,Cacula,AO09165250,NA
Angola,AO,Malanje,AO14,Cacuso,AO14114,NA,NA,Cacuso,AO14114365,NA
Angola,AO,Namibe,AO16,Virei,AO16141,NA,NA,Cahinde,AO16141458,NA
Angola,AO,Moxico,AO15,Alto Zambeze,AO15128,NA,NA,Caianda,AO15128416,NA
Angola,AO,Uíge,AO17,Cangola (Alto Cauale),AO17142,NA,NA,Caiongo,AO17142461,NA
Angola,AO,Namibe,AO16,Bibala,AO16137,NA,NA,Caitou,AO16137447,NA
Angola,AO,Malanje,AO14,Calandula,AO14115,NA,NA,Calandula,AO14115369,NA
Angola,AO,Luanda,AO11,Icolo e Bengo,AO11003,NA,NA,Calomboloca,AO11003010,NA
Angola,AO,Lunda Norte,AO12,Cuilo,AO12106,NA,NA,Caluango,AO12106338,NA
Angola,AO,Luanda,AO11,Viana,AO11100,NA,NA,Calumbo,AO11100322,NA
Angola,AO,Moxico,AO15,Alto Zambeze,AO15128,NA,NA,Calunda,AO15128417,NA
Angola,AO,Namibe,AO16,Camucuio,AO16138,NA,NA,Camacuio,AO16138450,NA
Angola,AO,Cuanza Norte,AO06,Ngonguembo,AO06046,NA,NA,Camame,AO06046163,NA
Angola,AO,Moxico,AO15,Camanongue,AO15129,NA,NA,Camanongue,AO15129423,NA
Angola,AO,Lunda Norte,AO12,Caungula,AO12103,NA,NA,Camaxilo,AO12103331,NA
Angola,AO,Uíge,AO17,Quitexe,AO17154,NA,NA,Cambambe,AO17154496,NA
Angola,AO,Bié,AO03,Cuito (Kuito),AO03022,NA,NA,Cambandua,AO03022085,NA
Angola,AO,Malanje,AO14,Malanje,AO14122,NA,NA,Cambaxe,AO14122394,NA
Angola,AO,Malanje,AO14,Malanje,AO14122,NA,NA,Cambondo,AO14122395,NA
Angola,AO,Uíge,AO17,Buengas,AO17145,NA,NA,Camboso,AO17145469,NA
Angola,AO,Lunda Norte,AO12,Lucapa,AO12108,NA,NA,Camissombo,AO12108343,NA
Angola,AO,Malanje,AO14,Cangandala,AO14117,NA,NA,Cangandala,AO14117377,NA
Angola,AO,Moxico,AO15,Luchazes,AO15134,NA,NA,Cangombe,AO15134430,NA
Angola,AO,Lunda Norte,AO12,Lucapa,AO12108,NA,NA,Capaia,AO12108344,NA
Angola,AO,Malanje,AO14,Cangandala,AO14117,NA,NA,Caribo,AO14117378,NA
Angola,AO,Lunda Sul,AO13,Muconda,AO13112,NA,NA,Cassai,AO13112358,NA
Angola,AO,Moxico,AO15,Luchazes,AO15134,NA,NA,Cassamba,AO15134431,NA
Angola,AO,Lunda Norte,AO12,Xá-Muteba,AO12109,NA,NA,Cassange,AO12109347,NA
Angola,AO,Luanda,AO11,Luanda,AO11094,NA,NA,Cassequel,AO11094310,NA
Angola,AO,Malanje,AO14,Mucari,AO14125,NA,NA,Catala,AO14125406,NA
Angola,AO,Luanda,AO11,Icolo e Bengo,AO11003,NA,NA,Catete,AO11003011,NA
Angola,AO,Benguela,AO02,Bocoio,AO02009,NA,NA,Cavimbe,AO02009033,NA
Angola,AO,Malanje,AO14,Mucari,AO14125,NA,NA,Caxinga,AO14125407,NA
Angola,AO,Bengo,AO01,Dande,AO01002,NA,NA,Caxito,AO01002005,NA
Angola,AO,Benguela,AO02,Caimbambo,AO02010,NA,NA,Cayavi,AO02010037,NA
Angola,AO,Lunda Sul,AO13,Dala,AO13111,NA,NA,Cazage,AO13111355,NA
Angola,AO,Luanda,AO11,Cazenga,AO11093,NA,NA,Cazenga,AO11093301,NA
Angola,AO,Cuanza Norte,AO06,Golungo Alto,AO06044,NA,NA,Cerca,AO06044157,NA
Angola,AO,Huambo,AO10,Tchinjenje,AO10090,NA,NA,Chiaca,AO10090293,NA
Angola,AO,Huíla,AO09,Gambos (ex-Chiange),AO09073,NA,NA,Chiange,AO09073241,NA
Angola,AO,Huíla,AO09,Chibia,AO09070,NA,NA,Chibia,AO09070233,NA
Angola,AO,Bié,AO03,Cuito (Kuito),AO03022,NA,NA,Chicala,AO03022086,NA
Angola,AO,Huíla,AO09,Chicomba,AO09071,NA,NA,Chicomba,AO09071237,NA
Angola,AO,Benguela,AO02,Ganda,AO02013,NA,NA,Chikuma,AO02013049,NA
Angola,AO,Benguela,AO02,Bocoio,AO02009,NA,NA,Chila,AO02009034,NA
Angola,AO,Huambo,AO10,Longonjo,AO10087,NA,NA,Chilata,AO10087283,NA
Angola,AO,Lunda Sul,AO13,Muconda,AO13112,NA,NA,Chiluange,AO13112359,NA
Angola,AO,Huíla,AO09,Gambos (ex-Chiange),AO09073,NA,NA,Chimbemba,AO09073242,NA
Angola,AO,Benguela,AO02,Balombo,AO02007,NA,NA,Chindumbo,AO02007029,NA
Angola,AO,Namibe,AO16,Camucuio,AO16138,NA,NA,Chingo,AO16138451,NA
Angola,AO,Benguela,AO02,Balombo,AO02007,NA,NA,Chingongo,AO02007030,NA
Angola,AO,Cuando Cubango,AO05,Cuchi,AO05030,NA,NA,Chinguanja,AO05030111,NA
Angola,AO,Bié,AO03,Chinguar,AO03018,NA,NA,Chinguar,AO03018071,NA
Angola,AO,Huambo,AO10,Catchiungo,AO10083,NA,NA,Chinhama,AO10083270,NA
Angola,AO,Huambo,AO10,Tchinjenje,AO10090,NA,NA,Chinjenje,AO10090294,NA
Angola,AO,Namibe,AO16,Camucuio,AO16138,NA,NA,Chinquite,AO16138452,NA
Angola,AO,Bié,AO03,Catabola,AO03017,NA,NA,Chipeta,AO03017067,NA
Angola,AO,Huíla,AO09,Chipindo,AO09072,NA,NA,Chipindo,AO09072240,NA
Angola,AO,Huambo,AO10,Huambo,AO10085,NA,NA,Chipipa,AO10085275,NA
Angola,AO,Cunene,AO08,Curoca,AO08064,NA,NA,Chitado,AO08064213,NA
Angola,AO,Lunda Norte,AO12,Chitato (Lóvua),AO12104,NA,NA,Chitato,AO12104333,NA
Angola,AO,Bié,AO03,Chitembo,AO03019,NA,NA,Chitembo,AO03019075,NA
Angola,AO,Bié,AO03,Catabola,AO03017,NA,NA,Chiuca,AO03017068,NA
Angola,AO,Huambo,AO10,Catchiungo,AO10083,NA,NA,Chiumbo,AO10083271,NA
Angola,AO,Moxico,AO15,Bundas (Lumbala-Nguimbo),AO15135,NA,NA,Chiume,AO15135435,NA
Angola,AO,Bié,AO03,Andulo,AO03015,NA,NA,Chivaulo,AO03015059,NA
Angola,AO,Benguela,AO02,Chongoroi,AO02011,NA,NA,Chongoroi,AO02011043,NA
Angola,AO,Cuanza Sul,AO07,Ebo,AO07053,NA,NA,Conde,AO07053178,NA
Angola,AO,Cuando Cubango,AO05,Cuangar,AO05029,NA,NA,Cuangar,AO05029109,NA
Angola,AO,Lunda Norte,AO12,Cuango,AO12105,NA,NA,Cuango,AO12105336,NA
Angola,AO,Uíge,AO17,Quimbele,AO17153,NA,NA,Cuango,AO17153493,NA
Angola,AO,Benguela,AO02,Cubal,AO02012,NA,NA,Cubal,AO02012044,NA
Angola,AO,Lunda Sul,AO13,Cacolo,AO13110,NA,NA,Cucumbi,AO13110353,NA
Angola,AO,Lunda Norte,AO12,Cuilo,AO12106,NA,NA,Cuilo,AO12106339,NA
Angola,AO,Uíge,AO17,Sanza Pombo,AO17155,NA,NA,Cuilo Pombo,AO17155501,NA
Angola,AO,Huíla,AO09,Chicomba,AO09071,NA,NA,Cutenda,AO09071238,NA
Angola,AO,Lunda Sul,AO13,Dala,AO13111,NA,NA,Dala,AO13111356,NA
Angola,AO,Uíge,AO17,Damba,AO17147,NA,NA,Damba,AO17147472,NA
Angola,AO,Bié,AO03,N'harea,AO03023,NA,NA,Dando,AO03023089,NA
Angola,AO,Cuanza Norte,AO06,Cambambe (Kambambe),AO06041,NA,NA,Danje ia Menha,AO06041147,NA
Angola,AO,Luanda,AO11,"Quissama (Muxima, Quiçama)",AO11004,NA,NA,Dembo Chio,AO11004013,NA
Angola,AO,Uíge,AO17,Negage,AO17151,NA,NA,Dimuca,AO17151488,NA
Angola,AO,Huíla,AO09,Quilengues,AO09079,NA,NA,Dinde,AO09079257,NA
Angola,AO,Cabinda,AO04,Cacongo (Landana),AO04027,NA,NA,Dinge,AO04027103,NA
Angola,AO,Cuando Cubango,AO05,Dirico,AO05032,NA,NA,Dirico,AO05032118,NA
Angola,AO,Benguela,AO02,Baía Farta,AO02006,NA,NA,Dombe Grande,AO02006025,NA
Angola,AO,Malanje,AO14,Luquembo,AO14121,NA,NA,Dombo,AO14121390,NA
Angola,AO,Cuanza Norte,AO06,Cambambe (Kambambe),AO06041,NA,NA,Dondo,AO06041148,NA
Angola,AO,Huíla,AO09,Jamba,AO09075,NA,NA,Dongo,AO09075244,NA
Angola,AO,Malanje,AO14,Cambundi-Catembo,AO14116,NA,NA,Dumba Kabango,AO14116374,NA
Angola,AO,Cuanza Sul,AO07,Cassongue,AO07051,NA,NA,Dumbi,AO07051173,NA
Angola,AO,Benguela,AO02,Ganda,AO02013,NA,NA,Ebanga,AO02013050,NA
Angola,AO,Cuanza Sul,AO07,Ebo,AO07053,NA,NA,Ebo,AO07053179,NA
Angola,AO,Benguela,AO02,Lobito,AO02014,NA,NA,Egito-Praia,AO02014054,NA
Angola,AO,Benguela,AO02,Baía Farta,AO02006,NA,NA,Ekimina,AO02006026,NA
Angola,AO,Huambo,AO10,Ecunha (Ekunha),AO10084,NA,NA,Ekunha,AO10084273,NA
Angola,AO,Cunene,AO08,Cuanhama,AO08063,NA,NA,Evale,AO08063208,NA
Angola,AO,Bengo,AO01,Dande,AO01002,NA,NA,Funda,AO01002299,NA
Angola,AO,Luanda,AO11,Cacuaco,AO11092,NA,NA,Funda,AO11092299,NA
Angola,AO,Luanda,AO11,Belas (Samba),AO11098,NA,NA,Futungo de Belas,AO11098317,NA
Angola,AO,Cuanza Sul,AO07,Amboim (Gabela),AO07050,NA,NA,Gabela,AO07050171,NA
Angola,AO,Huambo,AO10,Londuimbale,AO10086,NA,NA,Galanga,AO10086279,NA
Angola,AO,Huíla,AO09,Cuvango (Kuvango),AO09076,NA,NA,Galangue,AO09076247,NA
Angola,AO,Bié,AO03,N'harea,AO03023,NA,NA,Gamba,AO03023090,NA
Angola,AO,Benguela,AO02,Ganda,AO02013,NA,NA,Ganda,AO02013051,NA
Angola,AO,Cuanza Sul,AO07,Sumbe (Ngangula),AO07060,NA,NA,Gangula,AO07060199,NA
Angola,AO,Cuanza Norte,AO06,Golungo Alto,AO06044,NA,NA,Golungo Alto,AO06044158,NA
Angola,AO,Bengo,AO01,Nambuangongo,AO01005,NA,NA,Gombe,AO01005017,NA
Angola,AO,Cuanza Sul,AO07,Sumbe (Ngangula),AO07060,NA,NA,Gungo,AO07060200,NA
Angola,AO,Huíla,AO09,Caconda,AO09068,NA,NA,Gungue,AO09068226,NA
Angola,AO,Huambo,AO10,Bailundo,AO10081,NA,NA,Hengue,AO10081263,NA
Angola,AO,Luanda,AO11,Cazenga,AO11093,NA,NA,Hoji Ya Henda,AO11093302,NA
Angola,AO,Huíla,AO09,Lubango,AO09077,NA,NA,Hoque,AO09077251,NA
Angola,AO,Huambo,AO10,Huambo,AO10085,NA,NA,Huambo,AO10085276,NA
Angola,AO,Huíla,AO09,Lubango,AO09077,NA,NA,Huila,AO09077252,NA
Angola,AO,Cunene,AO08,Ombadja,AO08067,NA,NA,Humbe,AO08067221,NA
Angola,AO,Huíla,AO09,Humpata,AO09074,NA,NA,Humpata,AO09074243,NA
Angola,AO,Huambo,AO10,Tchikala-Tcholohanga,AO10089,NA,NA,Hungulo,AO10089289,NA
Angola,AO,Uíge,AO17,Quimbele,AO17153,NA,NA,Icoca,AO17153494,NA
Angola,AO,Luanda,AO11,Luanda,AO11094,NA,NA,Ilha do Cabo,AO11094304,NA
Angola,AO,Huíla,AO09,Quilengues,AO09079,NA,NA,Impulo,AO09079258,NA
Angola,AO,Luanda,AO11,Luanda,AO11094,NA,NA,Ingombota,AO11094305,NA
Angola,AO,Lunda Norte,AO12,Xá-Muteba,AO12109,NA,NA,Iongo,AO12109348,NA
Angola,AO,Huíla,AO09,Jamba,AO09075,NA,NA,Jamba,AO09075245,NA
Angola,AO,Huíla,AO09,Chibia,AO09070,NA,NA,Jau,AO09070234,NA
Angola,AO,Huambo,AO10,Caála,AO10082,NA,NA,Kaala,AO10082266,NA
Angola,AO,Luanda,AO11,Icolo e Bengo,AO11003,NA,NA,Kabiri,AO11003012,NA
Angola,AO,Malanje,AO14,Marimba,AO14123,NA,NA,Kabombo,AO14123400,NA
Angola,AO,Cuanza Sul,AO07,Libolo (Calulo),AO07054,NA,NA,Kabuta,AO07054181,NA
Angola,AO,Lunda Norte,AO12,Cambulo,AO12101,NA,NA,Kachimo,AO12101325,NA
Angola,AO,Huambo,AO10,Catchiungo,AO10083,NA,NA,Kachiungo,AO10083272,NA
Angola,AO,Cuanza Norte,AO06,Banga,AO06038,NA,NA,Kaculo Kabassa,AO06038140,NA
Angola,AO,Cunene,AO08,Cuanhama,AO08063,NA,NA,Kafima,AO08063209,NA
Angola,AO,Bengo,AO01,Nambuangongo,AO01005,NA,NA,Kage,AO01005018,NA
Angola,AO,Cunene,AO08,Cahama,AO08062,NA,NA,Kahama,AO08062206,NA
Angola,AO,Malanje,AO14,Cahombo,AO14118,NA,NA,Kahombo,AO14118382,NA
Angola,AO,Bié,AO03,N'harea,AO03023,NA,NA,Kaiei,AO03023091,NA
Angola,AO,Benguela,AO02,Caimbambo,AO02010,NA,NA,Kaimbambo,AO02010038,NA
Angola,AO,Bié,AO03,Catabola,AO03017,NA,NA,Kaiuera,AO03017069,NA
Angola,AO,Cuando Cubango,AO05,Menongue,AO05034,NA,NA,Kaiundo,AO05034125,NA
Angola,AO,Huambo,AO10,Ukuma,AO10091,NA,NA,Kakoma,AO10091295,NA
Angola,AO,Huíla,AO09,Caconda,AO09068,NA,NA,Kakonda,AO09068227,NA
Angola,AO,Cabinda,AO04,Cacongo (Landana),AO04027,NA,NA,Kakongo,AO04027104,NA
Angola,AO,Benguela,AO02,Baía Farta,AO02006,NA,NA,Kalahanga,AO02006027,NA
Angola,AO,Cuando Cubango,AO05,Calai,AO05028,NA,NA,Kalai,AO05028106,NA
Angola,AO,Huambo,AO10,Caála,AO10082,NA,NA,Kalenga,AO10082267,NA
Angola,AO,Huíla,AO09,Caluquembe,AO09069,NA,NA,Kalepi,AO09069230,NA
Angola,AO,Huambo,AO10,Caála,AO10082,NA,NA,Kalima,AO10082268,NA
Angola,AO,Huambo,AO10,Huambo,AO10085,NA,NA,Kalima,AO10085277,NA
Angola,AO,Cunene,AO08,Cuvelai,AO08065,NA,NA,Kalonga,AO08065215,NA
Angola,AO,Bié,AO03,Andulo,AO03015,NA,NA,Kalucinga,AO03015060,NA
Angola,AO,Huíla,AO09,Caluquembe,AO09069,NA,NA,Kalukembe,AO09069231,NA
Angola,AO,Cuanza Sul,AO07,Libolo (Calulo),AO07054,NA,NA,Kalulo,AO07054182,NA
Angola,AO,Cuanza Norte,AO06,Ambaca,AO06037,NA,NA,Kamabatela,AO06037134,NA
Angola,AO,Bié,AO03,Camacupa,AO03016,NA,NA,Kamakupa,AO03016062,NA
Angola,AO,Malanje,AO14,Cahombo,AO14118,NA,NA,Kambo,AO14118383,NA
Angola,AO,Huambo,AO10,Mungo,AO10088,NA,NA,Kambuengo,AO10088287,NA
Angola,AO,Lunda Norte,AO12,Cambulo,AO12101,NA,NA,Kambulo,AO12101326,NA
Angola,AO,Malanje,AO14,Cambundi-Catembo,AO14116,NA,NA,Kambundi-Katembo,AO14116375,NA
Angola,AO,Moxico,AO15,Cameia (Lumeje),AO15130,NA,NA,Kameia,AO15130424,NA
Angola,AO,Bengo,AO01,Nambuangongo,AO01005,NA,NA,Kanacassala,AO01005019,NA
Angola,AO,Cuanza Norte,AO06,Golungo Alto,AO06044,NA,NA,Kanbomdo,AO06044159,NA
Angola,AO,Malanje,AO14,Malanje,AO14122,NA,NA,Kangando,AO14122396,NA
Angola,AO,Uíge,AO17,Cangola (Alto Cauale),AO17142,NA,NA,Kangola,AO17142462,NA
Angola,AO,Bié,AO03,Chinguar,AO03018,NA,NA,Kangote,AO03018072,NA
Angola,AO,Moxico,AO15,Luena,AO15136,NA,NA,Kangumbe,AO15136442,NA
Angola,AO,Benguela,AO02,Caimbambo,AO02010,NA,NA,Kanhamela,AO02010039,NA
Angola,AO,Cuanza Norte,AO06,Cazengo,AO06042,NA,NA,Kanhoca,AO06042151,NA
Angola,AO,Benguela,AO02,Lobito,AO02014,NA,NA,Kanjala,AO02014055,NA
Angola,AO,Lunda Norte,AO12,Cambulo,AO12101,NA,NA,Kanzar,AO12101327,NA
Angola,AO,Huíla,AO09,Matala,AO09078,NA,NA,Kapelongo,AO09078254,NA
Angola,AO,Lunda Norte,AO12,Capenda-Camulemba,AO12102,NA,NA,Kapenda Kamulemba,AO12102329,NA
Angola,AO,Cuanza Sul,AO07,Porto Amboim,AO07056,NA,NA,Kapolo,AO07056188,NA
Angola,AO,Malanje,AO14,Luquembo,AO14121,NA,NA,Kapunda,AO14121391,NA
Angola,AO,Huíla,AO09,Chibia,AO09070,NA,NA,Kapunda Kavilongo,AO09070235,NA
Angola,AO,Benguela,AO02,Cubal,AO02012,NA,NA,Kapupa,AO02012045,NA
Angola,AO,Moxico,AO15,Alto Zambeze,AO15128,NA,NA,Kaquengue,AO15128418,NA
Angola,AO,Cuanza Norte,AO06,Banga,AO06038,NA,NA,Kariamba,AO06038141,NA
Angola,AO,Cuanza Sul,AO07,Quibala,AO07057,NA,NA,Kariango,AO07057190,NA
Angola,AO,Benguela,AO02,Ganda,AO02013,NA,NA,Kaseke,AO02013052,NA
Angola,AO,Cuanza Sul,AO07,Ebo,AO07053,NA,NA,Kassanje,AO07053180,NA
Angola,AO,Huíla,AO09,Jamba,AO09075,NA,NA,Kassinga,AO09075246,NA
Angola,AO,Cuanza Sul,AO07,Cassongue,AO07051,NA,NA,Kassongue,AO07051174,NA
Angola,AO,Bié,AO03,Andulo,AO03015,NA,NA,Kassumbe,AO03015061,NA
Angola,AO,Bié,AO03,Catabola,AO03017,NA,NA,Katabola,AO03017070,NA
Angola,AO,Huambo,AO10,Longonjo,AO10087,NA,NA,Katabola,AO10087284,NA
Angola,AO,Huambo,AO10,Caála,AO10082,NA,NA,Katata,AO10082269,NA
Angola,AO,Malanje,AO14,Calandula,AO14115,NA,NA,Kateco-Kangola,AO14115370,NA
Angola,AO,Benguela,AO02,Caimbambo,AO02010,NA,NA,Katengue,AO02010040,NA
Angola,AO,Benguela,AO02,Catumbela,AO02164,NA,NA,Katumbela,AO02164056,NA
Angola,AO,Lunda Norte,AO12,Caungula,AO12103,NA,NA,Kaungula,AO12103332,NA
Angola,AO,Moxico,AO15,Alto Zambeze,AO15128,NA,NA,Kavungo,AO15128419,NA
Angola,AO,Cuanza Norte,AO06,Cambambe (Kambambe),AO06041,NA,NA,Kazua,AO06041165,NA
Angola,AO,Zaire,AO18,Soyo,AO18162,NA,NA,Kelo,AO18162520,NA
Angola,AO,Bengo,AO01,Bula-Atumba,AO01040,NA,NA,Kiaje,AO01040146,NA
Angola,AO,Cuanza Norte,AO06,Lucala,AO06045,NA,NA,Kiangombe,AO06045161,NA
Angola,AO,Cuanza Sul,AO07,Quibala,AO07057,NA,NA,Kibala,AO07057191,NA
Angola,AO,Bengo,AO01,Dembos-Quibaxe,AO01043,NA,NA,Kibaxe,AO01043153,NA
Angola,AO,Uíge,AO17,Maquela do Zombo,AO17148,NA,NA,Kibocolu,AO17148478,NA
Angola,AO,Cuanza Norte,AO06,Quiculungo,AO06048,NA,NA,Kiculungo,AO06048167,NA
Angola,AO,Bengo,AO01,Nambuangongo,AO01005,NA,NA,Kicunzo,AO01005020,NA
Angola,AO,Zaire,AO18,Mbanza Congo,AO18159,NA,NA,Kiende,AO18159509,NA
Angola,AO,Cuanza Sul,AO07,Mussende,AO07055,NA,NA,Kienha,AO07055185,NA
Angola,AO,Huíla,AO09,Chibia,AO09070,NA,NA,Kihita,AO09070236,NA
Angola,AO,Malanje,AO14,Massango,AO14124,NA,NA,Kihuhu,AO14124403,NA
Angola,AO,Bengo,AO01,Dande,AO01002,NA,NA,Kikabo,AO01002006,NA
Angola,AO,Cuanza Norte,AO06,Banga,AO06038,NA,NA,Kikiemba,AO06038143,NA
Angola,AO,Cuanza Norte,AO06,Bolongongo,AO06039,NA,NA,Kikiemba,AO06039143,NA
Angola,AO,Luanda,AO11,Cacuaco,AO11092,NA,NA,Kikolo,AO11092300,NA
Angola,AO,Luanda,AO11,Cazenga,AO11093,NA,NA,Kikolo,AO11093300,NA
Angola,AO,Cuanza Sul,AO07,Sumbe (Ngangula),AO07060,NA,NA,Kikombo,AO07060201,NA
Angola,AO,Luanda,AO11,Luanda,AO11094,NA,NA,Kilamba Kiaxi,AO11094309,NA
Angola,AO,Luanda,AO11,Belas (Samba),AO11098,NA,NA,Kilamba Kiaxi,AO11098309,NA
Angola,AO,Cuanza Sul,AO07,Quilenda,AO07058,NA,NA,Kilenda,AO07058194,NA
Angola,AO,Huíla,AO09,Quilengues,AO09079,NA,NA,Kilengue,AO09079259,NA
Angola,AO,Huíla,AO09,Cacula,AO09165,NA,NA,Kilengue,AO09165259,NA
Angola,AO,Cuanza Norte,AO06,Ngonguembo,AO06046,NA,NA,Kilombo dos Dembos,AO06046164,NA
Angola,AO,Cuanza Norte,AO06,Golungo Alto,AO06044,NA,NA,Kiluanje,AO06044160,NA
Angola,AO,Malanje,AO14,Malanje,AO14122,NA,NA,Kimbamba,AO14122397,NA
Angola,AO,Malanje,AO14,Luquembo,AO14121,NA,NA,Kimbango,AO14121392,NA
Angola,AO,Uíge,AO17,Ambuíla,AO17143,NA,NA,Kimpetelu,AO17143463,NA
Angola,AO,Luanda,AO11,Luanda,AO11094,NA,NA,Kinanga,AO11094306,NA
Angola,AO,Zaire,AO18,N'Zeto,AO18160,NA,NA,Kindege,AO18160513,NA
Angola,AO,Malanje,AO14,Calandula,AO14115,NA,NA,Kinge,AO14115371,NA
Angola,AO,Zaire,AO18,Tomboco,AO18163,NA,NA,Kingombe,AO18163524,NA
Angola,AO,Malanje,AO14,Massango,AO14124,NA,NA,Kinguengue,AO14124404,NA
Angola,AO,Uíge,AO17,Songo,AO17156,NA,NA,Kinvuenga,AO17156504,NA
Angola,AO,Zaire,AO18,Tomboco,AO18163,NA,NA,Kinzau,AO18163525,NA
Angola,AO,Cuanza Sul,AO07,Quilenda,AO07058,NA,NA,Kirimbo,AO07058195,NA
Angola,AO,Cuanza Sul,AO07,Cela (Waku Kungo),AO07061,NA,NA,Kissanga Kungo,AO07061203,NA
Angola,AO,Uíge,AO17,Negage,AO17151,NA,NA,Kisseke,AO17151489,NA
Angola,AO,Cuanza Sul,AO07,Libolo (Calulo),AO07054,NA,NA,Kissongo,AO07054183,NA
Angola,AO,Malanje,AO14,Kiuaba-N'Zoji (Cuaba Nzogo),AO14119,NA,NA,Kiwaba-Ngozi,AO14119385,NA
Angola,AO,Bengo,AO01,Nambuangongo,AO01005,NA,NA,Kixico,AO01005021,NA
Angola,AO,Luanda,AO11,"Quissama (Muxima, Quiçama)",AO11004,NA,NA,Kixinje,AO11004014,NA
Angola,AO,Malanje,AO14,Cacuso,AO14114,NA,NA,Kizenga,AO14114366,NA
Angola,AO,Cuanza Sul,AO07,Conda,AO07052,NA,NA,Konda,AO07052176,NA
Angola,AO,Malanje,AO14,Calandula,AO14115,NA,NA,Kota,AO14115372,NA
Angola,AO,Malanje,AO14,Calandula,AO14115,NA,NA,Kuale,AO14115373,NA
Angola,AO,Cuando Cubango,AO05,Cuchi,AO05030,NA,NA,Kuchi,AO05030112,NA
Angola,AO,Cuando Cubango,AO05,Menongue,AO05034,NA,NA,Kueio,AO05034126,NA
Angola,AO,Bié,AO03,Cuemba,AO03020,NA,NA,Kuemba,AO03020080,NA
Angola,AO,Uíge,AO17,Maquela do Zombo,AO17148,NA,NA,Kuilu Futa,AO17148479,NA
Angola,AO,Bié,AO03,Cuito (Kuito),AO03022,NA,NA,Kuito,AO03022087,NA
Angola,AO,Cuando Cubango,AO05,Cuito Cuanavale,AO05031,NA,NA,Kuito Kuanavale,AO05031115,NA
Angola,AO,Malanje,AO14,Cangandala,AO14117,NA,NA,Kulamagia,AO14117379,NA
Angola,AO,Huambo,AO10,Londuimbale,AO10086,NA,NA,Kumbila,AO10086280,NA
Angola,AO,Malanje,AO14,Cunda-dia-Baze,AO14120,NA,NA,Kunda-Dia-Baze,AO14120387,NA
Angola,AO,Bié,AO03,Cunhinga,AO03021,NA,NA,Kunhinga,AO03021084,NA
Angola,AO,Cuando Cubango,AO05,Mavinga,AO05033,NA,NA,Kunjamba,AO05033121,NA
Angola,AO,Cuanza Sul,AO07,Conda,AO07052,NA,NA,Kunju,AO07052177,NA
Angola,AO,Huíla,AO09,Caconda,AO09068,NA,NA,Kusse,AO09068228,NA
Angola,AO,Bié,AO03,Chinguar,AO03018,NA,NA,Kutato,AO03018073,NA
Angola,AO,Cuando Cubango,AO05,Cuchi,AO05030,NA,NA,Kutato,AO05030113,NA
Angola,AO,Cuando Cubango,AO05,Mavinga,AO05033,NA,NA,Kutuile,AO05033122,NA
Angola,AO,Huíla,AO09,Cuvango (Kuvango),AO09076,NA,NA,Kuvango,AO09076248,NA
Angola,AO,Cunene,AO08,Cuvelai,AO08065,NA,NA,Kuvati,AO08065216,NA
Angola,AO,Cunene,AO08,Cuvelai,AO08065,NA,NA,Kuvelai,AO08065217,NA
Angola,AO,Bié,AO03,Camacupa,AO03016,NA,NA,Kwanza,AO03016063,NA
Angola,AO,Moxico,AO15,Luacano,AO15133,NA,NA,Lago-Dilolo,AO15133428,NA
Angola,AO,Benguela,AO02,Cubal,AO02012,NA,NA,Lambala,AO02012046,NA
Angola,AO,Malanje,AO14,Cunda-dia-Baze,AO14120,NA,NA,Lemba,AO14120388,NA
Angola,AO,Uíge,AO17,Damba,AO17147,NA,NA,Lemboa,AO17147473,NA
Angola,AO,Huambo,AO10,Longonjo,AO10087,NA,NA,Lepi,AO10087285,NA
Angola,AO,Moxico,AO15,Léua,AO15131,NA,NA,Leua,AO15131425,NA
Angola,AO,Moxico,AO15,Léua,AO15131,NA,NA,Liangongo,AO15131426,NA
Angola,AO,Benguela,AO02,Lobito,AO02014,NA,NA,Lobito,AO02014057,NA
Angola,AO,Benguela,AO02,Catumbela,AO02164,NA,NA,Lobito,AO02164057,NA
Angola,AO,Namibe,AO16,Bibala,AO16137,NA,NA,Lola,AO16137448,NA
Angola,AO,Malanje,AO14,Cacuso,AO14114,NA,NA,Lombe,AO14114367,NA
Angola,AO,Huambo,AO10,Londuimbale,AO10086,NA,NA,Londuimbali,AO10086281,NA
Angola,AO,Cuando Cubango,AO05,Cuito Cuanavale,AO05031,NA,NA,Longa,AO05031116,NA
Angola,AO,Huambo,AO10,Longonjo,AO10087,NA,NA,Longonjo,AO10087286,NA
Angola,AO,Cuanza Sul,AO07,Quibala,AO07057,NA,NA,Lonhe,AO07057192,NA
Angola,AO,Lunda Norte,AO12,Chitato (Lóvua),AO12104,NA,NA,Lovua,AO12104334,NA
Angola,AO,Moxico,AO15,Alto Zambeze,AO15128,NA,NA,Lovua,AO15128420,NA
Angola,AO,Moxico,AO15,Luacano,AO15133,NA,NA,Luacano,AO15133429,NA
Angola,AO,Lunda Norte,AO12,Chitato (Lóvua),AO12104,NA,NA,Luachimo,AO12104335,NA
Angola,AO,Cabinda,AO04,Belize,AO04024,NA,NA,Luali,AO04024095,NA
Angola,AO,Bié,AO03,Cuemba,AO03020,NA,NA,Luando,AO03020081,NA
Angola,AO,Lunda Norte,AO12,Lubalo,AO12107,NA,NA,Luangue,AO12107340,NA
Angola,AO,Lunda Sul,AO13,Cacolo,AO13110,NA,NA,Luangue,AO13110340,NA
Angola,AO,Moxico,AO15,Luau,AO15132,NA,NA,Luau,AO15132427,NA
Angola,AO,Lunda Norte,AO12,Lubalo,AO12107,NA,NA,Lubalo,AO12107341,NA
Angola,AO,Huíla,AO09,Lubango,AO09077,NA,NA,Lubango,AO09077253,NA
Angola,AO,Bié,AO03,N'harea,AO03023,NA,NA,Lubia,AO03023092,NA
Angola,AO,Lunda Norte,AO12,Lucapa,AO12108,NA,NA,Lucapa,AO12108345,NA
Angola,AO,Moxico,AO15,Luchazes,AO15134,NA,NA,Luchazes,AO15134432,NA
Angola,AO,Namibe,AO16,Namibe,AO16139,NA,NA,Lucira,AO16139454,NA
Angola,AO,Uíge,AO17,Bembe,AO17144,NA,NA,Lucunga,AO17144466,NA
Angola,AO,Moxico,AO15,Luena,AO15136,NA,NA,Lucusse,AO15136443,NA
Angola,AO,Moxico,AO15,Luena,AO15136,NA,NA,Luena,AO15136444,NA
Angola,AO,Cuando Cubango,AO05,Mavinga,AO05033,NA,NA,Luengue,AO05033123,NA
Angola,AO,Zaire,AO18,Nóqui,AO18161,NA,NA,Lufico,AO18161517,NA
Angola,AO,Lunda Norte,AO12,Cambulo,AO12101,NA,NA,Luia,AO12101328,NA
Angola,AO,Cuando Cubango,AO05,Rivungo,AO05036,NA,NA,Luiana,AO05036130,NA
Angola,AO,Cuanza Norte,AO06,Ambaca,AO06037,NA,NA,Luinga,AO06037135,NA
Angola,AO,Cuanza Norte,AO06,Lucala,AO06045,NA,NA,Lukala,AO06045162,NA
Angola,AO,Zaire,AO18,Nóqui,AO18161,NA,NA,Lulendo,AO18161518,NA
Angola,AO,Lunda Sul,AO13,Dala,AO13111,NA,NA,Luma Cassai,AO13111357,NA
Angola,AO,Moxico,AO15,Alto Zambeze,AO15128,NA,NA,Lumbala,AO15128421,NA
Angola,AO,Moxico,AO15,Bundas (Lumbala-Nguimbo),AO15135,NA,NA,Lumbala-Nguimbo,AO15135436,NA
Angola,AO,Huambo,AO10,Bailundo,AO10081,NA,NA,Lunge,AO10081264,NA
Angola,AO,Cuando Cubango,AO05,Cuito Cuanavale,AO05031,NA,NA,Lupire,AO05031117,NA
Angola,AO,Malanje,AO14,Luquembo,AO14121,NA,NA,Luquembo,AO14121393,NA
Angola,AO,Lunda Norte,AO12,Cuango,AO12105,NA,NA,Luremo,AO12105337,NA
Angola,AO,Moxico,AO15,Bundas (Lumbala-Nguimbo),AO15135,NA,NA,Lutembo,AO15135437,NA
Angola,AO,Moxico,AO15,Luena,AO15136,NA,NA,Lutuai,AO15136445,NA
Angola,AO,Huambo,AO10,Bailundo,AO10081,NA,NA,Luvemba,AO10081265,NA
Angola,AO,Zaire,AO18,Mbanza Congo,AO18159,NA,NA,Luvo,AO18159510,NA
Angola,AO,Moxico,AO15,Bundas (Lumbala-Nguimbo),AO15135,NA,NA,Luvuei,AO15135438,NA
Angola,AO,Uíge,AO17,Bembe,AO17144,NA,NA,Mabaia,AO17144467,NA
Angola,AO,Bengo,AO01,Dande,AO01002,NA,NA,Mabubas,AO01002007,NA
Angola,AO,Uíge,AO17,Milunga,AO17149,NA,NA,Macocola,AO17149482,NA
Angola,AO,Uíge,AO17,Milunga,AO17149,NA,NA,Macolo,AO17149483,NA
Angola,AO,Luanda,AO11,Luanda,AO11094,NA,NA,Maculusso,AO11094307,NA
Angola,AO,Zaire,AO18,Mbanza Congo,AO18159,NA,NA,Madimba,AO18159511,NA
Angola,AO,Luanda,AO11,Luanda,AO11094,NA,NA,Maianga,AO11094311,NA
Angola,AO,Malanje,AO14,Malanje,AO14122,NA,NA,Malanje,AO14122398,NA
Angola,AO,Cabinda,AO04,Cabinda,AO04026,NA,NA,Malembo,AO04026101,NA
Angola,AO,Bié,AO03,Chitembo,AO03019,NA,NA,Malengue,AO03019076,NA
Angola,AO,Uíge,AO17,Maquela do Zombo,AO17148,NA,NA,Maquela do Zombo,AO17148480,NA
Angola,AO,Luanda,AO11,Luanda,AO11094,NA,NA,Marcal,AO11094313,NA
Angola,AO,Malanje,AO14,Marimba,AO14123,NA,NA,Marimba,AO14123401,NA
Angola,AO,Cabinda,AO04,Cacongo (Landana),AO04027,NA,NA,Massabi,AO04027105,NA
Angola,AO,Malanje,AO14,Massango,AO14124,NA,NA,Massango,AO14124405,NA
Angola,AO,Uíge,AO17,Milunga,AO17149,NA,NA,Massau,AO17149484,NA
Angola,AO,Huíla,AO09,Matala,AO09078,NA,NA,Matala,AO09078255,NA
Angola,AO,Cuanza Norte,AO06,Ambaca,AO06037,NA,NA,Maua,AO06037136,NA
Angola,AO,Cuando Cubango,AO05,Calai,AO05028,NA,NA,Maue,AO05028107,NA
Angola,AO,Cuando Cubango,AO05,Mavinga,AO05033,NA,NA,Mavinga,AO05033124,NA
Angola,AO,Zaire,AO18,Mbanza Congo,AO18159,NA,NA,Mbanza Congo,AO18159512,NA
Angola,AO,Huambo,AO10,Tchikala-Tcholohanga,AO10089,NA,NA,Mbave,AO10089290,NA
Angola,AO,Malanje,AO14,Cangandala,AO14117,NA,NA,Mbembo,AO14117380,NA
Angola,AO,Cuando Cubango,AO05,Menongue,AO05034,NA,NA,Menongue,AO05034127,NA
Angola,AO,Malanje,AO14,Cahombo,AO14118,NA,NA,Mikanda,AO14118384,NA
Angola,AO,Cabinda,AO04,Belize,AO04024,NA,NA,Mikonje,AO04024096,NA
Angola,AO,Malanje,AO14,Cunda-dia-Baze,AO14120,NA,NA,Milando,AO14120389,NA
Angola,AO,Uíge,AO17,Milunga,AO17149,NA,NA,Milunga,AO17149485,NA
Angola,AO,Malanje,AO14,Quela,AO14126,NA,NA,Moma,AO14126410,NA
Angola,AO,Lunda Sul,AO13,Saurimo,AO13113,NA,NA,Mona Quimbundo,AO13113362,NA
Angola,AO,Cunene,AO08,Cuanhama,AO08063,NA,NA,Mongua,AO08063210,NA
Angola,AO,Benguela,AO02,Bocoio,AO02009,NA,NA,Monte Belo,AO02009035,NA
Angola,AO,Malanje,AO14,Mucari,AO14125,NA,NA,Mucari,AO14125408,NA
Angola,AO,Lunda Sul,AO13,Muconda,AO13112,NA,NA,Muconda,AO13112360,NA
Angola,AO,Moxico,AO15,Alto Zambeze,AO15128,NA,NA,Mucondo,AO15128422,NA
Angola,AO,Cuando Cubango,AO05,Dirico,AO05032,NA,NA,Mucusso,AO05032119,NA
Angola,AO,Malanje,AO14,Kiuaba-N'Zoji (Cuaba Nzogo),AO14119,NA,NA,Mufuma,AO14119386,NA
Angola,AO,Moxico,AO15,Luchazes,AO15134,NA,NA,Muie,AO15134433,NA
Angola,AO,Cunene,AO08,Ombadja,AO08067,NA,NA,Mukope,AO08067222,NA
Angola,AO,Huíla,AO09,Matala,AO09078,NA,NA,Mulondo,AO09078256,NA
Angola,AO,Luanda,AO11,"Quissama (Muxima, Quiçama)",AO11004,NA,NA,Mumbondo,AO11004015,NA
Angola,AO,Bié,AO03,Chitembo,AO03019,NA,NA,Mumbue,AO03019077,NA
Angola,AO,Huambo,AO10,Ukuma,AO10091,NA,NA,Mundundo,AO10091296,NA
Angola,AO,Cuanza Sul,AO07,Libolo (Calulo),AO07054,NA,NA,Munenga,AO07054184,NA
Angola,AO,Huambo,AO10,Mungo,AO10088,NA,NA,Mungo,AO10088288,NA
Angola,AO,Bié,AO03,Cuemba,AO03020,NA,NA,Munhango,AO03020082,NA
Angola,AO,Namibe,AO16,Bibala,AO16137,NA,NA,Munhino,AO16137449,NA
Angola,AO,Cunene,AO08,Cuvelai,AO08065,NA,NA,Mupa,AO08065218,NA
Angola,AO,Malanje,AO14,Mucari,AO14125,NA,NA,Muquixi,AO14125409,NA
Angola,AO,Lunda Sul,AO13,Muconda,AO13112,NA,NA,Muriege,AO13112361,NA
Angola,AO,Cuanza Sul,AO07,Mussende,AO07055,NA,NA,Mussende,AO07055186,NA
Angola,AO,Zaire,AO18,N'Zeto,AO18160,NA,NA,Musserra,AO18160514,NA
Angola,AO,Luanda,AO11,Belas (Samba),AO11098,NA,NA,Mussulo,AO11098318,NA
Angola,AO,Moxico,AO15,Bundas (Lumbala-Nguimbo),AO15135,NA,NA,Mussuma,AO15135439,NA
Angola,AO,Bié,AO03,Chitembo,AO03019,NA,NA,Mutumbo,AO03019078,NA
Angola,AO,Lunda Norte,AO12,Lubalo,AO12107,NA,NA,Muvulage,AO12107342,NA
Angola,AO,Bengo,AO01,Nambuangongo,AO01005,NA,NA,Muxiluando,AO01005022,NA
Angola,AO,Luanda,AO11,"Quissama (Muxima, Quiçama)",AO11004,NA,NA,Muxima,AO11004016,NA
Angola,AO,Luanda,AO11,Luanda,AO11094,NA,NA,N'gola Kilwanji,AO11094320,Ngola Kilwanji
Angola,AO,Uíge,AO17,Damba,AO17147,NA,NA,N'soso,AO17147474,Nsoso
Angola,AO,Cunene,AO08,Namacunde,AO08066,NA,NA,Namakunde,AO08066219,NA
Angola,AO,Namibe,AO16,Namibe,AO16139,NA,NA,Namibe,AO16139455,NA
Angola,AO,Cuando Cubango,AO05,Nancova,AO05035,NA,NA,Nancova,AO05035128,NA
Angola,AO,Cunene,AO08,Ombadja,AO08067,NA,NA,Naulila,AO08067223,NA
Angola,AO,Cuanza Sul,AO07,Quibala,AO07057,NA,NA,Ndala Kachimbo,AO07057193,NA
Angola,AO,Cuanza Norte,AO06,Cazengo,AO06042,NA,NA,Ndalatando,AO06042152,NA
Angola,AO,Uíge,AO17,Negage,AO17151,NA,NA,Negage,AO17151490,NA
Angola,AO,Cabinda,AO04,Buco Zau,AO04025,NA,NA,Nekuto,AO04025098,NA
Angola,AO,Cuando Cubango,AO05,Rivungo,AO05036,NA,NA,Neriquinha,AO05036131,NA
Angola,AO,Huíla,AO09,Caluquembe,AO09069,NA,NA,Ngola,AO09069232,NA
Angola,AO,Huíla,AO09,Cacula,AO09165,NA,NA,Ngola,AO09165232,NA
Angola,AO,Malanje,AO14,Malanje,AO14122,NA,NA,Ngola-Luige,AO14122399,NA
Angola,AO,Bié,AO03,N'harea,AO03023,NA,NA,Nharea,AO03023093,NA
Angola,AO,Cabinda,AO04,Buco Zau,AO04025,NA,NA,Nhuca,AO04025099,NA
Angola,AO,Moxico,AO15,Bundas (Lumbala-Nguimbo),AO15135,NA,NA,Ninda,AO15135440,NA
Angola,AO,Uíge,AO17,Damba,AO17147,NA,NA,Nkama-Ntambu,AO17147475,NA
Angola,AO,Uíge,AO17,Damba,AO17147,NA,NA,Nkuso,AO17147476,NA
Angola,AO,Zaire,AO18,Nóqui,AO18161,NA,NA,Noqui,AO18161519,NA
Angola,AO,Zaire,AO18,N'Zeto,AO18160,NA,NA,Nzeto,AO18160515,NA
Angola,AO,Cunene,AO08,Ombadja,AO08067,NA,NA,Ombala yo Mungu,AO08067224,NA
Angola,AO,Cunene,AO08,Cuanhama,AO08063,NA,NA,Onjiva,AO08063211,NA
Angola,AO,Cunene,AO08,Curoca,AO08064,NA,NA,Onkokwa,AO08064214,NA
Angola,AO,Cunene,AO08,Cahama,AO08062,NA,NA,Otchinjau,AO08062207,NA
Angola,AO,Cunene,AO08,Cuanhama,AO08063,NA,NA,Oximolo,AO08063212,NA
Angola,AO,Cuanza Sul,AO07,Cassongue,AO07051,NA,NA,Pambangala,AO07051175,NA
Angola,AO,Bengo,AO01,Pango-Aluquém,AO01047,NA,NA,Pango-Aluquem,AO01047166,NA
Angola,AO,Bengo,AO01,Dembos-Quibaxe,AO01043,NA,NA,Paredes,AO01043154,NA
Angola,AO,Benguela,AO02,Bocoio,AO02009,NA,NA,Passe,AO02009036,NA
Angola,AO,Luanda,AO11,Luanda,AO11094,NA,NA,Patrice Lumumba,AO11094308,NA
Angola,AO,Zaire,AO18,Soyo,AO18162,NA,NA,Pedra do Feitico,AO18162521,NA
Angola,AO,Bengo,AO01,Dembos-Quibaxe,AO01043,NA,NA,Piri,AO01043155,NA
Angola,AO,Cuanza Sul,AO07,Porto Amboim,AO07056,NA,NA,Porto Amboim,AO07056189,NA
Angola,AO,Luanda,AO11,Luanda,AO11094,NA,NA,Prenda,AO11094312,NA
Angola,AO,Malanje,AO14,Cacuso,AO14114,NA,NA,Pungo-Andongo,AO14114368,NA
Angola,AO,Uíge,AO17,Puri,AO17152,NA,NA,Puri,AO17152491,NA
Angola,AO,Malanje,AO14,Quela,AO14126,NA,NA,Quela,AO14126411,NA
Angola,AO,Benguela,AO02,Cubal,AO02012,NA,NA,Quendo,AO02012047,NA
Angola,AO,Zaire,AO18,N'Zeto,AO18160,NA,NA,Quibala Norte,AO18160516,NA
Angola,AO,Uíge,AO17,Quitexe,AO17154,NA,NA,Quifuafua,AO17154497,NA
Angola,AO,Uíge,AO17,Quimbele,AO17153,NA,NA,Quimbele,AO17153495,NA
Angola,AO,Uíge,AO17,Buengas,AO17145,NA,NA,Quimbianda,AO17145470,NA
Angola,AO,Uíge,AO17,Mucaba,AO17150,NA,NA,Quinzala,AO17150486,NA
Angola,AO,Malanje,AO14,Quirima,AO14127,NA,NA,Quirima,AO14127413,NA
Angola,AO,Malanje,AO14,Cambundi-Catembo,AO14116,NA,NA,Quitapa,AO14116349,NA
Angola,AO,Uíge,AO17,Quitexe,AO17154,NA,NA,Quitende,AO17154498,NA
Angola,AO,Uíge,AO17,Quitexe,AO17154,NA,NA,Quitexe,AO17154499,NA
Angola,AO,Zaire,AO18,Tomboco,AO18163,NA,NA,Quiximba,AO18163526,NA
Angola,AO,Luanda,AO11,Luanda,AO11094,NA,NA,Rangel,AO11094314,NA
Angola,AO,Bié,AO03,Camacupa,AO03016,NA,NA,Ringoma,AO03016064,NA
Angola,AO,Cuando Cubango,AO05,Nancova,AO05035,NA,NA,Rito,AO05035129,NA
Angola,AO,Cuando Cubango,AO05,Rivungo,AO05036,NA,NA,Rivungo,AO05036132,NA
Angola,AO,Bengo,AO01,Dembos-Quibaxe,AO01043,NA,NA,S. Jose das Matas,AO01043156,NA
Angola,AO,Cuanza Norte,AO06,Cambambe (Kambambe),AO06041,NA,NA,S. Pedro da Kilemba,AO06041149,NA
Angola,AO,Bié,AO03,Cuemba,AO03020,NA,NA,Sachinemuna,AO03020083,NA
Angola,AO,Uíge,AO17,Maquela do Zombo,AO17148,NA,NA,Sakandika,AO17148481,NA
Angola,AO,Luanda,AO11,Luanda,AO11094,NA,NA,Samba,AO11094319,NA
Angola,AO,Cuanza Norte,AO06,Samba Cajú,AO06049,NA,NA,Samba Caju,AO06049168,NA
Angola,AO,Cuanza Norte,AO06,Samba Cajú,AO06049,NA,NA,Samba Lukala,AO06049169,NA
Angola,AO,Luanda,AO11,Luanda,AO11094,NA,NA,Sambizanga,AO11094321,NA
Angola,AO,Huambo,AO10,Tchikala-Tcholohanga,AO10089,NA,NA,Sambo,AO10089291,NA
Angola,AO,Cuanza Sul,AO07,Cela (Waku Kungo),AO07061,NA,NA,Sanga,AO07061204,NA
Angola,AO,Uíge,AO17,Sanza Pombo,AO17155,NA,NA,Sanza Pombo,AO17155502,NA
Angola,AO,Cuanza Sul,AO07,Mussende,AO07055,NA,NA,Sao Lucas,AO07055187,NA
Angola,AO,Lunda Sul,AO13,Saurimo,AO13113,NA,NA,Saurimo,AO13113363,NA
Angola,AO,Malanje,AO14,Quirima,AO14127,NA,NA,Sautari,AO14127414,NA
Angola,AO,Cuando Cubango,AO05,Cuangar,AO05029,NA,NA,Savate,AO05029110,NA
Angola,AO,Uíge,AO17,Ambuíla,AO17143,NA,NA,Sede Mantoyo,AO17143464,NA
Angola,AO,Zaire,AO18,Cuimba,AO18158,NA,NA,Serra da Kanda,AO18158508,NA
Angola,AO,Moxico,AO15,Bundas (Lumbala-Nguimbo),AO15135,NA,NA,Sessa,AO15135441,NA
Angola,AO,Cunene,AO08,Namacunde,AO08066,NA,NA,Shiede,AO08066220,NA
Angola,AO,Bié,AO03,Chitembo,AO03019,NA,NA,Soma Kwanza,AO03019079,NA
Angola,AO,Lunda Sul,AO13,Saurimo,AO13113,NA,NA,Sombo,AO13113364,NA
Angola,AO,Uíge,AO17,Songo,AO17156,NA,NA,Songo,AO17156505,NA
Angola,AO,Zaire,AO18,Soyo,AO18162,NA,NA,Soyo,AO18162522,NA
Angola,AO,Bié,AO03,Camacupa,AO03016,NA,NA,St. Antonio da Muinha,AO03016065,NA
Angola,AO,Zaire,AO18,Soyo,AO18162,NA,NA,Sumba,AO18162523,NA
Angola,AO,Cuanza Sul,AO07,Sumbe (Ngangula),AO07060,NA,NA,Sumbe,AO07060202,NA
Angola,AO,Bengo,AO01,Ambriz,AO01001,NA,NA,Tabi,AO01001003,NA
Angola,AO,Malanje,AO14,Cambundi-Catembo,AO14116,NA,NA,Tala-Mungongo,AO14116376,NA
Angola,AO,Luanda,AO11,Cazenga,AO11093,NA,NA,Tala Hadi,AO11093303,NA
Angola,AO,Cabinda,AO04,Cabinda,AO04026,NA,NA,Tando Zinze,AO04026102,NA
Angola,AO,Cuanza Norte,AO06,Ambaca,AO06037,NA,NA,Tango,AO06037137,NA
Angola,AO,Huambo,AO10,Ecunha (Ekunha),AO10084,NA,NA,Tchipeio,AO10084274,NA
Angola,AO,Huíla,AO09,Quipungo (Tchipungo),AO09080,NA,NA,Tchipungo,AO09080260,NA
Angola,AO,Huíla,AO09,Cacula,AO09165,NA,NA,Tchipungo,AO09165260,NA
Angola,AO,Malanje,AO14,Marimba,AO14123,NA,NA,Tembo-Aluma,AO14123402,NA
Angola,AO,Moxico,AO15,Luchazes,AO15134,NA,NA,Tempue,AO15134434,NA
Angola,AO,Luanda,AO11,Luanda,AO11094,NA,NA,Terra Nova,AO11094315,NA
Angola,AO,Cuanza Norte,AO06,Bolongongo,AO06039,NA,NA,Terreiro,AO06039144,NA
Angola,AO,Huambo,AO10,Tchikala-Tcholohanga,AO10089,NA,NA,Thicala-Thilohanga,AO10089292,NA
Angola,AO,Zaire,AO18,Tomboco,AO18163,NA,NA,Tomboco,AO18163527,NA
Angola,AO,Namibe,AO16,Tômbwa (Porto Alexandre),AO16140,NA,NA,Tombua,AO16140457,NA
Angola,AO,Bié,AO03,Cuito (Kuito),AO03022,NA,NA,Trumba,AO03022088,NA
Angola,AO,Huíla,AO09,Caconda,AO09068,NA,NA,Uaba,AO09068229,NA
Angola,AO,Uíge,AO17,Sanza Pombo,AO17155,NA,NA,Uamba,AO17155503,NA
Angola,AO,Uíge,AO17,Mucaba,AO17150,NA,NA,Uando,AO17150487,NA
Angola,AO,Cuanza Sul,AO07,Seles (Uku Seles),AO07059,NA,NA,Ucu-Seles,AO07059198,NA
Angola,AO,Bengo,AO01,Dande,AO01002,NA,NA,Ucua,AO01002008,NA
Angola,AO,Uíge,AO17,Uíge,AO17157,NA,NA,Uige,AO17157506,NA
Angola,AO,Huambo,AO10,Ukuma,AO10091,NA,NA,Ukuma,AO10091297,NA
Angola,AO,Bié,AO03,Camacupa,AO03016,NA,NA,Umpulo,AO03016066,NA
Angola,AO,Huambo,AO10,Londuimbale,AO10086,NA,NA,Ussoke,AO10086282,NA
Angola,AO,Luanda,AO11,Belas (Samba),AO11098,NA,NA,Viana,AO11098324,NA
Angola,AO,Luanda,AO11,Luanda,AO11094,NA,NA,Viana Sede,AO11094323,NA
Angola,AO,Luanda,AO11,Belas (Samba),AO11098,NA,NA,Viana Sede,AO11098323,NA
Angola,AO,Luanda,AO11,Viana,AO11100,NA,NA,Viana Sede,AO11100323,NA
Angola,AO,Huíla,AO09,Cuvango (Kuvango),AO09076,NA,NA,Vikungo,AO09076249,NA
Angola,AO,Namibe,AO16,Virei,AO16141,NA,NA,Virei,AO16141459,NA
Angola,AO,Cuanza Sul,AO07,Cela (Waku Kungo),AO07061,NA,NA,Waco Kungo,AO07061205,NA
Angola,AO,Benguela,AO02,Caimbambo,AO02010,NA,NA,Wyiagombe,AO02010041,NA
Angola,AO,Lunda Norte,AO12,Lucapa,AO12108,NA,NA,Xa-Cassau,AO12108346,NA
Angola,AO,Cuando Cubango,AO05,Dirico,AO05032,NA,NA,Xa-Mavera,AO05032120,NA
Angola,AO,Lunda Norte,AO12,Xá-Muteba,AO12109,NA,NA,Xa-Muteba,AO12109350,NA
Angola,AO,Malanje,AO14,Quela,AO14126,NA,NA,Xandele,AO14126412,NA
Angola,AO,Cunene,AO08,Ombadja,AO08067,NA,NA,Xangongo,AO08067225,NA
Angola,AO,Lunda Sul,AO13,Cacolo,AO13110,NA,NA,Xassengue,AO13110354,NA
Angola,AO,Lunda Norte,AO12,Capenda-Camulemba,AO12102,NA,NA,Xinge,AO12102330,NA
Angola,AO,Lunda Sul,AO13,Cacolo,AO13110,NA,NA,Xinge,AO13110330,NA
Angola,AO,Bengo,AO01,Nambuangongo,AO01005,NA,NA,Zala,AO01005023,NA
Angola,AO,Cuanza Norte,AO06,Cambambe (Kambambe),AO06041,NA,NA,Zenza do Itombe,AO06041150,NA
