OBJECTID,admin0Name_fr,admin0Pcode,admin1Name_fr,admin1Pcode,admin2Name_fr,admin2Pcode,admin3Name_fr,admin3Pcode,admin4Name_fr,admin4Pcode,admin4RefName,admin4AltName1_fr,admin4AltName2_fr,date,validOn,validTo
1,Central African Republic,CF,Bangui,CF71,Bangui,CF711,Arrondissement 6,CF7116,Gbanikola II,CF711603,Gbanikola II,NA,NA,1427760000000,1434326400000,NA
2,Central African Republic,CF,Bangui,CF71,Bangui,CF711,Arrondissement 2,CF7112,Iles des Singes,CF711206,Iles des Singes,NA,NA,1427760000000,1434326400000,NA
3,Central African Republic,CF,Bangui,CF71,Bangui,CF711,Arrondissement 6,CF7116,Mbossoro,CF711614,Mbossoro,NA,NA,1427760000000,1434326400000,NA
4,Central African Republic,CF,Bangui,CF71,Bangui,CF711,Arrondissement 6,CF7116,Modoua,CF711615,Modoua,NA,NA,1427760000000,1434326400000,NA
5,Central African Republic,CF,Bangui,CF71,Bangui,CF711,Arrondissement 6,CF7116,Bogbaya,CF711602,Bogbaya,NA,NA,1427760000000,1434326400000,NA
6,Central African Republic,CF,Bangui,CF71,Bangui,CF711,Arrondissement 6,CF7116,Sandoubé,CF711618,Sandoube,NA,NA,1427760000000,1434326400000,NA
7,Central African Republic,CF,Bangui,CF71,Bangui,CF711,Arrondissement 4,CF7114,Cité Jean XXIII I,CF711401,Cite Jean XXIII I,NA,NA,1427760000000,1434326400000,NA
8,Central African Republic,CF,Bangui,CF71,Bangui,CF711,Arrondissement 4,CF7114,Ngoumboutou,CF711422,Ngoumboutou,NA,NA,1427760000000,1434326400000,NA
9,Central African Republic,CF,Bangui,CF71,Bangui,CF711,Arrondissement 4,CF7114,Lando II,CF711419,Lando II,NA,NA,1427760000000,1434326400000,NA
10,Central African Republic,CF,Bangui,CF71,Bangui,CF711,Arrondissement 3,CF7113,Kokoro V,CF711323,Kokoro V,NA,NA,1427760000000,1434326400000,NA
11,Central African Republic,CF,Bangui,CF71,Bangui,CF711,Arrondissement 3,CF7113,Boulata,CF711303,Boulata,NA,NA,1427760000000,1434326400000,NA
12,Central African Republic,CF,Bangui,CF71,Bangui,CF711,Arrondissement 3,CF7113,Gbatoum,CF711314,Gbatoum,NA,NA,1427760000000,1434326400000,NA
13,Central African Republic,CF,Bangui,CF71,Bangui,CF711,Arrondissement 7,CF7117, , , ,NA,NA,1427760000000,1434326400000,NA
14,Central African Republic,CF,Bangui,CF71,Bangui,CF711,Arrondissement 7,CF7117, , , ,NA,NA,1427760000000,1434326400000,NA
15,Central African Republic,CF,Bangui,CF71,Bangui,CF711,Arrondissement 7,CF7117,Saint Paul II,CF711708,Saint Paul II,NA,NA,1427760000000,1434326400000,NA
16,Central African Republic,CF,Bangui,CF71,Bangui,CF711,Arrondissement 7,CF7117, , , ,NA,NA,1427760000000,1434326400000,NA
17,Central African Republic,CF,Bangui,CF71,Bangui,CF711,Arrondissement 7,CF7117, , , ,NA,NA,1427760000000,1434326400000,NA
18,Central African Republic,CF,Bangui,CF71,Bangui,CF711,Arrondissement 4,CF7114,Kagamangoulou,CF711416,Kagamangoulou,NA,NA,1427760000000,1434326400000,NA
19,Central African Republic,CF,Bangui,CF71,Bangui,CF711,Arrondissement 4,CF7114,Gombongo I,CF711410,Gombongo I,NA,NA,1427760000000,1434326400000,NA
20,Central African Republic,CF,Bangui,CF71,Bangui,CF711,Arrondissement 4,CF7114,Gombongo VI,CF711413,Gombongo VI,NA,NA,1427760000000,1434326400000,NA
21,Central African Republic,CF,Bangui,CF71,Bangui,CF711,Arrondissement 4,CF7114,Cité Jean XXIII III,CF711403,Cite Jean XXIII III,NA,NA,1427760000000,1434326400000,NA
22,Central African Republic,CF,Bangui,CF71,Bangui,CF711,Arrondissement 4,CF7114,Cité Jean XXIII II,CF711402,Cite Jean XXIII II,NA,NA,1427760000000,1434326400000,NA
23,Central African Republic,CF,Bangui,CF71,Bangui,CF711,Arrondissement 7,CF7117,Ndress I,CF711705,Ndress I,NA,NA,1427760000000,1434326400000,NA
24,Central African Republic,CF,Bangui,CF71,Bangui,CF711,Arrondissement 1,CF7111,Centre Ville,CF711106,Centre Ville,NA,NA,1427760000000,1434326400000,NA
25,Central African Republic,CF,Bangui,CF71,Bangui,CF711,Arrondissement 2,CF7112,Lakouanga 0,CF711209,Lakouanga 0,NA,NA,1427760000000,1434326400000,NA
26,Central African Republic,CF,Bangui,CF71,Bangui,CF711,Arrondissement 7,CF7117,Camp Kassat,CF711701,Camp Kassat,NA,NA,1427760000000,1434326400000,NA
27,Central African Republic,CF,Bangui,CF71,Bangui,CF711,Arrondissement 7,CF7117, , , ,NA,NA,1427760000000,1434326400000,NA
28,Central African Republic,CF,Bangui,CF71,Bangui,CF711,Arrondissement 7,CF7117, , , ,NA,NA,1427760000000,1434326400000,NA
29,Central African Republic,CF,Bangui,CF71,Bangui,CF711,Arrondissement 7,CF7117, , , ,NA,NA,1427760000000,1434326400000,NA
30,Central African Republic,CF,Bangui,CF71,Bangui,CF711,Arrondissement 6,CF7116,Pétévo,CF711617,Petevo,NA,NA,1427760000000,1434326400000,NA
31,Central African Republic,CF,Bangui,CF71,Bangui,CF711,Arrondissement 6,CF7116,Linguissa II,CF711612,Linguissa II,NA,NA,1427760000000,1434326400000,NA
32,Central African Republic,CF,Bangui,CF71,Bangui,CF711,Arrondissement 6,CF7116,Mandja Otto,CF711613,Mandja Otto,NA,NA,1427760000000,1434326400000,NA
33,Central African Republic,CF,Bangui,CF71,Bangui,CF711,Arrondissement 6,CF7116,Kpéténé I,CF711605,Kpetene I,NA,NA,1427760000000,1434326400000,NA
34,Central African Republic,CF,Bangui,CF71,Bangui,CF711,Arrondissement 6,CF7116,Kpéténé III,CF711607,Kpetene III,NA,NA,1427760000000,1434326400000,NA
35,Central African Republic,CF,Bangui,CF71,Bangui,CF711,Arrondissement 6,CF7116,Kpéténé Saint Jacques,CF711609,Kpetene Saint Jacques,NA,NA,1427760000000,1434326400000,NA
36,Central African Republic,CF,Bangui,CF71,Bangui,CF711,Arrondissement 6,CF7116,Kpéténé II,CF711606,Kpetene II,NA,NA,1427760000000,1434326400000,NA
37,Central African Republic,CF,Bangui,CF71,Bangui,CF711,Arrondissement 6,CF7116,Zoubé,CF711621,Zoube,NA,NA,1427760000000,1434326400000,NA
38,Central African Republic,CF,Bangui,CF71,Bangui,CF711,Arrondissement 3,CF7113,Kokoro II,CF711321,Kokoro II,NA,NA,1427760000000,1434326400000,NA
39,Central African Republic,CF,Bangui,CF71,Bangui,CF711,Arrondissement 3,CF7113,Kokoro III,CF711304,Kokoro III,NA,NA,1427760000000,1434326400000,NA
40,Central African Republic,CF,Bangui,CF71,Bangui,CF711,Arrondissement 3,CF7113,Fatima II Magalé,CF711311,Fatima II Magale,NA,NA,1427760000000,1434326400000,NA
41,Central African Republic,CF,Bangui,CF71,Bangui,CF711,Arrondissement 3,CF7113,Kokoro I,CF711320,Kokoro I,NA,NA,1427760000000,1434326400000,NA
42,Central African Republic,CF,Bangui,CF71,Bangui,CF711,Arrondissement 3,CF7113,Kokoro IV,CF711322,Kokoro IV,NA,NA,1427760000000,1434326400000,NA
43,Central African Republic,CF,Bangui,CF71,Bangui,CF711,Arrondissement 3,CF7113,Gbaya-Ndombia II,CF711317,Gbaya-Ndombia II,NA,NA,1427760000000,1434326400000,NA
44,Central African Republic,CF,Bangui,CF71,Bangui,CF711,Arrondissement 3,CF7113,Gbaya-Ndombia II, ,Gbaya-Ndombia II,NA,NA,1427760000000,1434326400000,NA
45,Central African Republic,CF,Bangui,CF71,Bangui,CF711,Arrondissement 3,CF7113,Fatima,CF711310,Fatima,NA,NA,1427760000000,1434326400000,NA
46,Central African Republic,CF,Bangui,CF71,Bangui,CF711,Arrondissement 6,CF7116,Mokalp,CF711616,Mokalp,NA,NA,1427760000000,1434326400000,NA
47,Central African Republic,CF,Bangui,CF71,Bangui,CF711,Arrondissement 6,CF7116,92 Logements,CF711601,92 Logements,NA,NA,1427760000000,1434326400000,NA
48,Central African Republic,CF,Bangui,CF71,Bangui,CF711,Arrondissement 6,CF7116,Kpéténé V,CF711610,Kpetene V,NA,NA,1427760000000,1434326400000,NA
49,Central African Republic,CF,Bangui,CF71,Bangui,CF711,Arrondissement 6,CF7116,Kpéténé IV,CF711608,Kpetene IV,NA,NA,1427760000000,1434326400000,NA
50,Central African Republic,CF,Bangui,CF71,Bangui,CF711,Arrondissement 3,CF7113,Kangala,CF711319,Kangala,NA,NA,1427760000000,1434326400000,NA
51,Central African Republic,CF,Bangui,CF71,Bangui,CF711,Arrondissement 2,CF7112,Sica III,CF711220,Sica III,NA,NA,1427760000000,1434326400000,NA
52,Central African Republic,CF,Bangui,CF71,Bangui,CF711,Arrondissement 3,CF7113,Castors I,CF711307,Castors I,NA,NA,1427760000000,1434326400000,NA
53,Central African Republic,CF,Bangui,CF71,Bangui,CF711,Arrondissement 2,CF7112,Yapele IV,CF711225,Yapele IV,NA,NA,1427760000000,1434326400000,NA
54,Central African Republic,CF,Bangui,CF71,Bangui,CF711,Arrondissement 3,CF7113,Isongo,CF711318,Isongo,NA,NA,1427760000000,1434326400000,NA
55,Central African Republic,CF,Bangui,CF71,Bangui,CF711,Arrondissement 6,CF7116,Sapéké III,CF711620,Sapeke III,NA,NA,1427760000000,1434326400000,NA
56,Central African Republic,CF,Bangui,CF71,Bangui,CF711,Arrondissement 6,CF7116,Linguissa I,CF711611,Linguissa I,NA,NA,1427760000000,1434326400000,NA
57,Central African Republic,CF,Bangui,CF71,Bangui,CF711,Arrondissement 6,CF7116,Sapéké I,CF711619,Sapeke I,NA,NA,1427760000000,1434326400000,NA
58,Central African Republic,CF,Bangui,CF71,Bangui,CF711,Arrondissement 2,CF7112,Bruxelles,CF711205,Bruxelles,NA,NA,1427760000000,1434326400000,NA
59,Central African Republic,CF,Bangui,CF71,Bangui,CF711,Arrondissement 4,CF7114,Sangba,CF711427,Sangba,NA,NA,1427760000000,1434326400000,NA
60,Central African Republic,CF,Bangui,CF71,Bangui,CF711,Arrondissement 4,CF7114,Dédengué IV,CF711407,Dedengue IV,NA,NA,1427760000000,1434326400000,NA
61,Central African Republic,CF,Bangui,CF71,Bangui,CF711,Arrondissement 4,CF7114,Lipia IV,CF711421,Lipia IV,NA,NA,1427760000000,1434326400000,NA
62,Central African Republic,CF,Bangui,CF71,Bangui,CF711,Arrondissement 4,CF7114,Gombongo VII,CF711414,Gombongo VII,NA,NA,1427760000000,1434326400000,NA
63,Central African Republic,CF,Bangui,CF71,Bangui,CF711,Arrondissement 4,CF7114,Dédengué V,CF711408,Dedengue V,NA,NA,1427760000000,1434326400000,NA
64,Central African Republic,CF,Bangui,CF71,Bangui,CF711,Arrondissement 4,CF7114,Dédengué III,CF711406,Dedengue III,NA,NA,1427760000000,1434326400000,NA
65,Central African Republic,CF,Bangui,CF71,Bangui,CF711,Arrondissement 4,CF7114,Dédengué II,CF711405,Dedengue II,NA,NA,1427760000000,1434326400000,NA
66,Central African Republic,CF,Bangui,CF71,Bangui,CF711,Arrondissement 4,CF7114,Dédengué I,CF711404,Dedengue I,NA,NA,1427760000000,1434326400000,NA
67,Central African Republic,CF,Bangui,CF71,Bangui,CF711,Arrondissement 4,CF7114,Ouham I,CF711425,Ouham I,NA,NA,1427760000000,1434326400000,NA
68,Central African Republic,CF,Bangui,CF71,Bangui,CF711,Arrondissement 4,CF7114,Déguendé VI,CF711409,Deguende VI,NA,NA,1427760000000,1434326400000,NA
69,Central African Republic,CF,Bangui,CF71,Bangui,CF711,Arrondissement 4,CF7114,Lipia I,CF711420,Lipia I,NA,NA,1427760000000,1434326400000,NA
70,Central African Republic,CF,Bangui,CF71,Bangui,CF711,Arrondissement 5,CF7115,Banga I,CF711502,Banga I,NA,NA,1427760000000,1434326400000,NA
71,Central African Republic,CF,Bangui,CF71,Bangui,CF711,Arrondissement 5,CF7115,Banga II,CF711503,Banga II,NA,NA,1427760000000,1434326400000,NA
72,Central African Republic,CF,Bangui,CF71,Bangui,CF711,Arrondissement 1,CF7111,36 Villas,CF711104,36 Villas,NA,NA,1427760000000,1434326400000,NA
73,Central African Republic,CF,Bangui,CF71,Bangui,CF711,Arrondissement 8,CF7118,Ngongonon III,CF711810,Ngongonon III,NA,NA,1427760000000,1434326400000,NA
74,Central African Republic,CF,Bangui,CF71,Bangui,CF711,Arrondissement 8,CF7118,Ngongonon IV,CF711811,Ngongonon IV,NA,NA,1427760000000,1434326400000,NA
75,Central African Republic,CF,Bangui,CF71,Bangui,CF711,Arrondissement 8,CF7118,Lipia II,CF711806,Lipia II,NA,NA,1427760000000,1434326400000,NA
76,Central African Republic,CF,Bangui,CF71,Bangui,CF711,Arrondissement 4,CF7114,Gombongo IV,CF711411,Gombongo IV,NA,NA,1427760000000,1434326400000,NA
77,Central African Republic,CF,Bangui,CF71,Bangui,CF711,Arrondissement 8,CF7118,Ngongonon I,CF711808,Ngongonon I,NA,NA,1427760000000,1434326400000,NA
78,Central African Republic,CF,Bangui,CF71,Bangui,CF711,Arrondissement 5,CF7115,Ngouciment III,CF711523,Ngouciment III,NA,NA,1427760000000,1434326400000,NA
79,Central African Republic,CF,Bangui,CF71,Bangui,CF711,Arrondissement 8,CF7118,Ngongonon VI,CF711813,Ngongonon VI,NA,NA,1427760000000,1434326400000,NA
80,Central African Republic,CF,Bangui,CF71,Bangui,CF711,Arrondissement 4,CF7114,Ouham Pende,CF711426,Ouham Pende,NA,NA,1427760000000,1434326400000,NA
81,Central African Republic,CF,Bangui,CF71,Bangui,CF711,Arrondissement 4,CF7114,Lando I,CF711418,Lando I,NA,NA,1427760000000,1434326400000,NA
82,Central African Republic,CF,Bangui,CF71,Bangui,CF711,Arrondissement 1,CF7111,Cité Batignolle,CF711108,Cite Batignolle,NA,NA,1427760000000,1434326400000,NA
83,Central African Republic,CF,Bangui,CF71,Bangui,CF711,Arrondissement 4,CF7114,Votongbo I,CF711428,Votongbo I,NA,NA,1427760000000,1434326400000,NA
84,Central African Republic,CF,Bangui,CF71,Bangui,CF711,Arrondissement 5,CF7115,Ngouciment II,CF711522,Ngouciment II,NA,NA,1427760000000,1434326400000,NA
85,Central African Republic,CF,Bangui,CF71,Bangui,CF711,Arrondissement 4,CF7114,Nguito III,CF711423,Nguito III,NA,NA,1427760000000,1434326400000,NA
86,Central African Republic,CF,Bangui,CF71,Bangui,CF711,Arrondissement 4,CF7114,Kaimba,CF711417,Kaimba,NA,NA,1427760000000,1434326400000,NA
87,Central African Republic,CF,Bangui,CF71,Bangui,CF711,Arrondissement 4,CF7114,Nguitto,CF711424,Nguitto,NA,NA,1427760000000,1434326400000,NA
88,Central African Republic,CF,Bangui,CF71,Bangui,CF711,Arrondissement 5,CF7115,Ngouciment,CF711520,Ngouciment,NA,NA,1427760000000,1434326400000,NA
89,Central African Republic,CF,Bangui,CF71,Bangui,CF711,Arrondissement 5,CF7115,Benz-vi Centre,CF711509,Benz-vi Centre,NA,NA,1427760000000,1434326400000,NA
90,Central African Republic,CF,Bangui,CF71,Bangui,CF711,Arrondissement 5,CF7115,Ngouciment I,CF711521,Ngouciment I,NA,NA,1427760000000,1434326400000,NA
91,Central African Republic,CF,Bangui,CF71,Bangui,CF711,Arrondissement 5,CF7115,Basse Kotto,CF711506,Basse Kotto,NA,NA,1427760000000,1434326400000,NA
92,Central African Republic,CF,Bangui,CF71,Bangui,CF711,Arrondissement 5,CF7115,Mustapha,CF711519,Mustapha,NA,NA,1427760000000,1434326400000,NA
93,Central African Republic,CF,Bangui,CF71,Bangui,CF711,Arrondissement 5,CF7115,Ambassana,CF711501,Ambassana,NA,NA,1427760000000,1434326400000,NA
94,Central African Republic,CF,Bangui,CF71,Bangui,CF711,Arrondissement 5,CF7115,Walingba I,CF711527,Walingba I,NA,NA,1427760000000,1434326400000,NA
95,Central African Republic,CF,Bangui,CF71,Bangui,CF711,Arrondissement 5,CF7115,Malimaka,CF711518,Malimaka,NA,NA,1427760000000,1434326400000,NA
96,Central African Republic,CF,Bangui,CF71,Bangui,CF711,Arrondissement 5,CF7115,Kaya,CF711515,Kaya,NA,NA,1427760000000,1434326400000,NA
97,Central African Republic,CF,Bangui,CF71,Bangui,CF711,Arrondissement 5,CF7115,Bataillon I,CF711507,Bataillon I,NA,NA,1427760000000,1434326400000,NA
98,Central African Republic,CF,Bangui,CF71,Bangui,CF711,Arrondissement 2,CF7112,Sica II,CF711219,Sica II,NA,NA,1427760000000,1434326400000,NA
99,Central African Republic,CF,Bangui,CF71,Bangui,CF711,Arrondissement 5,CF7115,Benz-vi II,CF711511,Benz-vi II,NA,NA,1427760000000,1434326400000,NA
100,Central African Republic,CF,Bangui,CF71,Bangui,CF711,Arrondissement 5,CF7115,Benz-vi I,CF711510,Benz-vi I,NA,NA,1427760000000,1434326400000,NA
101,Central African Republic,CF,Bangui,CF71,Bangui,CF711,Arrondissement 1,CF7111,9 Villas,CF711105,9 Villas,NA,NA,1427760000000,1434326400000,NA
102,Central African Republic,CF,Bangui,CF71,Bangui,CF711,Arrondissement 1,CF7111,Cité Universitaire,CF711112,Cite Universitaire,NA,NA,1427760000000,1434326400000,NA
103,Central African Republic,CF,Bangui,CF71,Bangui,CF711,Arrondissement 1,CF7111,14 Villas,CF711101,14 Villas,NA,NA,1427760000000,1434326400000,NA
104,Central African Republic,CF,Bangui,CF71,Bangui,CF711,Arrondissement 3,CF7113,Camerounais Yde,CF711306,Camerounais Yde,NA,NA,1427760000000,1434326400000,NA
105,Central African Republic,CF,Bangui,CF71,Bangui,CF711,Arrondissement 5,CF7115,Bazanga,CF711508,Bazanga,NA,NA,1427760000000,1434326400000,NA
106,Central African Republic,CF,Bangui,CF71,Bangui,CF711,Arrondissement 5,CF7115,Sénégalais Baidi,CF711525,Senegalais Baidi,NA,NA,1427760000000,1434326400000,NA
107,Central African Republic,CF,Bangui,CF71,Bangui,CF711,Arrondissement 5,CF7115,Braza,CF711513,Braza,NA,NA,1427760000000,1434326400000,NA
108,Central African Republic,CF,Bangui,CF71,Bangui,CF711,Arrondissement 5,CF7115,Sara Blague,CF711524,Sara Blague,NA,NA,1427760000000,1434326400000,NA
109,Central African Republic,CF,Bangui,CF71,Bangui,CF711,Arrondissement 3,CF7113,Poto Poto Souma,CF711325,Poto Poto Souma,NA,NA,1427760000000,1434326400000,NA
110,Central African Republic,CF,Bangui,CF71,Bangui,CF711,Arrondissement 5,CF7115,Walingba II,CF711528,Walingba II,NA,NA,1427760000000,1434326400000,NA
111,Central African Republic,CF,Bangui,CF71,Bangui,CF711,Arrondissement 3,CF7113,Sarah-Dah,CF711329,Sarah-Dah,NA,NA,1427760000000,1434326400000,NA
112,Central African Republic,CF,Bangui,CF71,Bangui,CF711,Arrondissement 3,CF7113,Castors III,CF711309,Castors III,NA,NA,1427760000000,1434326400000,NA
113,Central African Republic,CF,Bangui,CF71,Bangui,CF711,Arrondissement 5,CF7115,Edville,CF711514,Edville,NA,NA,1427760000000,1434326400000,NA
114,Central African Republic,CF,Bangui,CF71,Bangui,CF711,Arrondissement 5,CF7115,Kolongo I,CF711516,Kolongo I,NA,NA,1427760000000,1434326400000,NA
115,Central African Republic,CF,Bangui,CF71,Bangui,CF711,Arrondissement 5,CF7115,Kolongo II,CF711517,Kolongo II,NA,NA,1427760000000,1434326400000,NA
116,Central African Republic,CF,Bangui,CF71,Bangui,CF711,Arrondissement 3,CF7113,Fondo (Kalongo III),CF711312,Fondo (Kalongo III),NA,NA,1427760000000,1434326400000,NA
117,Central African Republic,CF,Bangui,CF71,Bangui,CF711,Arrondissement 3,CF7113,Camerounais Nord,CF711305,Camerounais Nord,NA,NA,1427760000000,1434326400000,NA
118,Central African Republic,CF,Bangui,CF71,Bangui,CF711,Arrondissement 5,CF7115,Bangui Mpoko I,CF711504,Bangui Mpoko I,NA,NA,1427760000000,1434326400000,NA
119,Central African Republic,CF,Bangui,CF71,Bangui,CF711,Arrondissement 5,CF7115,Vara,CF711526,Vara,NA,NA,1427760000000,1434326400000,NA
120,Central African Republic,CF,Bangui,CF71,Bangui,CF711,Arrondissement 5,CF7115,Bondagbi,CF711512,Bondagbi,NA,NA,1427760000000,1434326400000,NA
121,Central African Republic,CF,Bangui,CF71,Bangui,CF711,Arrondissement 5,CF7115,Bangui Mpoko II,CF711505,Bangui Mpoko II,NA,NA,1427760000000,1434326400000,NA
122,Central African Republic,CF,Bangui,CF71,Bangui,CF711,Arrondissement 8,CF7118,Ngongonon II,CF711809,Ngongonon II,NA,NA,1427760000000,1434326400000,NA
123,Central African Republic,CF,Bangui,CF71,Bangui,CF711,Arrondissement 3,CF7113,Banga Sara II,CF711301,Banga Sara II,NA,NA,1427760000000,1434326400000,NA
124,Central African Republic,CF,Bangui,CF71,Bangui,CF711,Arrondissement 1,CF7111,200 Villas,CF711103,200 Villas,NA,NA,1427760000000,1434326400000,NA
125,Central African Republic,CF,Bangui,CF71,Bangui,CF711,Arrondissement 2,CF7112,Lakouanga V,CF711214,Lakouanga V,NA,NA,1427760000000,1434326400000,NA
126,Central African Republic,CF,Bangui,CF71,Bangui,CF711,Arrondissement 2,CF7112,Lakouanga II,CF711211,Lakouanga II,NA,NA,1427760000000,1434326400000,NA
127,Central African Republic,CF,Bangui,CF71,Bangui,CF711,Arrondissement 2,CF7112,Lakouanga IV,CF711213,Lakouanga IV,NA,NA,1427760000000,1434326400000,NA
128,Central African Republic,CF,Bangui,CF71,Bangui,CF711,Arrondissement 2,CF7112,Lakouanga II,CF711211,Lakouanga II,NA,NA,1427760000000,1434326400000,NA
129,Central African Republic,CF,Bangui,CF71,Bangui,CF711,Arrondissement 2,CF7112,Lakouanga Sénégalais,CF711212,Lakouanga Senegalais,NA,NA,1427760000000,1434326400000,NA
130,Central African Republic,CF,Bangui,CF71,Bangui,CF711,Arrondissement 2,CF7112,Bacongo,CF711201,Bacongo,NA,NA,1427760000000,1434326400000,NA
131,Central African Republic,CF,Bangui,CF71,Bangui,CF711,Arrondissement 3,CF7113,Castors II,CF711308,Castors II,NA,NA,1427760000000,1434326400000,NA
132,Central African Republic,CF,Bangui,CF71,Bangui,CF711,Arrondissement 2,CF7112,Bordeau II,CF711204,Bordeau II,NA,NA,1427760000000,1434326400000,NA
133,Central African Republic,CF,Bangui,CF71,Bangui,CF711,Arrondissement 2,CF7112,Sica Saidou,CF711221,Sica Saidou,NA,NA,1427760000000,1434326400000,NA
134,Central African Republic,CF,Bangui,CF71,Bangui,CF711,Arrondissement 2,CF7112,Batambo,CF711202,Batambo,NA,NA,1427760000000,1434326400000,NA
135,Central African Republic,CF,Bangui,CF71,Bangui,CF711,Arrondissement 2,CF7112,Bordeau I,CF711203,Bordeau I,NA,NA,1427760000000,1434326400000,NA
136,Central African Republic,CF,Bangui,CF71,Bangui,CF711,Arrondissement 2,CF7112,Lakouanga VI,CF711215,Lakouanga VI,NA,NA,1427760000000,1434326400000,NA
137,Central African Republic,CF,Bangui,CF71,Bangui,CF711,Arrondissement 2,CF7112,Yapele II,CF711223,Yapele II,NA,NA,1427760000000,1434326400000,NA
138,Central African Republic,CF,Bangui,CF71,Bangui,CF711,Arrondissement 2,CF7112,Zebe,CF711226,Zebe,NA,NA,1427760000000,1434326400000,NA
139,Central African Republic,CF,Bangui,CF71,Bangui,CF711,Arrondissement 2,CF7112,Kingoma,CF711208,Kingoma,NA,NA,1427760000000,1434326400000,NA
140,Central African Republic,CF,Bangui,CF71,Bangui,CF711,Arrondissement 2,CF7112,Paris Congo,CF711217,Paris Congo,NA,NA,1427760000000,1434326400000,NA
141,Central African Republic,CF,Bangui,CF71,Bangui,CF711,Arrondissement 2,CF7112,Sapéké II,CF711218,Sapeke II,NA,NA,1427760000000,1434326400000,NA
142,Central African Republic,CF,Bangui,CF71,Bangui,CF711,Arrondissement 2,CF7112,Yapele I,CF711222,Yapele I,NA,NA,1427760000000,1434326400000,NA
143,Central African Republic,CF,Bangui,CF71,Bangui,CF711,Arrondissement 1,CF7111,Cité Christophe,CF711109,Cite Christophe,NA,NA,1427760000000,1434326400000,NA
144,Central African Republic,CF,Bangui,CF71,Bangui,CF711,Arrondissement 1,CF7111,Sica I,CF711116,Sica I,NA,NA,1427760000000,1434326400000,NA
145,Central African Republic,CF,Bangui,CF71,Bangui,CF711,Arrondissement 1,CF7111,Cité La Tour,CF711111,Cite La Tour,NA,NA,1427760000000,1434326400000,NA
146,Central African Republic,CF,Bangui,CF71,Bangui,CF711,Arrondissement 2,CF7112,Kangba I,CF711207,Kangba I,NA,NA,1427760000000,1434326400000,NA
147,Central African Republic,CF,Bangui,CF71,Bangui,CF711,Arrondissement 1,CF7111,Sica-Assana,CF711115,Sica-Assana,NA,NA,1427760000000,1434326400000,NA
148,Central African Republic,CF,Bangui,CF71,Bangui,CF711,Arrondissement 1,CF7111,La Petite Coline,CF711114,La Petite Coline,NA,NA,1427760000000,1434326400000,NA
149,Central African Republic,CF,Bangui,CF71,Bangui,CF711,Arrondissement 1,CF7111,17 Villas,CF711102,17 Villas,NA,NA,1427760000000,1434326400000,NA
150,Central African Republic,CF,Bangui,CF71,Bangui,CF711,Arrondissement 1,CF7111,Cité Veret,CF711113,Cite Veret,NA,NA,1427760000000,1434326400000,NA
151,Central African Republic,CF,Bangui,CF71,Bangui,CF711,Arrondissement 1,CF7111,Cité des Evolués,CF711110,Cite des Evolues,NA,NA,1427760000000,1434326400000,NA
152,Central African Republic,CF,Bangui,CF71,Bangui,CF711,Arrondissement 2,CF7112,Lakouanga I,CF711210,Lakouanga I,NA,NA,1427760000000,1434326400000,NA
153,Central African Republic,CF,Bangui,CF71,Bangui,CF711,Arrondissement 3,CF7113,Yakité,CF711331,Yakite,NA,NA,1427760000000,1434326400000,NA
154,Central African Republic,CF,Bangui,CF71,Bangui,CF711,Arrondissement 3,CF7113,Yambassa,CF711333,Yambassa,NA,NA,1427760000000,1434326400000,NA
155,Central African Republic,CF,Bangui,CF71,Bangui,CF711,Arrondissement 3,CF7113,Gbaya-Ndombia I,CF711316,Gbaya-Ndombia I,NA,NA,1427760000000,1434326400000,NA
156,Central African Republic,CF,Bangui,CF71,Bangui,CF711,Arrondissement 3,CF7113,Sanga Bibalé,CF711327,Sanga Bibale,NA,NA,1427760000000,1434326400000,NA
157,Central African Republic,CF,Bangui,CF71,Bangui,CF711,Arrondissement 3,CF7113,Ramandji,CF711326,Ramandji,NA,NA,1427760000000,1434326400000,NA
158,Central African Republic,CF,Bangui,CF71,Bangui,CF711,Arrondissement 3,CF7113,Gbaya- Km5,CF711315,Gbaya- Km5,NA,NA,1427760000000,1434326400000,NA
159,Central African Republic,CF,Bangui,CF71,Bangui,CF711,Arrondissement 3,CF7113,Ouham-Guida,CF711324,Ouham-Guida,NA,NA,1427760000000,1434326400000,NA
160,Central African Republic,CF,Bangui,CF71,Bangui,CF711,Arrondissement 3,CF7113,Foulbé,CF711313,Foulbe,NA,NA,1427760000000,1434326400000,NA
161,Central African Republic,CF,Bangui,CF71,Bangui,CF711,Arrondissement 3,CF7113,Sénégalais,CF711330,Senegalais,NA,NA,1427760000000,1434326400000,NA
162,Central African Republic,CF,Bangui,CF71,Bangui,CF711,Arrondissement 3,CF7113,Camerounais DLA,CF711304,Camerounais DLA,NA,NA,1427760000000,1434326400000,NA
163,Central African Republic,CF,Bangui,CF71,Bangui,CF711,Arrondissement 3,CF7113,Sara-Kaba,CF711328,Sara-Kaba,NA,NA,1427760000000,1434326400000,NA
164,Central African Republic,CF,Bangui,CF71,Bangui,CF711,Arrondissement 3,CF7113,Bangasara I,CF711302,Bangasara I,NA,NA,1427760000000,1434326400000,NA
165,Central African Republic,CF,Bangui,CF71,Bangui,CF711,Arrondissement 3,CF7113,Yaloua,CF711332,Yaloua,NA,NA,1427760000000,1434326400000,NA
166,Central African Republic,CF,Bangui,CF71,Bangui,CF711,Arrondissement 7,CF7117, , , ,NA,NA,1427760000000,1434326400000,NA
167,Central African Republic,CF,Bangui,CF71,Bangui,CF711,Arrondissement 7,CF7117, , , ,NA,NA,1427760000000,1434326400000,NA
168,Central African Republic,CF,Bangui,CF71,Bangui,CF711,Arrondissement 7,CF7117, , , ,NA,NA,1427760000000,1434326400000,NA
169,Central African Republic,CF,Bangui,CF71,Bangui,CF711,Arrondissement 7,CF7117, , , ,NA,NA,1427760000000,1434326400000,NA
170,Central African Republic,CF,Bangui,CF71,Bangui,CF711,Arrondissement 7,CF7117,Gbangouma IV,CF711704,Gbangouma IV,NA,NA,1427760000000,1434326400000,NA
171,Central African Republic,CF,Bangui,CF71,Bangui,CF711,Arrondissement 7,CF7117,Saint Paul,CF711707,Saint Paul,NA,NA,1427760000000,1434326400000,NA
172,Central African Republic,CF,Bangui,CF71,Bangui,CF711,Arrondissement 7,CF7117,Gbangouma I,CF711703,Gbangouma I,NA,NA,1427760000000,1434326400000,NA
173,Central African Republic,CF,Bangui,CF71,Bangui,CF711,Arrondissement 7,CF7117,Ngougbe,CF711706,Ngougbe,NA,NA,1427760000000,1434326400000,NA
174,Central African Republic,CF,Bangui,CF71,Bangui,CF711,Arrondissement 7,CF7117, , , ,NA,NA,1427760000000,1434326400000,NA
175,Central African Republic,CF,Bangui,CF71,Bangui,CF711,Arrondissement 7,CF7117, , , ,NA,NA,1427760000000,1434326400000,NA
176,Central African Republic,CF,Bangui,CF71,Bangui,CF711,Arrondissement 7,CF7117, , , ,NA,NA,1427760000000,1434326400000,NA
177,Central African Republic,CF,Bangui,CF71,Bangui,CF711,Arrondissement 7,CF7117, , , ,NA,NA,1427760000000,1434326400000,NA
178,Central African Republic,CF,Bangui,CF71,Bangui,CF711,Arrondissement 2,CF7112,Yapele III,CF711224,Yapele III,NA,NA,1427760000000,1434326400000,NA
179,Central African Republic,CF,Bangui,CF71,Bangui,CF711,Arrondissement 8,CF7118,Galabadja Sinistrés,CF711805,Galabadja Sinistres,NA,NA,1427760000000,1434326400000,NA
180,Central African Republic,CF,Bangui,CF71,Bangui,CF711,Arrondissement 8,CF7118,Lipia III,CF711807,Lipia III,NA,NA,1427760000000,1434326400000,NA
181,Central African Republic,CF,Bangui,CF71,Bangui,CF711,Arrondissement 4,CF7114,Gombongo V,CF711412,Gombongo V,NA,NA,1427760000000,1434326400000,NA
182,Central African Republic,CF,Bangui,CF71,Bangui,CF711,Arrondissement 4,CF7114,Gombongo Wananga,CF711415,Gombongo Wananga,NA,NA,1427760000000,1434326400000,NA
183,Central African Republic,CF,Bangui,CF71,Bangui,CF711,Arrondissement 4,CF7114,Votongbo II,CF711429,Votongbo II,NA,NA,1427760000000,1434326400000,NA
184,Central African Republic,CF,Bangui,CF71,Bangui,CF711,Arrondissement 8,CF7118,Ngongonon V,CF711812,Ngongonon V,NA,NA,1427760000000,1434326400000,NA
185,Central African Republic,CF,Bangui,CF71,Bangui,CF711,Arrondissement 8,CF7118,Ngongonon VII,CF711814,Ngongonon VII,NA,NA,1427760000000,1434326400000,NA
186,Central African Republic,CF,Bangui,CF71,Bangui,CF711,Arrondissement 8,CF7118,Galabadja VI,CF711804,Galabadja VI,NA,NA,1427760000000,1434326400000,NA
187,Central African Republic,CF,Bangui,CF71,Bangui,CF711,Arrondissement 8,CF7118,Ngongonon IV,CF711802,Ngongonon IV,NA,NA,1427760000000,1434326400000,NA
188,Central African Republic,CF,Bangui,CF71,Bangui,CF711,Arrondissement 8,CF7118,Ngongonon II,CF711809,Ngongonon II,NA,NA,1427760000000,1434326400000,NA
189,Central African Republic,CF,Bangui,CF71,Bangui,CF711,Arrondissement 8,CF7118,Galabadja II,CF711802,Galabadja II,NA,NA,1427760000000,1434326400000,NA
190,Central African Republic,CF,Bangui,CF71,Bangui,CF711,Arrondissement 8,CF7118,Galabadja IV,CF711803,Galabadja IV,NA,NA,1427760000000,1434326400000,NA
191,Central African Republic,CF,Bangui,CF71,Bangui,CF711,Arrondissement 8,CF7118,Galabadja I,CF711801,Galabadja I,NA,NA,1427760000000,1434326400000,NA
192,Central African Republic,CF,Bangui,CF71,Bangui,CF711,Arrondissement 1,CF7111,Cité ASECNA,CF711107,Cite ASECNA,NA,NA,1427760000000,1434326400000,NA
193,Central African Republic,CF,Ombella M'Poko,CF11,Bimbo,CF111,Bimbo,CF1111,Balapa I, ,Balapa I,NA,NA,1427760000000,1434326400000,NA
194,Central African Republic,CF,Ombella M'Poko,CF11,Bimbo,CF111,Bimbo,CF1111,MPoko Bac, ,MPoko Bac,NA,NA,1427760000000,1434326400000,NA
195,Central African Republic,CF,Ombella M'Poko,CF11,Bimbo,CF111,Bimbo,CF1111,Pétévo, ,Petevo,NA,NA,1427760000000,1434326400000,NA
196,Central African Republic,CF,Ombella M'Poko,CF11,Bimbo,CF111,Bimbo,CF1111,Aéroport, ,Aeroport,NA,NA,1427760000000,1434326400000,NA
197,Central African Republic,CF,Ombella M'Poko,CF11,Bimbo,CF111,Bimbo,CF1111,Batalimo I, ,Batalimo I,NA,NA,1427760000000,1434326400000,NA
198,Central African Republic,CF,Ombella M'Poko,CF11,Bimbo,CF111,Bimbo,CF1111,Sabrola, ,Sabrola,NA,NA,1427760000000,1434326400000,NA
199,Central African Republic,CF,Ombella M'Poko,CF11,Bimbo,CF111,Bimbo,CF1111,PK12, ,PK12,NA,NA,1427760000000,1434326400000,NA
200,Central African Republic,CF,Ombella M'Poko,CF11,Bimbo,CF111,Bimbo,CF1111,Poto Poto I, ,Poto Poto I,NA,NA,1427760000000,1434326400000,NA
201,Central African Republic,CF,Ombella M'Poko,CF11,Bimbo,CF111,Bimbo,CF1111,Coline, ,Coline,NA,NA,1427760000000,1434326400000,NA
202,Central African Republic,CF,Ombella M'Poko,CF11,Bimbo,CF111,Bimbo,CF1111,Balapa II, ,Balapa II,NA,NA,1427760000000,1434326400000,NA
