OBJECTID,admin3Name_en,admin3Name_fr,admin3Pcode,admin3RefName,admin3AltName1_en,admin3AltName2_en,admin3AltName1_fr,admin3AltName2_fr,admin2Name_en,admin2Name_fr,admin2Pcode,admin1Name_en,admin1Name_fr,admin1Pcode,admin0Name_en,admin0Name_fr,admin0Pcode,date,validOn,validTo
1,NA,Abong-Mbang,CM003002001,NA,NA,NA,NA,NA,NA,Haut-Nyong,CM003002,East,Est,CM003,Cameroon,Cameroun (le),CM,1545004800000,1546560000000,NA
2,NA,Afanloum,CM002005001,NA,NA,NA,NA,NA,NA,Mefou-et-Afamba,CM002005,Centre,Centre,CM002,Cameroon,Cameroun (le),CM,1545004800000,1546560000000,NA
3,NA,Ako,CM007003001,NA,NA,NA,NA,NA,NA,Donga-Mantung,CM007003,North-West,Nord-Ouest,CM007,Cameroon,Cameroun (le),CM,1545004800000,1546560000000,NA
4,NA,Akoeman,CM002010001,NA,NA,NA,NA,NA,NA,Nyong-et-So'o,CM002010,Centre,Centre,CM002,Cameroon,Cameroun (le),CM,1545004800000,1546560000000,NA
5,NA,Akom 2,CM009003001,NA,NA,NA,NA,NA,NA,Océan,CM009003,South,Sud,CM009,Cameroon,Cameroun (le),CM,1545004800000,1546560000000,NA
6,NA,Akono,CM002006001,NA,NA,NA,NA,NA,NA,Mefou-et-Akono,CM002006,Centre,Centre,CM002,Cameroon,Cameroun (le),CM,1545004800000,1546560000000,NA
7,NA,Akonolinga,CM002009001,NA,NA,NA,NA,NA,NA,Nyong-et-Mfoumou,CM002009,Centre,Centre,CM002,Cameroon,Cameroun (le),CM,1545004800000,1546560000000,NA
8,NA,Akwaya,CM010004001,NA,NA,NA,NA,NA,NA,Manyu,CM010004,South-West,Sud-Ouest,CM010,Cameroon,Cameroun (le),CM,1545004800000,1546560000000,NA
9,NA,Alou,CM010003001,NA,NA,NA,NA,NA,NA,Lebialem,CM010003,South-West,Sud-Ouest,CM010,Cameroon,Cameroun (le),CM,1545004800000,1546560000000,NA
10,NA,Ambam,CM009004001,NA,NA,NA,NA,NA,NA,Vallée-du-Ntem,CM009004,South,Sud,CM009,Cameroon,Cameroun (le),CM,1545004800000,1546560000000,NA
11,NA,Assamba,CM002005002,NA,NA,NA,NA,NA,NA,Mefou-et-Afamba,CM002005,Centre,Centre,CM002,Cameroon,Cameroun (le),CM,1545004800000,1546560000000,NA
12,NA,Awae,CM002005003,NA,NA,NA,NA,NA,NA,Mefou-et-Afamba,CM002005,Centre,Centre,CM002,Cameroon,Cameroun (le),CM,1545004800000,1546560000000,NA
13,NA,Ayos,CM002009002,NA,NA,NA,NA,NA,NA,Nyong-et-Mfoumou,CM002009,Centre,Centre,CM002,Cameroon,Cameroun (le),CM,1545004800000,1546560000000,NA
14,NA,Babadjou,CM008001001,NA,NA,NA,NA,NA,NA,Bamboutos,CM008001,West,Ouest,CM008,Cameroon,Cameroun (le),CM,1545004800000,1546560000000,NA
15,NA,Babessi,CM007007001,NA,NA,NA,NA,NA,NA,Ngo-Ketunjia,CM007007,North-West,Nord-Ouest,CM007,Cameroon,Cameroun (le),CM,1545004800000,1546560000000,NA
16,NA,Bafang,CM008002001,NA,NA,NA,NA,NA,NA,Haut-Nkam,CM008002,West,Ouest,CM008,Cameroon,Cameroun (le),CM,1545004800000,1546560000000,NA
17,NA,Bafia,CM002003001,NA,NA,NA,NA,NA,NA,Mbam-et-Inoubou,CM002003,Centre,Centre,CM002,Cameroon,Cameroun (le),CM,1545004800000,1546560000000,NA
18,NA,Bafoussam 1er,CM008006001,NA,NA,NA,NA,NA,NA,Mifi,CM008006,West,Ouest,CM008,Cameroon,Cameroun (le),CM,1545004800000,1546560000000,NA
19,NA,Bafoussam 2e,CM008006002,NA,NA,NA,NA,NA,NA,Mifi,CM008006,West,Ouest,CM008,Cameroon,Cameroun (le),CM,1545004800000,1546560000000,NA
20,NA,Bafoussam 3e,CM008006003,NA,NA,NA,NA,NA,NA,Mifi,CM008006,West,Ouest,CM008,Cameroon,Cameroun (le),CM,1545004800000,1546560000000,NA
21,NA,Bafut,CM007005001,NA,NA,NA,NA,NA,NA,Mezam,CM007005,North-West,Nord-Ouest,CM007,Cameroon,Cameroun (le),CM,1545004800000,1546560000000,NA
22,NA,Baham,CM008003001,NA,NA,NA,NA,NA,NA,Hauts-Plateaux,CM008003,West,Ouest,CM008,Cameroon,Cameroun (le),CM,1545004800000,1546560000000,NA
23,NA,Bakou,CM008002002,NA,NA,NA,NA,NA,NA,Haut-Nkam,CM008002,West,Ouest,CM008,Cameroon,Cameroun (le),CM,1545004800000,1546560000000,NA
24,NA,Bali,CM007005002,NA,NA,NA,NA,NA,NA,Mezam,CM007005,North-West,Nord-Ouest,CM007,Cameroon,Cameroun (le),CM,1545004800000,1546560000000,NA
25,NA,Balikumbat,CM007007002,NA,NA,NA,NA,NA,NA,Ngo-Ketunjia,CM007007,North-West,Nord-Ouest,CM007,Cameroon,Cameroun (le),CM,1545004800000,1546560000000,NA
26,NA,Bamenda 1st,CM007005003,NA,NA,NA,NA,NA,NA,Mezam,CM007005,North-West,Nord-Ouest,CM007,Cameroon,Cameroun (le),CM,1545004800000,1546560000000,NA
27,NA,Bamenda 2nd,CM007005004,NA,NA,NA,NA,NA,NA,Mezam,CM007005,North-West,Nord-Ouest,CM007,Cameroon,Cameroun (le),CM,1545004800000,1546560000000,NA
28,NA,Bamenda 3rd,CM007005005,NA,NA,NA,NA,NA,NA,Mezam,CM007005,North-West,Nord-Ouest,CM007,Cameroon,Cameroun (le),CM,1545004800000,1546560000000,NA
29,NA,Bamendjou,CM008003002,NA,NA,NA,NA,NA,NA,Hauts-Plateaux,CM008003,West,Ouest,CM008,Cameroon,Cameroun (le),CM,1545004800000,1546560000000,NA
30,NA,Bamusso,CM010006001,NA,NA,NA,NA,NA,NA,Ndian,CM010006,South-West,Sud-Ouest,CM010,Cameroon,Cameroun (le),CM,1545004800000,1546560000000,NA
31,NA,Bana,CM008002003,NA,NA,NA,NA,NA,NA,Haut-Nkam,CM008002,West,Ouest,CM008,Cameroon,Cameroun (le),CM,1545004800000,1546560000000,NA
32,NA,Bandja,CM008002004,NA,NA,NA,NA,NA,NA,Haut-Nkam,CM008002,West,Ouest,CM008,Cameroon,Cameroun (le),CM,1545004800000,1546560000000,NA
33,NA,Bangangte,CM008007001,NA,NA,NA,NA,NA,NA,Ndé,CM008007,West,Ouest,CM008,Cameroon,Cameroun (le),CM,1545004800000,1546560000000,NA
34,NA,Bangem,CM010002001,NA,NA,NA,NA,NA,NA,Kupe-Manenguba,CM010002,South-West,Sud-Ouest,CM010,Cameroon,Cameroun (le),CM,1545004800000,1546560000000,NA
35,NA,Bangou,CM008003003,NA,NA,NA,NA,NA,NA,Hauts-Plateaux,CM008003,West,Ouest,CM008,Cameroon,Cameroun (le),CM,1545004800000,1546560000000,NA
36,NA,Bangourain,CM008008001,NA,NA,NA,NA,NA,NA,Noun,CM008008,West,Ouest,CM008,Cameroon,Cameroun (le),CM,1545004800000,1546560000000,NA
37,NA,Banka,CM008002005,NA,NA,NA,NA,NA,NA,Haut-Nkam,CM008002,West,Ouest,CM008,Cameroon,Cameroun (le),CM,1545004800000,1546560000000,NA
38,NA,Bankim,CM001003001,NA,NA,NA,NA,NA,NA,Mayo-Banyo,CM001003,Adamawa,Adamaoua,CM001,Cameroon,Cameroun (le),CM,1545004800000,1546560000000,NA
39,NA,Banwa,CM008002006,NA,NA,NA,NA,NA,NA,Haut-Nkam,CM008002,West,Ouest,CM008,Cameroon,Cameroun (le),CM,1545004800000,1546560000000,NA
40,NA,Banyo,CM001003002,NA,NA,NA,NA,NA,NA,Mayo-Banyo,CM001003,Adamawa,Adamaoua,CM001,Cameroon,Cameroun (le),CM,1545004800000,1546560000000,NA
41,NA,Bare-Bakem,CM005001001,NA,NA,NA,NA,NA,NA,Moungo,CM005001,Littoral,Littoral,CM005,Cameroon,Cameroun (le),CM,1545004800000,1546560000000,NA
42,NA,Bascheo,CM006001001,NA,NA,NA,NA,NA,NA,Bénoué,CM006001,North,Nord,CM006,Cameroon,Cameroun (le),CM,1545004800000,1546560000000,NA
43,NA,Bassamba,CM008007002,NA,NA,NA,NA,NA,NA,Ndé,CM008007,West,Ouest,CM008,Cameroon,Cameroun (le),CM,1545004800000,1546560000000,NA
44,NA,Batcham,CM008001002,NA,NA,NA,NA,NA,NA,Bamboutos,CM008001,West,Ouest,CM008,Cameroon,Cameroun (le),CM,1545004800000,1546560000000,NA
45,NA,Batchenga,CM002002001,NA,NA,NA,NA,NA,NA,Lekié,CM002002,Centre,Centre,CM002,Cameroon,Cameroun (le),CM,1545004800000,1546560000000,NA
46,NA,Batibo,CM007006001,NA,NA,NA,NA,NA,NA,Momo,CM007006,North-West,Nord-Ouest,CM007,Cameroon,Cameroun (le),CM,1545004800000,1546560000000,NA
47,NA,Batie,CM008003004,NA,NA,NA,NA,NA,NA,Hauts-Plateaux,CM008003,West,Ouest,CM008,Cameroon,Cameroun (le),CM,1545004800000,1546560000000,NA
48,NA,Batouri,CM003003001,NA,NA,NA,NA,NA,NA,Kadey,CM003003,East,Est,CM003,Cameroon,Cameroun (le),CM,1545004800000,1546560000000,NA
49,NA,Bayangam,CM008004001,NA,NA,NA,NA,NA,NA,Koung-Khi,CM008004,West,Ouest,CM008,Cameroon,Cameroun (le),CM,1545004800000,1546560000000,NA
50,NA,Bazou,CM008007003,NA,NA,NA,NA,NA,NA,Ndé,CM008007,West,Ouest,CM008,Cameroon,Cameroun (le),CM,1545004800000,1546560000000,NA
51,NA,Bebend,CM003002002,NA,NA,NA,NA,NA,NA,Haut-Nyong,CM003002,East,Est,CM003,Cameroon,Cameroun (le),CM,1545004800000,1546560000000,NA
52,NA,Beka,CM006002001,NA,NA,NA,NA,NA,NA,Faro,CM006002,North,Nord,CM006,Cameroon,Cameroun (le),CM,1545004800000,1546560000000,NA
53,NA,Belabo,CM003004001,NA,NA,NA,NA,NA,NA,Lom-et-Djérem,CM003004,East,Est,CM003,Cameroon,Cameroun (le),CM,1545004800000,1546560000000,NA
54,NA,Belel,CM001005001,NA,NA,NA,NA,NA,NA,Vina,CM001005,Adamawa,Adamaoua,CM001,Cameroon,Cameroun (le),CM,1545004800000,1546560000000,NA
55,NA,Belo,CM007001001,NA,NA,NA,NA,NA,NA,Boyo,CM007001,North-West,Nord-Ouest,CM007,Cameroon,Cameroun (le),CM,1545004800000,1546560000000,NA
56,NA,Bengbis,CM009001001,NA,NA,NA,NA,NA,NA,Dja-et-Lobo,CM009001,South,Sud,CM009,Cameroon,Cameroun (le),CM,1545004800000,1546560000000,NA
57,NA,Bertoua 1er,CM003004002,NA,NA,NA,NA,NA,NA,Lom-et-Djérem,CM003004,East,Est,CM003,Cameroon,Cameroun (le),CM,1545004800000,1546560000000,NA
58,NA,Bertoua 2e,CM003004003,NA,NA,NA,NA,NA,NA,Lom-et-Djérem,CM003004,East,Est,CM003,Cameroon,Cameroun (le),CM,1545004800000,1546560000000,NA
59,NA,Betare-Oya,CM003004004,NA,NA,NA,NA,NA,NA,Lom-et-Djérem,CM003004,East,Est,CM003,Cameroon,Cameroun (le),CM,1545004800000,1546560000000,NA
60,NA,Bibemi,CM006001002,NA,NA,NA,NA,NA,NA,Bénoué,CM006001,North,Nord,CM006,Cameroon,Cameroun (le),CM,1545004800000,1546560000000,NA
61,NA,Bibey,CM002001001,NA,NA,NA,NA,NA,NA,Haute-Sanaga,CM002001,Centre,Centre,CM002,Cameroon,Cameroun (le),CM,1545004800000,1546560000000,NA
62,NA,Bikok,CM002006002,NA,NA,NA,NA,NA,NA,Mefou-et-Akono,CM002006,Centre,Centre,CM002,Cameroon,Cameroun (le),CM,1545004800000,1546560000000,NA
63,NA,Bipindi,CM009003002,NA,NA,NA,NA,NA,NA,Océan,CM009003,South,Sud,CM009,Cameroon,Cameroun (le),CM,1545004800000,1546560000000,NA
64,NA,Biwong-Bane,CM009002001,NA,NA,NA,NA,NA,NA,Mvila,CM009002,South,Sud,CM009,Cameroon,Cameroun (le),CM,1545004800000,1546560000000,NA
65,NA,Biwong-Bulu,CM009002002,NA,NA,NA,NA,NA,NA,Mvila,CM009002,South,Sud,CM009,Cameroon,Cameroun (le),CM,1545004800000,1546560000000,NA
66,NA,Biyouha,CM002008001,NA,NA,NA,NA,NA,NA,Nyong-et-Kellé,CM002008,Centre,Centre,CM002,Cameroon,Cameroun (le),CM,1545004800000,1546560000000,NA
67,NA,Blangoua,CM004002001,NA,NA,NA,NA,NA,NA,Logone-et-Chari,CM004002,Far-North,Extrême-Nord,CM004,Cameroon,Cameroun (le),CM,1545004800000,1546560000000,NA
68,NA,Bogo,CM004001001,NA,NA,NA,NA,NA,NA,Diamaré,CM004001,Far-North,Extrême-Nord,CM004,Cameroon,Cameroun (le),CM,1545004800000,1546560000000,NA
69,NA,Bokito,CM002003002,NA,NA,NA,NA,NA,NA,Mbam-et-Inoubou,CM002003,Centre,Centre,CM002,Cameroon,Cameroun (le),CM,1545004800000,1546560000000,NA
70,NA,Bombe,CM003003002,NA,NA,NA,NA,NA,NA,Kadey,CM003003,East,Est,CM003,Cameroon,Cameroun (le),CM,1545004800000,1546560000000,NA
71,NA,Bondjock,CM002008002,NA,NA,NA,NA,NA,NA,Nyong-et-Kellé,CM002008,Centre,Centre,CM002,Cameroon,Cameroun (le),CM,1545004800000,1546560000000,NA
72,NA,Bot-Makak,CM002008003,NA,NA,NA,NA,NA,NA,Nyong-et-Kellé,CM002008,Centre,Centre,CM002,Cameroon,Cameroun (le),CM,1545004800000,1546560000000,NA
73,NA,Bourrha,CM004006001,NA,NA,NA,NA,NA,NA,Mayo-Tsanaga,CM004006,Far-North,Extrême-Nord,CM004,Cameroon,Cameroun (le),CM,1545004800000,1546560000000,NA
74,NA,Buea,CM010001001,NA,NA,NA,NA,NA,NA,Fako,CM010001,South-West,Sud-Ouest,CM010,Cameroon,Cameroun (le),CM,1545004800000,1546560000000,NA
75,NA,Bum,CM007001002,NA,NA,NA,NA,NA,NA,Boyo,CM007001,North-West,Nord-Ouest,CM007,Cameroon,Cameroun (le),CM,1545004800000,1546560000000,NA
76,NA,Campo,CM009003003,NA,NA,NA,NA,NA,NA,Océan,CM009003,South,Sud,CM009,Cameroon,Cameroun (le),CM,1545004800000,1546560000000,NA
77,NA,Darak,CM004002002,NA,NA,NA,NA,NA,NA,Logone-et-Chari,CM004002,Far-North,Extrême-Nord,CM004,Cameroon,Cameroun (le),CM,1545004800000,1546560000000,NA
78,NA,Dargala,CM004001002,NA,NA,NA,NA,NA,NA,Diamaré,CM004001,Far-North,Extrême-Nord,CM004,Cameroon,Cameroun (le),CM,1545004800000,1546560000000,NA
79,NA,Datcheka,CM004003001,NA,NA,NA,NA,NA,NA,Mayo-Danay,CM004003,Far-North,Extrême-Nord,CM004,Cameroon,Cameroun (le),CM,1545004800000,1546560000000,NA
80,NA,Dembo,CM006001003,NA,NA,NA,NA,NA,NA,Bénoué,CM006001,North,Nord,CM006,Cameroon,Cameroun (le),CM,1545004800000,1546560000000,NA
81,NA,Demsa,CM006001004,NA,NA,NA,NA,NA,NA,Bénoué,CM006001,North,Nord,CM006,Cameroon,Cameroun (le),CM,1545004800000,1546560000000,NA
82,NA,Deuk,CM002003003,NA,NA,NA,NA,NA,NA,Mbam-et-Inoubou,CM002003,Centre,Centre,CM002,Cameroon,Cameroun (le),CM,1545004800000,1546560000000,NA
83,NA,Diang,CM003004005,NA,NA,NA,NA,NA,NA,Lom-et-Djérem,CM003004,East,Est,CM003,Cameroon,Cameroun (le),CM,1545004800000,1546560000000,NA
84,NA,Dibamba,CM005003001,NA,NA,NA,NA,NA,NA,Sanaga-Maritime,CM005003,Littoral,Littoral,CM005,Cameroon,Cameroun (le),CM,1545004800000,1546560000000,NA
85,NA,Dibang,CM002008004,NA,NA,NA,NA,NA,NA,Nyong-et-Kellé,CM002008,Centre,Centre,CM002,Cameroon,Cameroun (le),CM,1545004800000,1546560000000,NA
86,NA,Dibombari,CM005001002,NA,NA,NA,NA,NA,NA,Moungo,CM005001,Littoral,Littoral,CM005,Cameroon,Cameroun (le),CM,1545004800000,1546560000000,NA
87,NA,Dikome Balue,CM010006002,NA,NA,NA,NA,NA,NA,Ndian,CM010006,South-West,Sud-Ouest,CM010,Cameroon,Cameroun (le),CM,1545004800000,1546560000000,NA
88,NA,Dimako,CM003002003,NA,NA,NA,NA,NA,NA,Haut-Nyong,CM003002,East,Est,CM003,Cameroon,Cameroun (le),CM,1545004800000,1546560000000,NA
89,NA,Dir,CM001004001,NA,NA,NA,NA,NA,NA,Mbéré,CM001004,Adamawa,Adamaoua,CM001,Cameroon,Cameroun (le),CM,1545004800000,1546560000000,NA
90,NA,Dizangue,CM005003002,NA,NA,NA,NA,NA,NA,Sanaga-Maritime,CM005003,Littoral,Littoral,CM005,Cameroon,Cameroun (le),CM,1545004800000,1546560000000,NA
91,NA,Dja,CM003002004,NA,NA,NA,NA,NA,NA,Haut-Nyong,CM003002,East,Est,CM003,Cameroon,Cameroun (le),CM,1545004800000,1546560000000,NA
92,NA,Djebem,CM008004002,NA,NA,NA,NA,NA,NA,Koung-Khi,CM008004,West,Ouest,CM008,Cameroon,Cameroun (le),CM,1545004800000,1546560000000,NA
93,NA,Djohong,CM001004002,NA,NA,NA,NA,NA,NA,Mbéré,CM001004,Adamawa,Adamaoua,CM001,Cameroon,Cameroun (le),CM,1545004800000,1546560000000,NA
94,NA,Djoum,CM009001002,NA,NA,NA,NA,NA,NA,Dja-et-Lobo,CM009001,South,Sud,CM009,Cameroon,Cameroun (le),CM,1545004800000,1546560000000,NA
95,NA,Douala 1er,CM005004001,NA,NA,NA,NA,NA,NA,Wouri,CM005004,Littoral,Littoral,CM005,Cameroon,Cameroun (le),CM,1545004800000,1546560000000,NA
96,NA,Douala 2e,CM005004002,NA,NA,NA,NA,NA,NA,Wouri,CM005004,Littoral,Littoral,CM005,Cameroon,Cameroun (le),CM,1545004800000,1546560000000,NA
97,NA,Douala 3e,CM005004003,NA,NA,NA,NA,NA,NA,Wouri,CM005004,Littoral,Littoral,CM005,Cameroon,Cameroun (le),CM,1545004800000,1546560000000,NA
98,NA,Douala 4e,CM005004004,NA,NA,NA,NA,NA,NA,Wouri,CM005004,Littoral,Littoral,CM005,Cameroon,Cameroun (le),CM,1545004800000,1546560000000,NA
99,NA,Douala 5e,CM005004005,NA,NA,NA,NA,NA,NA,Wouri,CM005004,Littoral,Littoral,CM005,Cameroon,Cameroun (le),CM,1545004800000,1546560000000,NA
100,NA,Douala 6e,CM005004006,NA,NA,NA,NA,NA,NA,Wouri,CM005004,Littoral,Littoral,CM005,Cameroon,Cameroun (le),CM,1545004800000,1546560000000,NA
101,NA,Doumaintang,CM003002005,NA,NA,NA,NA,NA,NA,Haut-Nyong,CM003002,East,Est,CM003,Cameroon,Cameroun (le),CM,1545004800000,1546560000000,NA
102,NA,Doume,CM003002006,NA,NA,NA,NA,NA,NA,Haut-Nyong,CM003002,East,Est,CM003,Cameroon,Cameroun (le),CM,1545004800000,1546560000000,NA
103,NA,Dschang,CM008005001,NA,NA,NA,NA,NA,NA,Menoua,CM008005,West,Ouest,CM008,Cameroon,Cameroun (le),CM,1545004800000,1546560000000,NA
104,NA,Dzeng,CM002010002,NA,NA,NA,NA,NA,NA,Nyong-et-So'o,CM002010,Centre,Centre,CM002,Cameroon,Cameroun (le),CM,1545004800000,1546560000000,NA
105,NA,Ebebda,CM002002002,NA,NA,NA,NA,NA,NA,Lekié,CM002002,Centre,Centre,CM002,Cameroon,Cameroun (le),CM,1545004800000,1546560000000,NA
106,NA,Ebolowa 1er,CM009002003,NA,NA,NA,NA,NA,NA,Mvila,CM009002,South,Sud,CM009,Cameroon,Cameroun (le),CM,1545004800000,1546560000000,NA
107,NA,Ebolowa 2e,CM009002004,NA,NA,NA,NA,NA,NA,Mvila,CM009002,South,Sud,CM009,Cameroon,Cameroun (le),CM,1545004800000,1546560000000,NA
108,NA,Edea 1er,CM005003003,NA,NA,NA,NA,NA,NA,Sanaga-Maritime,CM005003,Littoral,Littoral,CM005,Cameroon,Cameroun (le),CM,1545004800000,1546560000000,NA
109,NA,Edea 2e,CM005003004,NA,NA,NA,NA,NA,NA,Sanaga-Maritime,CM005003,Littoral,Littoral,CM005,Cameroon,Cameroun (le),CM,1545004800000,1546560000000,NA
110,NA,Edzendouan,CM002005004,NA,NA,NA,NA,NA,NA,Mefou-et-Afamba,CM002005,Centre,Centre,CM002,Cameroon,Cameroun (le),CM,1545004800000,1546560000000,NA
111,NA,Efoulan,CM009002005,NA,NA,NA,NA,NA,NA,Mvila,CM009002,South,Sud,CM009,Cameroon,Cameroun (le),CM,1545004800000,1546560000000,NA
112,NA,Ekondo Titi,CM010006003,NA,NA,NA,NA,NA,NA,Ndian,CM010006,South-West,Sud-Ouest,CM010,Cameroon,Cameroun (le),CM,1545004800000,1546560000000,NA
113,NA,Elig-Mfomo,CM002002003,NA,NA,NA,NA,NA,NA,Lekié,CM002002,Centre,Centre,CM002,Cameroon,Cameroun (le),CM,1545004800000,1546560000000,NA
114,NA,Endom,CM002009003,NA,NA,NA,NA,NA,NA,Nyong-et-Mfoumou,CM002009,Centre,Centre,CM002,Cameroon,Cameroun (le),CM,1545004800000,1546560000000,NA
115,NA,Eseka,CM002008005,NA,NA,NA,NA,NA,NA,Nyong-et-Kellé,CM002008,Centre,Centre,CM002,Cameroon,Cameroun (le),CM,1545004800000,1546560000000,NA
116,NA,Esse,CM002005005,NA,NA,NA,NA,NA,NA,Mefou-et-Afamba,CM002005,Centre,Centre,CM002,Cameroon,Cameroun (le),CM,1545004800000,1546560000000,NA
117,NA,Evodoula,CM002002004,NA,NA,NA,NA,NA,NA,Lekié,CM002002,Centre,Centre,CM002,Cameroon,Cameroun (le),CM,1545004800000,1546560000000,NA
118,NA,Eyumodjock,CM010004002,NA,NA,NA,NA,NA,NA,Manyu,CM010004,South-West,Sud-Ouest,CM010,Cameroon,Cameroun (le),CM,1545004800000,1546560000000,NA
119,NA,Figuil,CM006003001,NA,NA,NA,NA,NA,NA,Mayo-Louti,CM006003,North,Nord,CM006,Cameroon,Cameroun (le),CM,1545004800000,1546560000000,NA
120,NA,Fiko,CM005001003,NA,NA,NA,NA,NA,NA,Moungo,CM005001,Littoral,Littoral,CM005,Cameroon,Cameroun (le),CM,1545004800000,1546560000000,NA
121,NA,Fokoue,CM008005002,NA,NA,NA,NA,NA,NA,Menoua,CM008005,West,Ouest,CM008,Cameroon,Cameroun (le),CM,1545004800000,1546560000000,NA
122,NA,Fongo-Tongo,CM008005003,NA,NA,NA,NA,NA,NA,Menoua,CM008005,West,Ouest,CM008,Cameroon,Cameroun (le),CM,1545004800000,1546560000000,NA
123,NA,Fontem,CM010003002,NA,NA,NA,NA,NA,NA,Lebialem,CM010003,South-West,Sud-Ouest,CM010,Cameroon,Cameroun (le),CM,1545004800000,1546560000000,NA
124,NA,Fotokol,CM004002003,NA,NA,NA,NA,NA,NA,Logone-et-Chari,CM004002,Far-North,Extrême-Nord,CM004,Cameroon,Cameroun (le),CM,1545004800000,1546560000000,NA
125,NA,Foumban,CM008008002,NA,NA,NA,NA,NA,NA,Noun,CM008008,West,Ouest,CM008,Cameroon,Cameroun (le),CM,1545004800000,1546560000000,NA
126,NA,Foumbot,CM008008003,NA,NA,NA,NA,NA,NA,Noun,CM008008,West,Ouest,CM008,Cameroon,Cameroun (le),CM,1545004800000,1546560000000,NA
127,NA,Fundong,CM007001003,NA,NA,NA,NA,NA,NA,Boyo,CM007001,North-West,Nord-Ouest,CM007,Cameroon,Cameroun (le),CM,1545004800000,1546560000000,NA
128,NA,Fungom,CM007004001,NA,NA,NA,NA,NA,NA,Menchum,CM007004,North-West,Nord-Ouest,CM007,Cameroon,Cameroun (le),CM,1545004800000,1546560000000,NA
129,NA,Furu-Awa,CM007004002,NA,NA,NA,NA,NA,NA,Menchum,CM007004,North-West,Nord-Ouest,CM007,Cameroon,Cameroun (le),CM,1545004800000,1546560000000,NA
130,NA,Galim,CM008001003,NA,NA,NA,NA,NA,NA,Bamboutos,CM008001,West,Ouest,CM008,Cameroon,Cameroun (le),CM,1545004800000,1546560000000,NA
131,NA,Galim-Tignere,CM001002001,NA,NA,NA,NA,NA,NA,Faro-et-Déo,CM001002,Adamawa,Adamaoua,CM001,Cameroon,Cameroun (le),CM,1545004800000,1546560000000,NA
132,NA,Gari Gombo,CM003001001,NA,NA,NA,NA,NA,NA,Boumba-et-Ngoko,CM003001,East,Est,CM003,Cameroon,Cameroun (le),CM,1545004800000,1546560000000,NA
133,NA,Garoua-Boulai,CM003004006,NA,NA,NA,NA,NA,NA,Lom-et-Djérem,CM003004,East,Est,CM003,Cameroon,Cameroun (le),CM,1545004800000,1546560000000,NA
134,NA,Garoua 1er,CM006001005,NA,NA,NA,NA,NA,NA,Bénoué,CM006001,North,Nord,CM006,Cameroon,Cameroun (le),CM,1545004800000,1546560000000,NA
135,NA,Garoua 2e,CM006001006,NA,NA,NA,NA,NA,NA,Bénoué,CM006001,North,Nord,CM006,Cameroon,Cameroun (le),CM,1545004800000,1546560000000,NA
136,NA,Garoua 3e,CM006001007,NA,NA,NA,NA,NA,NA,Bénoué,CM006001,North,Nord,CM006,Cameroon,Cameroun (le),CM,1545004800000,1546560000000,NA
137,NA,Gazawa,CM004001003,NA,NA,NA,NA,NA,NA,Diamaré,CM004001,Far-North,Extrême-Nord,CM004,Cameroon,Cameroun (le),CM,1545004800000,1546560000000,NA
138,NA,Gobo,CM004003002,NA,NA,NA,NA,NA,NA,Mayo-Danay,CM004003,Far-North,Extrême-Nord,CM004,Cameroon,Cameroun (le),CM,1545004800000,1546560000000,NA
139,NA,Goulfey,CM004002004,NA,NA,NA,NA,NA,NA,Logone-et-Chari,CM004002,Far-North,Extrême-Nord,CM004,Cameroon,Cameroun (le),CM,1545004800000,1546560000000,NA
140,NA,Guere,CM004003003,NA,NA,NA,NA,NA,NA,Mayo-Danay,CM004003,Far-North,Extrême-Nord,CM004,Cameroon,Cameroun (le),CM,1545004800000,1546560000000,NA
141,NA,Guider,CM006003002,NA,NA,NA,NA,NA,NA,Mayo-Louti,CM006003,North,Nord,CM006,Cameroon,Cameroun (le),CM,1545004800000,1546560000000,NA
142,NA,Guidiguis,CM004004001,NA,NA,NA,NA,NA,NA,Mayo-Kani,CM004004,Far-North,Extrême-Nord,CM004,Cameroon,Cameroun (le),CM,1545004800000,1546560000000,NA
143,NA,Hile-Alifa,CM004002005,NA,NA,NA,NA,NA,NA,Logone-et-Chari,CM004002,Far-North,Extrême-Nord,CM004,Cameroon,Cameroun (le),CM,1545004800000,1546560000000,NA
144,NA,Hina,CM004006002,NA,NA,NA,NA,NA,NA,Mayo-Tsanaga,CM004006,Far-North,Extrême-Nord,CM004,Cameroon,Cameroun (le),CM,1545004800000,1546560000000,NA
145,NA,Idabato,CM010006004,NA,NA,NA,NA,NA,NA,Ndian,CM010006,South-West,Sud-Ouest,CM010,Cameroon,Cameroun (le),CM,1545004800000,1546560000000,NA
146,NA,Isangele,CM010006005,NA,NA,NA,NA,NA,NA,Ndian,CM010006,South-West,Sud-Ouest,CM010,Cameroon,Cameroun (le),CM,1545004800000,1546560000000,NA
147,NA,Jakiri,CM007002001,NA,NA,NA,NA,NA,NA,Bui,CM007002,North-West,Nord-Ouest,CM007,Cameroon,Cameroun (le),CM,1545004800000,1546560000000,NA
148,NA,Kaele,CM004004002,NA,NA,NA,NA,NA,NA,Mayo-Kani,CM004004,Far-North,Extrême-Nord,CM004,Cameroon,Cameroun (le),CM,1545004800000,1546560000000,NA
149,NA,Kai-Kai,CM004003004,NA,NA,NA,NA,NA,NA,Mayo-Danay,CM004003,Far-North,Extrême-Nord,CM004,Cameroon,Cameroun (le),CM,1545004800000,1546560000000,NA
150,NA,Kalfou,CM004003005,NA,NA,NA,NA,NA,NA,Mayo-Danay,CM004003,Far-North,Extrême-Nord,CM004,Cameroon,Cameroun (le),CM,1545004800000,1546560000000,NA
151,NA,Kar-Hay,CM004003006,NA,NA,NA,NA,NA,NA,Mayo-Danay,CM004003,Far-North,Extrême-Nord,CM004,Cameroon,Cameroun (le),CM,1545004800000,1546560000000,NA
152,NA,Kekem,CM008002007,NA,NA,NA,NA,NA,NA,Haut-Nkam,CM008002,West,Ouest,CM008,Cameroon,Cameroun (le),CM,1545004800000,1546560000000,NA
153,NA,Kette,CM003003003,NA,NA,NA,NA,NA,NA,Kadey,CM003003,East,Est,CM003,Cameroon,Cameroun (le),CM,1545004800000,1546560000000,NA
154,NA,Kiiki,CM002003004,NA,NA,NA,NA,NA,NA,Mbam-et-Inoubou,CM002003,Centre,Centre,CM002,Cameroon,Cameroun (le),CM,1545004800000,1546560000000,NA
155,NA,Kolofata,CM004005001,NA,NA,NA,NA,NA,NA,Mayo-Sava,CM004005,Far-North,Extrême-Nord,CM004,Cameroon,Cameroun (le),CM,1545004800000,1546560000000,NA
156,NA,Kombo Abedimo,CM010006006,NA,NA,NA,NA,NA,NA,Ndian,CM010006,South-West,Sud-Ouest,CM010,Cameroon,Cameroun (le),CM,1545004800000,1546560000000,NA
157,NA,Kombo Itindi,CM010006007,NA,NA,NA,NA,NA,NA,Ndian,CM010006,South-West,Sud-Ouest,CM010,Cameroon,Cameroun (le),CM,1545004800000,1546560000000,NA
158,NA,Kon Yambetta,CM002003005,NA,NA,NA,NA,NA,NA,Mbam-et-Inoubou,CM002003,Centre,Centre,CM002,Cameroon,Cameroun (le),CM,1545004800000,1546560000000,NA
159,NA,Kontcha,CM001002002,NA,NA,NA,NA,NA,NA,Faro-et-Déo,CM001002,Adamawa,Adamaoua,CM001,Cameroon,Cameroun (le),CM,1545004800000,1546560000000,NA
160,NA,Konye,CM010005001,NA,NA,NA,NA,NA,NA,Meme,CM010005,South-West,Sud-Ouest,CM010,Cameroon,Cameroun (le),CM,1545004800000,1546560000000,NA
161,NA,Kouoptamo,CM008008004,NA,NA,NA,NA,NA,NA,Noun,CM008008,West,Ouest,CM008,Cameroon,Cameroun (le),CM,1545004800000,1546560000000,NA
162,NA,Kousseri,CM004002006,NA,NA,NA,NA,NA,NA,Logone-et-Chari,CM004002,Far-North,Extrême-Nord,CM004,Cameroon,Cameroun (le),CM,1545004800000,1546560000000,NA
163,NA,Koutaba,CM008008005,NA,NA,NA,NA,NA,NA,Noun,CM008008,West,Ouest,CM008,Cameroon,Cameroun (le),CM,1545004800000,1546560000000,NA
164,NA,Koza,CM004006003,NA,NA,NA,NA,NA,NA,Mayo-Tsanaga,CM004006,Far-North,Extrême-Nord,CM004,Cameroon,Cameroun (le),CM,1545004800000,1546560000000,NA
165,NA,Kribi 1er,CM009003004,NA,NA,NA,NA,NA,NA,Océan,CM009003,South,Sud,CM009,Cameroon,Cameroun (le),CM,1545004800000,1546560000000,NA
166,NA,Kribi 2e,CM009003005,NA,NA,NA,NA,NA,NA,Océan,CM009003,South,Sud,CM009,Cameroon,Cameroun (le),CM,1545004800000,1546560000000,NA
167,NA,Kumba 1st,CM010005002,NA,NA,NA,NA,NA,NA,Meme,CM010005,South-West,Sud-Ouest,CM010,Cameroon,Cameroun (le),CM,1545004800000,1546560000000,NA
168,NA,Kumba 2nd,CM010005003,NA,NA,NA,NA,NA,NA,Meme,CM010005,South-West,Sud-Ouest,CM010,Cameroon,Cameroun (le),CM,1545004800000,1546560000000,NA
169,NA,Kumba 3rd,CM010005004,NA,NA,NA,NA,NA,NA,Meme,CM010005,South-West,Sud-Ouest,CM010,Cameroon,Cameroun (le),CM,1545004800000,1546560000000,NA
170,NA,Kumbo,CM007002002,NA,NA,NA,NA,NA,NA,Bui,CM007002,North-West,Nord-Ouest,CM007,Cameroon,Cameroun (le),CM,1545004800000,1546560000000,NA
171,NA,Kye-Ossi,CM009004002,NA,NA,NA,NA,NA,NA,Vallée-du-Ntem,CM009004,South,Sud,CM009,Cameroon,Cameroun (le),CM,1545004800000,1546560000000,NA
172,NA,Lagdo,CM006001008,NA,NA,NA,NA,NA,NA,Bénoué,CM006001,North,Nord,CM006,Cameroon,Cameroun (le),CM,1545004800000,1546560000000,NA
173,NA,Lembe Yezoum,CM002001002,NA,NA,NA,NA,NA,NA,Haute-Sanaga,CM002001,Centre,Centre,CM002,Cameroon,Cameroun (le),CM,1545004800000,1546560000000,NA
174,NA,Limbe 1st,CM010001002,NA,NA,NA,NA,NA,NA,Fako,CM010001,South-West,Sud-Ouest,CM010,Cameroon,Cameroun (le),CM,1545004800000,1546560000000,NA
175,NA,Limbe 2nd,CM010001003,NA,NA,NA,NA,NA,NA,Fako,CM010001,South-West,Sud-Ouest,CM010,Cameroon,Cameroun (le),CM,1545004800000,1546560000000,NA
176,NA,Limbe 3rd,CM010001004,NA,NA,NA,NA,NA,NA,Fako,CM010001,South-West,Sud-Ouest,CM010,Cameroon,Cameroun (le),CM,1545004800000,1546560000000,NA
177,NA,Lobo,CM002002005,NA,NA,NA,NA,NA,NA,Lekié,CM002002,Centre,Centre,CM002,Cameroon,Cameroun (le),CM,1545004800000,1546560000000,NA
178,NA,Logone-Birni,CM004002007,NA,NA,NA,NA,NA,NA,Logone-et-Chari,CM004002,Far-North,Extrême-Nord,CM004,Cameroon,Cameroun (le),CM,1545004800000,1546560000000,NA
179,NA,Lokoundje,CM009003006,NA,NA,NA,NA,NA,NA,Océan,CM009003,South,Sud,CM009,Cameroon,Cameroun (le),CM,1545004800000,1546560000000,NA
180,NA,Lolodorf,CM009003007,NA,NA,NA,NA,NA,NA,Océan,CM009003,South,Sud,CM009,Cameroon,Cameroun (le),CM,1545004800000,1546560000000,NA
181,NA,Lomie,CM003002007,NA,NA,NA,NA,NA,NA,Haut-Nyong,CM003002,East,Est,CM003,Cameroon,Cameroun (le),CM,1545004800000,1546560000000,NA
182,NA,Loum,CM005001004,NA,NA,NA,NA,NA,NA,Moungo,CM005001,Littoral,Littoral,CM005,Cameroon,Cameroun (le),CM,1545004800000,1546560000000,NA
183,NA,Maan,CM009004003,NA,NA,NA,NA,NA,NA,Vallée-du-Ntem,CM009004,South,Sud,CM009,Cameroon,Cameroun (le),CM,1545004800000,1546560000000,NA
184,NA,Madingring,CM006004001,NA,NA,NA,NA,NA,NA,Mayo-Rey,CM006004,North,Nord,CM006,Cameroon,Cameroun (le),CM,1545004800000,1546560000000,NA
185,NA,Maga,CM004003007,NA,NA,NA,NA,NA,NA,Mayo-Danay,CM004003,Far-North,Extrême-Nord,CM004,Cameroon,Cameroun (le),CM,1545004800000,1546560000000,NA
186,NA,Magba,CM008008006,NA,NA,NA,NA,NA,NA,Noun,CM008008,West,Ouest,CM008,Cameroon,Cameroun (le),CM,1545004800000,1546560000000,NA
187,NA,Makak,CM002008006,NA,NA,NA,NA,NA,NA,Nyong-et-Kellé,CM002008,Centre,Centre,CM002,Cameroon,Cameroun (le),CM,1545004800000,1546560000000,NA
188,NA,Makary,CM004002008,NA,NA,NA,NA,NA,NA,Logone-et-Chari,CM004002,Far-North,Extrême-Nord,CM004,Cameroon,Cameroun (le),CM,1545004800000,1546560000000,NA
189,NA,Makenene,CM002003006,NA,NA,NA,NA,NA,NA,Mbam-et-Inoubou,CM002003,Centre,Centre,CM002,Cameroon,Cameroun (le),CM,1545004800000,1546560000000,NA
190,NA,Malantouen,CM008008007,NA,NA,NA,NA,NA,NA,Noun,CM008008,West,Ouest,CM008,Cameroon,Cameroun (le),CM,1545004800000,1546560000000,NA
191,NA,Mamfe,CM010004003,NA,NA,NA,NA,NA,NA,Manyu,CM010004,South-West,Sud-Ouest,CM010,Cameroon,Cameroun (le),CM,1545004800000,1546560000000,NA
192,NA,Mandjou,CM003004007,NA,NA,NA,NA,NA,NA,Lom-et-Djérem,CM003004,East,Est,CM003,Cameroon,Cameroun (le),CM,1545004800000,1546560000000,NA
193,NA,Manjo,CM005001005,NA,NA,NA,NA,NA,NA,Moungo,CM005001,Littoral,Littoral,CM005,Cameroon,Cameroun (le),CM,1545004800000,1546560000000,NA
194,NA,Maroua 1er,CM004001004,NA,NA,NA,NA,NA,NA,Diamaré,CM004001,Far-North,Extrême-Nord,CM004,Cameroon,Cameroun (le),CM,1545004800000,1546560000000,NA
195,NA,Maroua 2e,CM004001005,NA,NA,NA,NA,NA,NA,Diamaré,CM004001,Far-North,Extrême-Nord,CM004,Cameroon,Cameroun (le),CM,1545004800000,1546560000000,NA
196,NA,Maroua 3e,CM004001006,NA,NA,NA,NA,NA,NA,Diamaré,CM004001,Far-North,Extrême-Nord,CM004,Cameroon,Cameroun (le),CM,1545004800000,1546560000000,NA
197,NA,Martap,CM001005002,NA,NA,NA,NA,NA,NA,Vina,CM001005,Adamawa,Adamaoua,CM001,Cameroon,Cameroun (le),CM,1545004800000,1546560000000,NA
198,NA,Massangam,CM008008008,NA,NA,NA,NA,NA,NA,Noun,CM008008,West,Ouest,CM008,Cameroon,Cameroun (le),CM,1545004800000,1546560000000,NA
199,NA,Massock-Songloulou,CM005003005,NA,NA,NA,NA,NA,NA,Sanaga-Maritime,CM005003,Littoral,Littoral,CM005,Cameroon,Cameroun (le),CM,1545004800000,1546560000000,NA
200,NA,Matomb,CM002008007,NA,NA,NA,NA,NA,NA,Nyong-et-Kellé,CM002008,Centre,Centre,CM002,Cameroon,Cameroun (le),CM,1545004800000,1546560000000,NA
201,NA,Mayo-Baleo,CM001002003,NA,NA,NA,NA,NA,NA,Faro-et-Déo,CM001002,Adamawa,Adamaoua,CM001,Cameroon,Cameroun (le),CM,1545004800000,1546560000000,NA
202,NA,Mayo-Darle,CM001003003,NA,NA,NA,NA,NA,NA,Mayo-Banyo,CM001003,Adamawa,Adamaoua,CM001,Cameroon,Cameroun (le),CM,1545004800000,1546560000000,NA
203,NA,Mayo-Hourna,CM006001009,NA,NA,NA,NA,NA,NA,Bénoué,CM006001,North,Nord,CM006,Cameroon,Cameroun (le),CM,1545004800000,1546560000000,NA
204,NA,Mayo-Moskota,CM004006004,NA,NA,NA,NA,NA,NA,Mayo-Tsanaga,CM004006,Far-North,Extrême-Nord,CM004,Cameroon,Cameroun (le),CM,1545004800000,1546560000000,NA
205,NA,Mayo-Oulo,CM006003003,NA,NA,NA,NA,NA,NA,Mayo-Louti,CM006003,North,Nord,CM006,Cameroon,Cameroun (le),CM,1545004800000,1546560000000,NA
206,NA,Mbalmayo,CM002010003,NA,NA,NA,NA,NA,NA,Nyong-et-So'o,CM002010,Centre,Centre,CM002,Cameroon,Cameroun (le),CM,1545004800000,1546560000000,NA
207,NA,Mbandjock,CM002001003,NA,NA,NA,NA,NA,NA,Haute-Sanaga,CM002001,Centre,Centre,CM002,Cameroon,Cameroun (le),CM,1545004800000,1546560000000,NA
208,NA,Mbang,CM003003004,NA,NA,NA,NA,NA,NA,Kadey,CM003003,East,Est,CM003,Cameroon,Cameroun (le),CM,1545004800000,1546560000000,NA
209,NA,Mbanga,CM005001006,NA,NA,NA,NA,NA,NA,Moungo,CM005001,Littoral,Littoral,CM005,Cameroon,Cameroun (le),CM,1545004800000,1546560000000,NA
210,NA,Mbangassina,CM002004001,NA,NA,NA,NA,NA,NA,Mbam-et-Kim,CM002004,Centre,Centre,CM002,Cameroon,Cameroun (le),CM,1545004800000,1546560000000,NA
211,NA,Mbankomo,CM002006003,NA,NA,NA,NA,NA,NA,Mefou-et-Akono,CM002006,Centre,Centre,CM002,Cameroon,Cameroun (le),CM,1545004800000,1546560000000,NA
212,NA,Mbe,CM001005003,NA,NA,NA,NA,NA,NA,Vina,CM001005,Adamawa,Adamaoua,CM001,Cameroon,Cameroun (le),CM,1545004800000,1546560000000,NA
213,NA,Mbengwi,CM007006002,NA,NA,NA,NA,NA,NA,Momo,CM007006,North-West,Nord-Ouest,CM007,Cameroon,Cameroun (le),CM,1545004800000,1546560000000,NA
214,NA,Mboanz,CM003002008,NA,NA,NA,NA,NA,NA,Haut-Nyong,CM003002,East,Est,CM003,Cameroon,Cameroun (le),CM,1545004800000,1546560000000,NA
215,NA,Mboma,CM003002009,NA,NA,NA,NA,NA,NA,Haut-Nyong,CM003002,East,Est,CM003,Cameroon,Cameroun (le),CM,1545004800000,1546560000000,NA
216,NA,Mbonge,CM010005005,NA,NA,NA,NA,NA,NA,Meme,CM010005,South-West,Sud-Ouest,CM010,Cameroon,Cameroun (le),CM,1545004800000,1546560000000,NA
217,NA,Mbotoro,CM003003005,NA,NA,NA,NA,NA,NA,Kadey,CM003003,East,Est,CM003,Cameroon,Cameroun (le),CM,1545004800000,1546560000000,NA
218,NA,Mbouda,CM008001004,NA,NA,NA,NA,NA,NA,Bamboutos,CM008001,West,Ouest,CM008,Cameroon,Cameroun (le),CM,1545004800000,1546560000000,NA
219,NA,Mbven,CM007002003,NA,NA,NA,NA,NA,NA,Bui,CM007002,North-West,Nord-Ouest,CM007,Cameroon,Cameroun (le),CM,1545004800000,1546560000000,NA
220,NA,Meiganga,CM001004003,NA,NA,NA,NA,NA,NA,Mbéré,CM001004,Adamawa,Adamaoua,CM001,Cameroon,Cameroun (le),CM,1545004800000,1546560000000,NA
221,NA,Melong,CM005001007,NA,NA,NA,NA,NA,NA,Moungo,CM005001,Littoral,Littoral,CM005,Cameroon,Cameroun (le),CM,1545004800000,1546560000000,NA
222,NA,Menchum-Valley,CM007004003,NA,NA,NA,NA,NA,NA,Menchum,CM007004,North-West,Nord-Ouest,CM007,Cameroon,Cameroun (le),CM,1545004800000,1546560000000,NA
223,NA,Mengang,CM002009004,NA,NA,NA,NA,NA,NA,Nyong-et-Mfoumou,CM002009,Centre,Centre,CM002,Cameroon,Cameroun (le),CM,1545004800000,1546560000000,NA
224,NA,Mengong,CM009002006,NA,NA,NA,NA,NA,NA,Mvila,CM009002,South,Sud,CM009,Cameroon,Cameroun (le),CM,1545004800000,1546560000000,NA
225,NA,Mengueme,CM002010004,NA,NA,NA,NA,NA,NA,Nyong-et-So'o,CM002010,Centre,Centre,CM002,Cameroon,Cameroun (le),CM,1545004800000,1546560000000,NA
226,NA,Meri,CM004001007,NA,NA,NA,NA,NA,NA,Diamaré,CM004001,Far-North,Extrême-Nord,CM004,Cameroon,Cameroun (le),CM,1545004800000,1546560000000,NA
227,NA,Messamena,CM003002010,NA,NA,NA,NA,NA,NA,Haut-Nyong,CM003002,East,Est,CM003,Cameroon,Cameroun (le),CM,1545004800000,1546560000000,NA
228,NA,Messok,CM003002011,NA,NA,NA,NA,NA,NA,Haut-Nyong,CM003002,East,Est,CM003,Cameroon,Cameroun (le),CM,1545004800000,1546560000000,NA
229,NA,Messondo,CM002008008,NA,NA,NA,NA,NA,NA,Nyong-et-Kellé,CM002008,Centre,Centre,CM002,Cameroon,Cameroun (le),CM,1545004800000,1546560000000,NA
230,NA,Meyomessala,CM009001003,NA,NA,NA,NA,NA,NA,Dja-et-Lobo,CM009001,South,Sud,CM009,Cameroon,Cameroun (le),CM,1545004800000,1546560000000,NA
231,NA,Meyomessi,CM009001004,NA,NA,NA,NA,NA,NA,Dja-et-Lobo,CM009001,South,Sud,CM009,Cameroon,Cameroun (le),CM,1545004800000,1546560000000,NA
232,NA,Mfou,CM002005006,NA,NA,NA,NA,NA,NA,Mefou-et-Afamba,CM002005,Centre,Centre,CM002,Cameroon,Cameroun (le),CM,1545004800000,1546560000000,NA
233,NA,Mindif,CM004004003,NA,NA,NA,NA,NA,NA,Mayo-Kani,CM004004,Far-North,Extrême-Nord,CM004,Cameroon,Cameroun (le),CM,1545004800000,1546560000000,NA
234,NA,Minta,CM002001004,NA,NA,NA,NA,NA,NA,Haute-Sanaga,CM002001,Centre,Centre,CM002,Cameroon,Cameroun (le),CM,1545004800000,1546560000000,NA
235,NA,Mintom,CM009001005,NA,NA,NA,NA,NA,NA,Dja-et-Lobo,CM009001,South,Sud,CM009,Cameroon,Cameroun (le),CM,1545004800000,1546560000000,NA
236,NA,Misaje,CM007003002,NA,NA,NA,NA,NA,NA,Donga-Mantung,CM007003,North-West,Nord-Ouest,CM007,Cameroon,Cameroun (le),CM,1545004800000,1546560000000,NA
237,NA,Mogode,CM004006005,NA,NA,NA,NA,NA,NA,Mayo-Tsanaga,CM004006,Far-North,Extrême-Nord,CM004,Cameroon,Cameroun (le),CM,1545004800000,1546560000000,NA
238,NA,Mokolo,CM004006006,NA,NA,NA,NA,NA,NA,Mayo-Tsanaga,CM004006,Far-North,Extrême-Nord,CM004,Cameroon,Cameroun (le),CM,1545004800000,1546560000000,NA
239,NA,Moloundou,CM003001002,NA,NA,NA,NA,NA,NA,Boumba-et-Ngoko,CM003001,East,Est,CM003,Cameroon,Cameroun (le),CM,1545004800000,1546560000000,NA
240,NA,Mombo,CM005001008,NA,NA,NA,NA,NA,NA,Moungo,CM005001,Littoral,Littoral,CM005,Cameroon,Cameroun (le),CM,1545004800000,1546560000000,NA
241,NA,Monatele,CM002002006,NA,NA,NA,NA,NA,NA,Lekié,CM002002,Centre,Centre,CM002,Cameroon,Cameroun (le),CM,1545004800000,1546560000000,NA
242,NA,Mora,CM004005002,NA,NA,NA,NA,NA,NA,Mayo-Sava,CM004005,Far-North,Extrême-Nord,CM004,Cameroon,Cameroun (le),CM,1545004800000,1546560000000,NA
243,NA,Mouanko,CM005003006,NA,NA,NA,NA,NA,NA,Sanaga-Maritime,CM005003,Littoral,Littoral,CM005,Cameroon,Cameroun (le),CM,1545004800000,1546560000000,NA
244,NA,Moulvoudaye,CM004004004,NA,NA,NA,NA,NA,NA,Mayo-Kani,CM004004,Far-North,Extrême-Nord,CM004,Cameroon,Cameroun (le),CM,1545004800000,1546560000000,NA
245,NA,Moutourwa,CM004004005,NA,NA,NA,NA,NA,NA,Mayo-Kani,CM004004,Far-North,Extrême-Nord,CM004,Cameroon,Cameroun (le),CM,1545004800000,1546560000000,NA
246,NA,Mundemba,CM010006008,NA,NA,NA,NA,NA,NA,Ndian,CM010006,South-West,Sud-Ouest,CM010,Cameroon,Cameroun (le),CM,1545004800000,1546560000000,NA
247,NA,Muyuka,CM010001005,NA,NA,NA,NA,NA,NA,Fako,CM010001,South-West,Sud-Ouest,CM010,Cameroon,Cameroun (le),CM,1545004800000,1546560000000,NA
248,NA,Mvangane,CM009002007,NA,NA,NA,NA,NA,NA,Mvila,CM009002,South,Sud,CM009,Cameroon,Cameroun (le),CM,1545004800000,1546560000000,NA
249,NA,Mvengue,CM009003008,NA,NA,NA,NA,NA,NA,Océan,CM009003,South,Sud,CM009,Cameroon,Cameroun (le),CM,1545004800000,1546560000000,NA
250,NA,Nanga-Eboko,CM002001005,NA,NA,NA,NA,NA,NA,Haute-Sanaga,CM002001,Centre,Centre,CM002,Cameroon,Cameroun (le),CM,1545004800000,1546560000000,NA
251,NA,Ndelele,CM003003006,NA,NA,NA,NA,NA,NA,Kadey,CM003003,East,Est,CM003,Cameroon,Cameroun (le),CM,1545004800000,1546560000000,NA
252,NA,Ndem Nam,CM003003007,NA,NA,NA,NA,NA,NA,Kadey,CM003003,East,Est,CM003,Cameroon,Cameroun (le),CM,1545004800000,1546560000000,NA
253,NA,Ndikinimeki,CM002003007,NA,NA,NA,NA,NA,NA,Mbam-et-Inoubou,CM002003,Centre,Centre,CM002,Cameroon,Cameroun (le),CM,1545004800000,1546560000000,NA
254,NA,Ndom,CM005003007,NA,NA,NA,NA,NA,NA,Sanaga-Maritime,CM005003,Littoral,Littoral,CM005,Cameroon,Cameroun (le),CM,1545004800000,1546560000000,NA
255,NA,Ndop,CM007007003,NA,NA,NA,NA,NA,NA,Ngo-Ketunjia,CM007007,North-West,Nord-Ouest,CM007,Cameroon,Cameroun (le),CM,1545004800000,1546560000000,NA
256,NA,Ndoukoula,CM004001008,NA,NA,NA,NA,NA,NA,Diamaré,CM004001,Far-North,Extrême-Nord,CM004,Cameroon,Cameroun (le),CM,1545004800000,1546560000000,NA
257,NA,Ndu,CM007003003,NA,NA,NA,NA,NA,NA,Donga-Mantung,CM007003,North-West,Nord-Ouest,CM007,Cameroon,Cameroun (le),CM,1545004800000,1546560000000,NA
258,NA,Ngambe,CM005003008,NA,NA,NA,NA,NA,NA,Sanaga-Maritime,CM005003,Littoral,Littoral,CM005,Cameroon,Cameroun (le),CM,1545004800000,1546560000000,NA
259,NA,Ngambe-Tikar,CM002004002,NA,NA,NA,NA,NA,NA,Mbam-et-Kim,CM002004,Centre,Centre,CM002,Cameroon,Cameroun (le),CM,1545004800000,1546560000000,NA
260,NA,Nganha,CM001005004,NA,NA,NA,NA,NA,NA,Vina,CM001005,Adamawa,Adamaoua,CM001,Cameroon,Cameroun (le),CM,1545004800000,1546560000000,NA
261,NA,Ngaoui,CM001004004,NA,NA,NA,NA,NA,NA,Mbéré,CM001004,Adamawa,Adamaoua,CM001,Cameroon,Cameroun (le),CM,1545004800000,1546560000000,NA
262,NA,Ngaoundal,CM001001001,NA,NA,NA,NA,NA,NA,Djérem,CM001001,Adamawa,Adamaoua,CM001,Cameroon,Cameroun (le),CM,1545004800000,1546560000000,NA
263,NA,Ngaoundere 1er,CM001005005,NA,NA,NA,NA,NA,NA,Vina,CM001005,Adamawa,Adamaoua,CM001,Cameroon,Cameroun (le),CM,1545004800000,1546560000000,NA
264,NA,Ngaoundere 2e,CM001005006,NA,NA,NA,NA,NA,NA,Vina,CM001005,Adamawa,Adamaoua,CM001,Cameroon,Cameroun (le),CM,1545004800000,1546560000000,NA
265,NA,Ngaoundere 3e,CM001005007,NA,NA,NA,NA,NA,NA,Vina,CM001005,Adamawa,Adamaoua,CM001,Cameroon,Cameroun (le),CM,1545004800000,1546560000000,NA
266,NA,Ngie,CM007006003,NA,NA,NA,NA,NA,NA,Momo,CM007006,North-West,Nord-Ouest,CM007,Cameroon,Cameroun (le),CM,1545004800000,1546560000000,NA
267,NA,Ngog-Mapubi,CM002008009,NA,NA,NA,NA,NA,NA,Nyong-et-Kellé,CM002008,Centre,Centre,CM002,Cameroon,Cameroun (le),CM,1545004800000,1546560000000,NA
268,NA,Ngomedzap,CM002010005,NA,NA,NA,NA,NA,NA,Nyong-et-So'o,CM002010,Centre,Centre,CM002,Cameroon,Cameroun (le),CM,1545004800000,1546560000000,NA
269,NA,Ngoro,CM002004003,NA,NA,NA,NA,NA,NA,Mbam-et-Kim,CM002004,Centre,Centre,CM002,Cameroon,Cameroun (le),CM,1545004800000,1546560000000,NA
270,NA,Ngoulemakong,CM009002008,NA,NA,NA,NA,NA,NA,Mvila,CM009002,South,Sud,CM009,Cameroon,Cameroun (le),CM,1545004800000,1546560000000,NA
271,NA,Ngoumou,CM002006004,NA,NA,NA,NA,NA,NA,Mefou-et-Akono,CM002006,Centre,Centre,CM002,Cameroon,Cameroun (le),CM,1545004800000,1546560000000,NA
272,NA,Ngoura,CM003004008,NA,NA,NA,NA,NA,NA,Lom-et-Djérem,CM003004,East,Est,CM003,Cameroon,Cameroun (le),CM,1545004800000,1546560000000,NA
273,NA,Ngoyla,CM003002012,NA,NA,NA,NA,NA,NA,Haut-Nyong,CM003002,East,Est,CM003,Cameroon,Cameroun (le),CM,1545004800000,1546560000000,NA
274,NA,Nguelemendouka,CM003002013,NA,NA,NA,NA,NA,NA,Haut-Nyong,CM003002,East,Est,CM003,Cameroon,Cameroun (le),CM,1545004800000,1546560000000,NA
275,NA,Nguibassal,CM002008010,NA,NA,NA,NA,NA,NA,Nyong-et-Kellé,CM002008,Centre,Centre,CM002,Cameroon,Cameroun (le),CM,1545004800000,1546560000000,NA
276,NA,Nguti,CM010002002,NA,NA,NA,NA,NA,NA,Kupe-Manenguba,CM010002,South-West,Sud-Ouest,CM010,Cameroon,Cameroun (le),CM,1545004800000,1546560000000,NA
277,NA,Ngwei,CM005003009,NA,NA,NA,NA,NA,NA,Sanaga-Maritime,CM005003,Littoral,Littoral,CM005,Cameroon,Cameroun (le),CM,1545004800000,1546560000000,NA
278,NA,Niete,CM009003009,NA,NA,NA,NA,NA,NA,Océan,CM009003,South,Sud,CM009,Cameroon,Cameroun (le),CM,1545004800000,1546560000000,NA
279,NA,Nitoukou,CM002003008,NA,NA,NA,NA,NA,NA,Mbam-et-Inoubou,CM002003,Centre,Centre,CM002,Cameroon,Cameroun (le),CM,1545004800000,1546560000000,NA
280,NA,Njikwa,CM007006004,NA,NA,NA,NA,NA,NA,Momo,CM007006,North-West,Nord-Ouest,CM007,Cameroon,Cameroun (le),CM,1545004800000,1546560000000,NA
281,NA,Njimom,CM008008009,NA,NA,NA,NA,NA,NA,Noun,CM008008,West,Ouest,CM008,Cameroon,Cameroun (le),CM,1545004800000,1546560000000,NA
282,NA,Njinikom,CM007001004,NA,NA,NA,NA,NA,NA,Boyo,CM007001,North-West,Nord-Ouest,CM007,Cameroon,Cameroun (le),CM,1545004800000,1546560000000,NA
283,NA,Njombe-Penja,CM005001009,NA,NA,NA,NA,NA,NA,Moungo,CM005001,Littoral,Littoral,CM005,Cameroon,Cameroun (le),CM,1545004800000,1546560000000,NA
284,NA,Nkambe,CM007003004,NA,NA,NA,NA,NA,NA,Donga-Mantung,CM007003,North-West,Nord-Ouest,CM007,Cameroon,Cameroun (le),CM,1545004800000,1546560000000,NA
285,NA,Nkolafamba,CM002005007,NA,NA,NA,NA,NA,NA,Mefou-et-Afamba,CM002005,Centre,Centre,CM002,Cameroon,Cameroun (le),CM,1545004800000,1546560000000,NA
286,NA,Nkolmetet,CM002010006,NA,NA,NA,NA,NA,NA,Nyong-et-So'o,CM002010,Centre,Centre,CM002,Cameroon,Cameroun (le),CM,1545004800000,1546560000000,NA
287,NA,Nkondjock,CM005002001,NA,NA,NA,NA,NA,NA,Nkam,CM005002,Littoral,Littoral,CM005,Cameroon,Cameroun (le),CM,1545004800000,1546560000000,NA
288,NA,Nkong-Ni,CM008005004,NA,NA,NA,NA,NA,NA,Menoua,CM008005,West,Ouest,CM008,Cameroon,Cameroun (le),CM,1545004800000,1546560000000,NA
289,NA,Nkongsamba 1er,CM005001010,NA,NA,NA,NA,NA,NA,Moungo,CM005001,Littoral,Littoral,CM005,Cameroon,Cameroun (le),CM,1545004800000,1546560000000,NA
290,NA,Nkongsamba 2e,CM005001011,NA,NA,NA,NA,NA,NA,Moungo,CM005001,Littoral,Littoral,CM005,Cameroon,Cameroun (le),CM,1545004800000,1546560000000,NA
291,NA,Nkongsamba 3e,CM005001012,NA,NA,NA,NA,NA,NA,Moungo,CM005001,Littoral,Littoral,CM005,Cameroon,Cameroun (le),CM,1545004800000,1546560000000,NA
292,NA,Nkoteng,CM002001006,NA,NA,NA,NA,NA,NA,Haute-Sanaga,CM002001,Centre,Centre,CM002,Cameroon,Cameroun (le),CM,1545004800000,1546560000000,NA
293,NA,Nkum,CM007002004,NA,NA,NA,NA,NA,NA,Bui,CM007002,North-West,Nord-Ouest,CM007,Cameroon,Cameroun (le),CM,1545004800000,1546560000000,NA
294,NA,Nlonako,CM005001013,NA,NA,NA,NA,NA,NA,Moungo,CM005001,Littoral,Littoral,CM005,Cameroon,Cameroun (le),CM,1545004800000,1546560000000,NA
295,NA,Noni,CM007002005,NA,NA,NA,NA,NA,NA,Bui,CM007002,North-West,Nord-Ouest,CM007,Cameroon,Cameroun (le),CM,1545004800000,1546560000000,NA
296,NA,Nord-Makombe,CM005002002,NA,NA,NA,NA,NA,NA,Nkam,CM005002,Littoral,Littoral,CM005,Cameroon,Cameroun (le),CM,1545004800000,1546560000000,NA
297,NA,Nsem,CM002001007,NA,NA,NA,NA,NA,NA,Haute-Sanaga,CM002001,Centre,Centre,CM002,Cameroon,Cameroun (le),CM,1545004800000,1546560000000,NA
298,NA,Ntui,CM002004004,NA,NA,NA,NA,NA,NA,Mbam-et-Kim,CM002004,Centre,Centre,CM002,Cameroon,Cameroun (le),CM,1545004800000,1546560000000,NA
299,NA,Nwa,CM007003005,NA,NA,NA,NA,NA,NA,Donga-Mantung,CM007003,North-West,Nord-Ouest,CM007,Cameroon,Cameroun (le),CM,1545004800000,1546560000000,NA
300,NA,Nyakokombo,CM002009005,NA,NA,NA,NA,NA,NA,Nyong-et-Mfoumou,CM002009,Centre,Centre,CM002,Cameroon,Cameroun (le),CM,1545004800000,1546560000000,NA
301,NA,Nyambaka,CM001005008,NA,NA,NA,NA,NA,NA,Vina,CM001005,Adamawa,Adamaoua,CM001,Cameroon,Cameroun (le),CM,1545004800000,1546560000000,NA
302,NA,Nyanon,CM005003010,NA,NA,NA,NA,NA,NA,Sanaga-Maritime,CM005003,Littoral,Littoral,CM005,Cameroon,Cameroun (le),CM,1545004800000,1546560000000,NA
303,NA,Obala,CM002002007,NA,NA,NA,NA,NA,NA,Lekié,CM002002,Centre,Centre,CM002,Cameroon,Cameroun (le),CM,1545004800000,1546560000000,NA
304,NA,Okola,CM002002008,NA,NA,NA,NA,NA,NA,Lekié,CM002002,Centre,Centre,CM002,Cameroon,Cameroun (le),CM,1545004800000,1546560000000,NA
305,NA,Oku,CM007002006,NA,NA,NA,NA,NA,NA,Bui,CM007002,North-West,Nord-Ouest,CM007,Cameroon,Cameroun (le),CM,1545004800000,1546560000000,NA
306,NA,Olamze,CM009004004,NA,NA,NA,NA,NA,NA,Vallée-du-Ntem,CM009004,South,Sud,CM009,Cameroon,Cameroun (le),CM,1545004800000,1546560000000,NA
307,NA,Ombessa,CM002003009,NA,NA,NA,NA,NA,NA,Mbam-et-Inoubou,CM002003,Centre,Centre,CM002,Cameroon,Cameroun (le),CM,1545004800000,1546560000000,NA
308,NA,Oveng,CM009001006,NA,NA,NA,NA,NA,NA,Dja-et-Lobo,CM009001,South,Sud,CM009,Cameroon,Cameroun (le),CM,1545004800000,1546560000000,NA
309,NA,Penka-Michel,CM008005005,NA,NA,NA,NA,NA,NA,Menoua,CM008005,West,Ouest,CM008,Cameroon,Cameroun (le),CM,1545004800000,1546560000000,NA
310,NA,Pette,CM004001009,NA,NA,NA,NA,NA,NA,Diamaré,CM004001,Far-North,Extrême-Nord,CM004,Cameroon,Cameroun (le),CM,1545004800000,1546560000000,NA
311,NA,Pitoa,CM006001010,NA,NA,NA,NA,NA,NA,Bénoué,CM006001,North,Nord,CM006,Cameroon,Cameroun (le),CM,1545004800000,1546560000000,NA
312,NA,Poli,CM006002002,NA,NA,NA,NA,NA,NA,Faro,CM006002,North,Nord,CM006,Cameroon,Cameroun (le),CM,1545004800000,1546560000000,NA
313,NA,Porhi,CM004004006,NA,NA,NA,NA,NA,NA,Mayo-Kani,CM004004,Far-North,Extrême-Nord,CM004,Cameroon,Cameroun (le),CM,1545004800000,1546560000000,NA
314,NA,Pouma,CM005003011,NA,NA,NA,NA,NA,NA,Sanaga-Maritime,CM005003,Littoral,Littoral,CM005,Cameroon,Cameroun (le),CM,1545004800000,1546560000000,NA
315,NA,Poumougne,CM008004003,NA,NA,NA,NA,NA,NA,Koung-Khi,CM008004,West,Ouest,CM008,Cameroon,Cameroun (le),CM,1545004800000,1546560000000,NA
316,NA,Rey-Bouba,CM006004002,NA,NA,NA,NA,NA,NA,Mayo-Rey,CM006004,North,Nord,CM006,Cameroon,Cameroun (le),CM,1545004800000,1546560000000,NA
317,NA,Saa,CM002002009,NA,NA,NA,NA,NA,NA,Lekié,CM002002,Centre,Centre,CM002,Cameroon,Cameroun (le),CM,1545004800000,1546560000000,NA
318,NA,Salapoumbe,CM003001003,NA,NA,NA,NA,NA,NA,Boumba-et-Ngoko,CM003001,East,Est,CM003,Cameroon,Cameroun (le),CM,1545004800000,1546560000000,NA
319,NA,Sangmelima,CM009001007,NA,NA,NA,NA,NA,NA,Dja-et-Lobo,CM009001,South,Sud,CM009,Cameroon,Cameroun (le),CM,1545004800000,1546560000000,NA
320,NA,Santa,CM007005006,NA,NA,NA,NA,NA,NA,Mezam,CM007005,North-West,Nord-Ouest,CM007,Cameroon,Cameroun (le),CM,1545004800000,1546560000000,NA
321,NA,Santchou,CM008005006,NA,NA,NA,NA,NA,NA,Menoua,CM008005,West,Ouest,CM008,Cameroon,Cameroun (le),CM,1545004800000,1546560000000,NA
322,NA,Soa,CM002005008,NA,NA,NA,NA,NA,NA,Mefou-et-Afamba,CM002005,Centre,Centre,CM002,Cameroon,Cameroun (le),CM,1545004800000,1546560000000,NA
323,NA,Somalomo,CM003002014,NA,NA,NA,NA,NA,NA,Haut-Nyong,CM003002,East,Est,CM003,Cameroon,Cameroun (le),CM,1545004800000,1546560000000,NA
324,NA,Soulede-Roua,CM004006007,NA,NA,NA,NA,NA,NA,Mayo-Tsanaga,CM004006,Far-North,Extrême-Nord,CM004,Cameroon,Cameroun (le),CM,1545004800000,1546560000000,NA
325,NA,Taibong,CM004004007,NA,NA,NA,NA,NA,NA,Mayo-Kani,CM004004,Far-North,Extrême-Nord,CM004,Cameroon,Cameroun (le),CM,1545004800000,1546560000000,NA
326,NA,Tchatibali,CM004003008,NA,NA,NA,NA,NA,NA,Mayo-Danay,CM004003,Far-North,Extrême-Nord,CM004,Cameroon,Cameroun (le),CM,1545004800000,1546560000000,NA
327,NA,Tcheboa,CM006001011,NA,NA,NA,NA,NA,NA,Bénoué,CM006001,North,Nord,CM006,Cameroon,Cameroun (le),CM,1545004800000,1546560000000,NA
328,NA,Tchollire,CM006004003,NA,NA,NA,NA,NA,NA,Mayo-Rey,CM006004,North,Nord,CM006,Cameroon,Cameroun (le),CM,1545004800000,1546560000000,NA
329,NA,Tibati,CM001001002,NA,NA,NA,NA,NA,NA,Djérem,CM001001,Adamawa,Adamaoua,CM001,Cameroon,Cameroun (le),CM,1545004800000,1546560000000,NA
330,NA,Tignere,CM001002004,NA,NA,NA,NA,NA,NA,Faro-et-Déo,CM001002,Adamawa,Adamaoua,CM001,Cameroon,Cameroun (le),CM,1545004800000,1546560000000,NA
331,NA,Tiko,CM010001006,NA,NA,NA,NA,NA,NA,Fako,CM010001,South-West,Sud-Ouest,CM010,Cameroon,Cameroun (le),CM,1545004800000,1546560000000,NA
332,NA,Toko,CM010006009,NA,NA,NA,NA,NA,NA,Ndian,CM010006,South-West,Sud-Ouest,CM010,Cameroon,Cameroun (le),CM,1545004800000,1546560000000,NA
333,NA,Tokombere,CM004005003,NA,NA,NA,NA,NA,NA,Mayo-Sava,CM004005,Far-North,Extrême-Nord,CM004,Cameroon,Cameroun (le),CM,1545004800000,1546560000000,NA
334,NA,Tombel,CM010002003,NA,NA,NA,NA,NA,NA,Kupe-Manenguba,CM010002,South-West,Sud-Ouest,CM010,Cameroon,Cameroun (le),CM,1545004800000,1546560000000,NA
335,NA,Tonga,CM008007004,NA,NA,NA,NA,NA,NA,Ndé,CM008007,West,Ouest,CM008,Cameroon,Cameroun (le),CM,1545004800000,1546560000000,NA
336,NA,Touboro,CM006004004,NA,NA,NA,NA,NA,NA,Mayo-Rey,CM006004,North,Nord,CM006,Cameroon,Cameroun (le),CM,1545004800000,1546560000000,NA
337,NA,Touroua,CM006001012,NA,NA,NA,NA,NA,NA,Bénoué,CM006001,North,Nord,CM006,Cameroon,Cameroun (le),CM,1545004800000,1546560000000,NA
338,NA,Tubah,CM007005007,NA,NA,NA,NA,NA,NA,Mezam,CM007005,North-West,Nord-Ouest,CM007,Cameroon,Cameroun (le),CM,1545004800000,1546560000000,NA
339,NA,Upper Bayang,CM010004004,NA,NA,NA,NA,NA,NA,Manyu,CM010004,South-West,Sud-Ouest,CM010,Cameroon,Cameroun (le),CM,1545004800000,1546560000000,NA
340,NA,Vele,CM004003009,NA,NA,NA,NA,NA,NA,Mayo-Danay,CM004003,Far-North,Extrême-Nord,CM004,Cameroon,Cameroun (le),CM,1545004800000,1546560000000,NA
341,NA,Wabane,CM010003003,NA,NA,NA,NA,NA,NA,Lebialem,CM010003,South-West,Sud-Ouest,CM010,Cameroon,Cameroun (le),CM,1545004800000,1546560000000,NA
342,NA,Waza,CM004002009,NA,NA,NA,NA,NA,NA,Logone-et-Chari,CM004002,Far-North,Extrême-Nord,CM004,Cameroon,Cameroun (le),CM,1545004800000,1546560000000,NA
343,NA,West-Coast,CM010001007,NA,NA,NA,NA,NA,NA,Fako,CM010001,South-West,Sud-Ouest,CM010,Cameroon,Cameroun (le),CM,1545004800000,1546560000000,NA
344,NA,Widikum,CM007006005,NA,NA,NA,NA,NA,NA,Momo,CM007006,North-West,Nord-Ouest,CM007,Cameroon,Cameroun (le),CM,1545004800000,1546560000000,NA
345,NA,Wina,CM004003010,NA,NA,NA,NA,NA,NA,Mayo-Danay,CM004003,Far-North,Extrême-Nord,CM004,Cameroon,Cameroun (le),CM,1545004800000,1546560000000,NA
346,NA,Wum,CM007004004,NA,NA,NA,NA,NA,NA,Menchum,CM007004,North-West,Nord-Ouest,CM007,Cameroon,Cameroun (le),CM,1545004800000,1546560000000,NA
347,NA,Yabassi,CM005002003,NA,NA,NA,NA,NA,NA,Nkam,CM005002,Littoral,Littoral,CM005,Cameroon,Cameroun (le),CM,1545004800000,1546560000000,NA
348,NA,Yagoua,CM004003011,NA,NA,NA,NA,NA,NA,Mayo-Danay,CM004003,Far-North,Extrême-Nord,CM004,Cameroon,Cameroun (le),CM,1545004800000,1546560000000,NA
349,NA,Yaounde 1er,CM002007001,NA,NA,NA,NA,NA,NA,Mfoundi,CM002007,Centre,Centre,CM002,Cameroon,Cameroun (le),CM,1545004800000,1546560000000,NA
350,NA,Yaounde 2e,CM002007002,NA,NA,NA,NA,NA,NA,Mfoundi,CM002007,Centre,Centre,CM002,Cameroon,Cameroun (le),CM,1545004800000,1546560000000,NA
351,NA,Yaounde 3e,CM002007003,NA,NA,NA,NA,NA,NA,Mfoundi,CM002007,Centre,Centre,CM002,Cameroon,Cameroun (le),CM,1545004800000,1546560000000,NA
352,NA,Yaounde 4e,CM002007004,NA,NA,NA,NA,NA,NA,Mfoundi,CM002007,Centre,Centre,CM002,Cameroon,Cameroun (le),CM,1545004800000,1546560000000,NA
353,NA,Yaounde 5e,CM002007005,NA,NA,NA,NA,NA,NA,Mfoundi,CM002007,Centre,Centre,CM002,Cameroon,Cameroun (le),CM,1545004800000,1546560000000,NA
354,NA,Yaounde 6e,CM002007006,NA,NA,NA,NA,NA,NA,Mfoundi,CM002007,Centre,Centre,CM002,Cameroon,Cameroun (le),CM,1545004800000,1546560000000,NA
355,NA,Yaounde 7e,CM002007007,NA,NA,NA,NA,NA,NA,Mfoundi,CM002007,Centre,Centre,CM002,Cameroon,Cameroun (le),CM,1545004800000,1546560000000,NA
356,NA,Yingui,CM005002004,NA,NA,NA,NA,NA,NA,Nkam,CM005002,Littoral,Littoral,CM005,Cameroon,Cameroun (le),CM,1545004800000,1546560000000,NA
357,NA,Yokadouma,CM003001004,NA,NA,NA,NA,NA,NA,Boumba-et-Ngoko,CM003001,East,Est,CM003,Cameroon,Cameroun (le),CM,1545004800000,1546560000000,NA
358,NA,Yoko,CM002004005,NA,NA,NA,NA,NA,NA,Mbam-et-Kim,CM002004,Centre,Centre,CM002,Cameroon,Cameroun (le),CM,1545004800000,1546560000000,NA
359,NA,Zina,CM004002010,NA,NA,NA,NA,NA,NA,Logone-et-Chari,CM004002,Far-North,Extrême-Nord,CM004,Cameroon,Cameroun (le),CM,1545004800000,1546560000000,NA
360,NA,Zoetele,CM009001008,NA,NA,NA,NA,NA,NA,Dja-et-Lobo,CM009001,South,Sud,CM009,Cameroon,Cameroun (le),CM,1545004800000,1546560000000,NA
