OBJECTID,admin2Name_es,admin2Pcode,admin2RefName,admin2AltName1_es,admin2AltName2_es,admin1Name_es,admin1Pcode,admin0Name_es,admin0Pcode,date,validOn,ValidTo
1,Guanaja,HN1102,Guanaja,NA,NA,Islas de La Bahia,HN11,Honduras,HN,1435190400000,1475625600000,NA
2,Jose Santos Guardiola,HN1103,Jose Santos Guardiola,NA,NA,Islas de La Bahia,HN11,Honduras,HN,1435190400000,1475625600000,NA
3,Roatan,HN1101,Roatan,NA,NA,Islas de La Bahia,HN11,Honduras,HN,1435190400000,1475625600000,NA
4,Trujillo,HN0201,Trujillo,NA,NA,Colon,HN02,Honduras,HN,1435190400000,1475625600000,NA
5,Iriona,HN0203,Iriona,NA,NA,Colon,HN02,Honduras,HN,1435190400000,1475625600000,NA
6,Santa Rosa de Aguan,HN0207,Santa Rosa de Aguan,NA,NA,Colon,HN02,Honduras,HN,1435190400000,1475625600000,NA
7,Tela,HN0107,Tela,NA,NA,Atlantida,HN01,Honduras,HN,1435190400000,1475625600000,NA
8,Limon,HN0204,Limon,NA,NA,Colon,HN02,Honduras,HN,1435190400000,1475625600000,NA
9,Santa Fe,HN0206,Santa Fe,NA,NA,Colon,HN02,Honduras,HN,1435190400000,1475625600000,NA
10,Puerto Cortes,HN0506,Puerto Cortes,NA,NA,Cortes,HN05,Honduras,HN,1435190400000,1475625600000,NA
11,Balfate,HN0202,Balfate,NA,NA,Colon,HN02,Honduras,HN,1435190400000,1475625600000,NA
12,Bonito Oriental,HN0210,Bonito Oriental,NA,NA,Colon,HN02,Honduras,HN,1435190400000,1475625600000,NA
13,Arizona,HN0108,Arizona,NA,NA,Atlantida,HN01,Honduras,HN,1435190400000,1475625600000,NA
14,Esparta,HN0103,Esparta,NA,NA,Atlantida,HN01,Honduras,HN,1435190400000,1475625600000,NA
15,Jutiapa,HN0104,Jutiapa,NA,NA,Atlantida,HN01,Honduras,HN,1435190400000,1475625600000,NA
16,Omoa,HN0503,Omoa,NA,NA,Cortes,HN05,Honduras,HN,1435190400000,1475625600000,NA
17,La Ceiba,HN0101,La Ceiba,NA,NA,Atlantida,HN01,Honduras,HN,1435190400000,1475625600000,NA
18,La Masica,HN0105,La Masica,NA,NA,Atlantida,HN01,Honduras,HN,1435190400000,1475625600000,NA
19,San Francisco,HN0106,San Francisco,NA,NA,Atlantida,HN01,Honduras,HN,1435190400000,1475625600000,NA
20,El Porvenir,HN0102,El Porvenir,NA,NA,Atlantida,HN01,Honduras,HN,1435190400000,1475625600000,NA
21,Tocoa,HN0209,Tocoa,NA,NA,Colon,HN02,Honduras,HN,1435190400000,1475625600000,NA
22,Choloma,HN0502,Choloma,NA,NA,Cortes,HN05,Honduras,HN,1435190400000,1475625600000,NA
23,Sonaguera,HN0208,Sonaguera,NA,NA,Colon,HN02,Honduras,HN,1435190400000,1475625600000,NA
24,El Progreso,HN1804,El Progreso,NA,NA,Yoro,HN18,Honduras,HN,1435190400000,1475625600000,NA
25,El Negrito,HN1803,El Negrito,NA,NA,Yoro,HN18,Honduras,HN,1435190400000,1475625600000,NA
26,San Pedro Sula,HN0501,San Pedro Sula,NA,NA,Cortes,HN05,Honduras,HN,1435190400000,1475625600000,NA
27,Olanchito,HN1807,Olanchito,NA,NA,Yoro,HN18,Honduras,HN,1435190400000,1475625600000,NA
28,San Esteban,HN1517,San Esteban,NA,NA,Olancho,HN15,Honduras,HN,1435190400000,1475625600000,NA
29,La Lima,HN0512,La Lima,NA,NA,Cortes,HN05,Honduras,HN,1435190400000,1475625600000,NA
30,Saba,HN0205,Saba,NA,NA,Colon,HN02,Honduras,HN,1435190400000,1475625600000,NA
31,Quimistan,HN1617,Quimistan,NA,NA,Santa Barbara,HN16,Honduras,HN,1435190400000,1475625600000,NA
32,Yoro,HN1801,Yoro,NA,NA,Yoro,HN18,Honduras,HN,1435190400000,1475625600000,NA
33,Gualaco,HN1508,Gualaco,NA,NA,Olancho,HN15,Honduras,HN,1435190400000,1475625600000,NA
34,Morazan,HN1806,Morazan,NA,NA,Yoro,HN18,Honduras,HN,1435190400000,1475625600000,NA
35,Azacualpa,HN1604,Azacualpa,NA,NA,Santa Barbara,HN16,Honduras,HN,1435190400000,1475625600000,NA
36,San Manuel,HN0509,San Manuel,NA,NA,Cortes,HN05,Honduras,HN,1435190400000,1475625600000,NA
37,Chinda,HN1608,Chinda,NA,NA,Santa Barbara,HN16,Honduras,HN,1435190400000,1475625600000,NA
38,Trinidad,HN1626,Trinidad,NA,NA,Santa Barbara,HN16,Honduras,HN,1435190400000,1475625600000,NA
39,Proteccion,HN1616,Proteccion,NA,NA,Santa Barbara,HN16,Honduras,HN,1435190400000,1475625600000,NA
40,Nueva Arcadia,HN0413,Nueva Arcadia,NA,NA,Copan,HN04,Honduras,HN,1435190400000,1475625600000,NA
41,San Antonio de Cortes,HN0507,San Antonio de Cortes,NA,NA,Cortes,HN05,Honduras,HN,1435190400000,1475625600000,NA
42,San Jose de Colinas,HN1619,San Jose de Colinas,NA,NA,Santa Barbara,HN16,Honduras,HN,1435190400000,1475625600000,NA
43,El Paraiso,HN0409,El Paraiso,NA,NA,Copan,HN04,Honduras,HN,1435190400000,1475625600000,NA
44,San Luis,HN1620,San Luis,NA,NA,Santa Barbara,HN16,Honduras,HN,1435190400000,1475625600000,NA
45,Mangulile,HN1514,Mangulile,NA,NA,Olancho,HN15,Honduras,HN,1435190400000,1475625600000,NA
46,Dulce Nombre de Culmi,HN1505,Dulce Nombre de Culmi,NA,NA,Olancho,HN15,Honduras,HN,1435190400000,1475625600000,NA
47,Jano,HN1512,Jano,NA,NA,Olancho,HN15,Honduras,HN,1435190400000,1475625600000,NA
48,Yorito,HN1811,Yorito,NA,NA,Yoro,HN18,Honduras,HN,1435190400000,1475625600000,NA
49,Santa Cruz de Yojoa,HN0510,Santa Cruz de Yojoa,NA,NA,Cortes,HN05,Honduras,HN,1435190400000,1475625600000,NA
50,Victoria,HN1810,Victoria,NA,NA,Yoro,HN18,Honduras,HN,1435190400000,1475625600000,NA
51,Guata,HN1510,Guata,NA,NA,Olancho,HN15,Honduras,HN,1435190400000,1475625600000,NA
52,La Jigua,HN0411,La Jigua,NA,NA,Copan,HN04,Honduras,HN,1435190400000,1475625600000,NA
53,Copan Ruinas,HN0404,Copan Ruinas,NA,NA,Copan,HN04,Honduras,HN,1435190400000,1475625600000,NA
54,Cabana,HN0402,Cabana,NA,NA,Copan,HN04,Honduras,HN,1435190400000,1475625600000,NA
55,La Union,HN1311,La Union,NA,NA,Lempira,HN13,Honduras,HN,1435190400000,1475625600000,NA
56,San Luis,HN0316,San Luis,NA,NA,Comayagua,HN03,Honduras,HN,1435190400000,1475625600000,NA
57,Manto,HN1515,Manto,NA,NA,Olancho,HN15,Honduras,HN,1435190400000,1475625600000,NA
58,San Jose del Potrero,HN0315,San Jose del Potrero,NA,NA,Comayagua,HN03,Honduras,HN,1435190400000,1475625600000,NA
59,La Libertad,HN0306,La Libertad,NA,NA,Comayagua,HN03,Honduras,HN,1435190400000,1475625600000,NA
60,Lepaera,HN1313,Lepaera,NA,NA,Lempira,HN13,Honduras,HN,1435190400000,1475625600000,NA
61,Santa Rosa de Copan,HN0401,Santa Rosa de Copan,NA,NA,Copan,HN04,Honduras,HN,1435190400000,1475625600000,NA
62,Guayape,HN1511,Guayape,NA,NA,Olancho,HN15,Honduras,HN,1435190400000,1475625600000,NA
63,Concepcion del Sur,HN1607,Concepcion del Sur,NA,NA,Santa Barbara,HN16,Honduras,HN,1435190400000,1475625600000,NA
64,Meambar,HN0310,Meambar,NA,NA,Comayagua,HN03,Honduras,HN,1435190400000,1475625600000,NA
65,Taulabe,HN0321,Taulabe,NA,NA,Comayagua,HN03,Honduras,HN,1435190400000,1475625600000,NA
66,Minas de Oro,HN0311,Minas de Oro,NA,NA,Comayagua,HN03,Honduras,HN,1435190400000,1475625600000,NA
67,San Juan de Opoa,HN0418,San Juan de Opoa,NA,NA,Copan,HN04,Honduras,HN,1435190400000,1475625600000,NA
68,San Pedro Zacapa,HN1623,San Pedro Zacapa,NA,NA,Santa Barbara,HN16,Honduras,HN,1435190400000,1475625600000,NA
69,El Nispero,HN1609,El Nispero,NA,NA,Santa Barbara,HN16,Honduras,HN,1435190400000,1475625600000,NA
70,Salama,HN1516,Salama,NA,NA,Olancho,HN15,Honduras,HN,1435190400000,1475625600000,NA
71,Ojos de Agua,HN0312,Ojos de Agua,NA,NA,Comayagua,HN03,Honduras,HN,1435190400000,1475625600000,NA
72,Ceguaca,HN1605,Ceguaca,NA,NA,Santa Barbara,HN16,Honduras,HN,1435190400000,1475625600000,NA
73,El Rosario,HN0303,El Rosario,NA,NA,Comayagua,HN03,Honduras,HN,1435190400000,1475625600000,NA
74,Juticalpa,HN1501,Juticalpa,NA,NA,Olancho,HN15,Honduras,HN,1435190400000,1475625600000,NA
75,San Francisco de Opalaca,HN1017,San Francisco de Opalaca,NA,NA,Intibuca,HN10,Honduras,HN,1435190400000,1475625600000,NA
76,Intibuca,HN1006,Intibuca,NA,NA,Intibuca,HN10,Honduras,HN,1435190400000,1475625600000,NA
77,Siguatepeque,HN0318,Siguatepeque,NA,NA,Comayagua,HN03,Honduras,HN,1435190400000,1475625600000,NA
78,Concordia,HN1504,Concordia,NA,NA,Olancho,HN15,Honduras,HN,1435190400000,1475625600000,NA
79,La Iguala,HN1309,La Iguala,NA,NA,Lempira,HN13,Honduras,HN,1435190400000,1475625600000,NA
80,Cedros,HN0803,Cedros,NA,NA,Francisco Morazan,HN08,Honduras,HN,1435190400000,1475625600000,NA
81,Belen,HN1302,Belen,NA,NA,Lempira,HN13,Honduras,HN,1435190400000,1475625600000,NA
82,San Francisco de Becerra,HN1518,San Francisco de Becerra,NA,NA,Olancho,HN15,Honduras,HN,1435190400000,1475625600000,NA
83,Comayagua,HN0301,Comayagua,NA,NA,Comayagua,HN03,Honduras,HN,1435190400000,1475625600000,NA
84,Campamento,HN1502,Campamento,NA,NA,Olancho,HN15,Honduras,HN,1435190400000,1475625600000,NA
85,San Jerónimo,HN0313,San Jeronimo,NA,NA,Comayagua,HN03,Honduras,HN,1435190400000,1475625600000,NA
86,Gracias,HN1301,Gracias,NA,NA,Lempira,HN13,Honduras,HN,1435190400000,1475625600000,NA
87,Concepcion,HN1403,Concepcion,NA,NA,Ocotepeque,HN14,Honduras,HN,1435190400000,1475625600000,NA
88,Guaimaca,HN0806,Guaimaca,NA,NA,Francisco Morazan,HN08,Honduras,HN,1435190400000,1475625600000,NA
89,Dolores Merendon,HN1404,Dolores Merendon,NA,NA,Ocotepeque,HN14,Honduras,HN,1435190400000,1475625600000,NA
90,Corquin,HN0405,Corquin,NA,NA,Copan,HN04,Honduras,HN,1435190400000,1475625600000,NA
91,San Isidro,HN1011,San Isidro,NA,NA,Intibuca,HN10,Honduras,HN,1435190400000,1475625600000,NA
92,Villanueva,HN0511,Villanueva,NA,NA,Cortes,HN05,Honduras,HN,1435190400000,1475625600000,NA
93,Arenal,HN1802,Arenal,NA,NA,Yoro,HN18,Honduras,HN,1435190400000,1475625600000,NA
94,Esquipulas del Norte,HN1507,Esquipulas del Norte,NA,NA,Olancho,HN15,Honduras,HN,1435190400000,1475625600000,NA
95,Jocon,HN1805,Jocon,NA,NA,Yoro,HN18,Honduras,HN,1435190400000,1475625600000,NA
96,Petoa,HN1615,Petoa,NA,NA,Santa Barbara,HN16,Honduras,HN,1435190400000,1475625600000,NA
97,Macuelizo,HN1612,Macuelizo,NA,NA,Santa Barbara,HN16,Honduras,HN,1435190400000,1475625600000,NA
98,San Marcos,HN1621,San Marcos,NA,NA,Santa Barbara,HN16,Honduras,HN,1435190400000,1475625600000,NA
99,Pimienta,HN0504,Pimienta,NA,NA,Cortes,HN05,Honduras,HN,1435190400000,1475625600000,NA
100,Florida,HN0410,Florida,NA,NA,Copan,HN04,Honduras,HN,1435190400000,1475625600000,NA
101,La Union,HN1513,La Union,NA,NA,Olancho,HN15,Honduras,HN,1435190400000,1475625600000,NA
102,Concepcion del Norte,HN1606,Concepcion del Norte,NA,NA,Santa Barbara,HN16,Honduras,HN,1435190400000,1475625600000,NA
103,Potrerillos,HN0505,Potrerillos,NA,NA,Cortes,HN05,Honduras,HN,1435190400000,1475625600000,NA
104,Santa Rita,HN1808,Santa Rita,NA,NA,Yoro,HN18,Honduras,HN,1435190400000,1475625600000,NA
105,San Antonio,HN0415,San Antonio,NA,NA,Copan,HN04,Honduras,HN,1435190400000,1475625600000,NA
106,Ilama,HN1611,Ilama,NA,NA,Santa Barbara,HN16,Honduras,HN,1435190400000,1475625600000,NA
107,San Francisco de Yojoa,HN0508,San Francisco de Yojoa,NA,NA,Cortes,HN05,Honduras,HN,1435190400000,1475625600000,NA
108,Catacamas,HN1503,Catacamas,NA,NA,Olancho,HN15,Honduras,HN,1435190400000,1475625600000,NA
109,Sulaco,HN1809,Sulaco,NA,NA,Yoro,HN18,Honduras,HN,1435190400000,1475625600000,NA
110,Naranjito,HN1613,Naranjito,NA,NA,Santa Barbara,HN16,Honduras,HN,1435190400000,1475625600000,NA
111,San Nicolas,HN0419,San Nicolas,NA,NA,Copan,HN04,Honduras,HN,1435190400000,1475625600000,NA
112,Gualala,HN1610,Gualala,NA,NA,Santa Barbara,HN16,Honduras,HN,1435190400000,1475625600000,NA
113,Marale,HN0811,Marale,NA,NA,Francisco Morazan,HN08,Honduras,HN,1435190400000,1475625600000,NA
114,Nuevo Celilac,HN1614,Nuevo Celilac,NA,NA,Santa Barbara,HN16,Honduras,HN,1435190400000,1475625600000,NA
115,Yocon,HN1522,Yocon,NA,NA,Olancho,HN15,Honduras,HN,1435190400000,1475625600000,NA
116,Atima,HN1603,Atima,NA,NA,Santa Barbara,HN16,Honduras,HN,1435190400000,1475625600000,NA
117,San Jeronimo,HN0416,San Jeronimo,NA,NA,Copan,HN04,Honduras,HN,1435190400000,1475625600000,NA
118,Santa Barbara,HN1601,Santa Barbara,NA,NA,Santa Barbara,HN16,Honduras,HN,1435190400000,1475625600000,NA
119,Orica,HN0814,Orica,NA,NA,Francisco Morazan,HN08,Honduras,HN,1435190400000,1475625600000,NA
120,Guarizama,HN1509,Guarizama,NA,NA,Olancho,HN15,Honduras,HN,1435190400000,1475625600000,NA
121,Trinidad de Copan,HN0422,Trinidad de Copan,NA,NA,Copan,HN04,Honduras,HN,1435190400000,1475625600000,NA
122,Santa Rita,HN0421,Santa Rita,NA,NA,Copan,HN04,Honduras,HN,1435190400000,1475625600000,NA
123,San Nicolas,HN1622,San Nicolas,NA,NA,Santa Barbara,HN16,Honduras,HN,1435190400000,1475625600000,NA
124,El Rosario,HN1506,El Rosario,NA,NA,Olancho,HN15,Honduras,HN,1435190400000,1475625600000,NA
125,Dolores,HN0407,Dolores,NA,NA,Copan,HN04,Honduras,HN,1435190400000,1475625600000,NA
126,San Francisco de La Paz,HN1519,San Francisco de La Paz,NA,NA,Olancho,HN15,Honduras,HN,1435190400000,1475625600000,NA
127,San Jose,HN0417,San Jose,NA,NA,Copan,HN04,Honduras,HN,1435190400000,1475625600000,NA
128,Concepción,HN0403,Concepcion,NA,NA,Copan,HN04,Honduras,HN,1435190400000,1475625600000,NA
129,Las Lajas,HN0320,Las Lajas,NA,NA,Comayagua,HN03,Honduras,HN,1435190400000,1475625600000,NA
130,Santa Maria del Real,HN1520,Santa Maria del Real,NA,NA,Olancho,HN15,Honduras,HN,1435190400000,1475625600000,NA
131,Las Vegas,HN1627,Las Vegas,NA,NA,Santa Barbara,HN16,Honduras,HN,1435190400000,1475625600000,NA
132,Veracruz,HN0423,Veracruz,NA,NA,Copan,HN04,Honduras,HN,1435190400000,1475625600000,NA
133,San Vicente Centenario,HN1624,San Vicente Centenario,NA,NA,Santa Barbara,HN16,Honduras,HN,1435190400000,1475625600000,NA
134,Dulce Nombre,HN0408,Dulce Nombre,NA,NA,Copan,HN04,Honduras,HN,1435190400000,1475625600000,NA
135,Arada,HN1602,Arada,NA,NA,Santa Barbara,HN16,Honduras,HN,1435190400000,1475625600000,NA
136,San Agustin,HN0414,San Agustin,NA,NA,Copan,HN04,Honduras,HN,1435190400000,1475625600000,NA
137,Silca,HN1521,Silca,NA,NA,Olancho,HN15,Honduras,HN,1435190400000,1475625600000,NA
138,El Porvenir,HN0805,El Porvenir,NA,NA,Francisco Morazan,HN08,Honduras,HN,1435190400000,1475625600000,NA
139,San Ignacio,HN0819,San Ignacio,NA,NA,Francisco Morazan,HN08,Honduras,HN,1435190400000,1475625600000,NA
140,Santa Rita,HN1625,Santa Rita,NA,NA,Santa Barbara,HN16,Honduras,HN,1435190400000,1475625600000,NA
141,La Union,HN0412,La Union,NA,NA,Copan,HN04,Honduras,HN,1435190400000,1475625600000,NA
142,San Francisco de Ojuera,HN1618,San Francisco de Ojuera,NA,NA,Santa Barbara,HN16,Honduras,HN,1435190400000,1475625600000,NA
143,Esquias,HN0304,Esquias,NA,NA,Comayagua,HN03,Honduras,HN,1435190400000,1475625600000,NA
144,San Rafael,HN1320,San Rafael,NA,NA,Lempira,HN13,Honduras,HN,1435190400000,1475625600000,NA
145,San Jose de Comayagua,HN0314,San Jose de Comayagua,NA,NA,Comayagua,HN03,Honduras,HN,1435190400000,1475625600000,NA
146,Cucuyagua,HN0406,Cucuyagua,NA,NA,Copan,HN04,Honduras,HN,1435190400000,1475625600000,NA
147,Las Flores,HN1310,Las Flores,NA,NA,Lempira,HN13,Honduras,HN,1435190400000,1475625600000,NA
148,La Trinidad,HN0308,La Trinidad,NA,NA,Comayagua,HN03,Honduras,HN,1435190400000,1475625600000,NA
149,San Fernando,HN1410,San Fernando,NA,NA,Ocotepeque,HN14,Honduras,HN,1435190400000,1475625600000,NA
150,San Jorge,HN1412,San Jorge,NA,NA,Ocotepeque,HN14,Honduras,HN,1435190400000,1475625600000,NA
151,Talgua,HN1323,Talgua,NA,NA,Lempira,HN13,Honduras,HN,1435190400000,1475625600000,NA
152,La Encarnacion,HN1406,La Encarnacion,NA,NA,Ocotepeque,HN14,Honduras,HN,1435190400000,1475625600000,NA
153,Lucerna,HN1408,Lucerna,NA,NA,Ocotepeque,HN14,Honduras,HN,1435190400000,1475625600000,NA
154,Jesus de Otoro,HN1007,Jesus de Otoro,NA,NA,Intibuca,HN10,Honduras,HN,1435190400000,1475625600000,NA
155,La Esperanza,HN1001,La Esperanza,NA,NA,Intibuca,HN10,Honduras,HN,1435190400000,1475625600000,NA
156,Fraternidad,HN1405,Fraternidad,NA,NA,Ocotepeque,HN14,Honduras,HN,1435190400000,1475625600000,NA
157,San Pedro,HN0420,San Pedro,NA,NA,Copan,HN04,Honduras,HN,1435190400000,1475625600000,NA
158,Sensenti,HN1415,Sensenti,NA,NA,Ocotepeque,HN14,Honduras,HN,1435190400000,1475625600000,NA
159,Vallecillo,HN0828,Vallecillo,NA,NA,Francisco Morazan,HN08,Honduras,HN,1435190400000,1475625600000,NA
160,La Labor,HN1407,La Labor,NA,NA,Ocotepeque,HN14,Honduras,HN,1435190400000,1475625600000,NA
161,Santa Fe,HN1414,Santa Fe,NA,NA,Ocotepeque,HN14,Honduras,HN,1435190400000,1475625600000,NA
162,Belen Gualcho,HN1402,Belen Gualcho,NA,NA,Ocotepeque,HN14,Honduras,HN,1435190400000,1475625600000,NA
163,Sinuapa,HN1416,Sinuapa,NA,NA,Ocotepeque,HN14,Honduras,HN,1435190400000,1475625600000,NA
164,La Campa,HN1308,La Campa,NA,NA,Lempira,HN13,Honduras,HN,1435190400000,1475625600000,NA
165,Patuca,HN1523,Patuca,NA,NA,Olancho,HN15,Honduras,HN,1435190400000,1475625600000,NA
166,San Manuel Colohete,HN1319,San Manuel Colohete,NA,NA,Lempira,HN13,Honduras,HN,1435190400000,1475625600000,NA
167,Masaguara,HN1009,Masaguara,NA,NA,Intibuca,HN10,Honduras,HN,1435190400000,1475625600000,NA
168,Ocotepeque,HN1401,Ocotepeque,NA,NA,Ocotepeque,HN14,Honduras,HN,1435190400000,1475625600000,NA
169,San Francisco del Valle,HN1411,San Francisco del Valle,NA,NA,Ocotepeque,HN14,Honduras,HN,1435190400000,1475625600000,NA
170,San Juan,HN1012,San Juan,NA,NA,Intibuca,HN10,Honduras,HN,1435190400000,1475625600000,NA
171,Talanga,HN0824,Talanga,NA,NA,Francisco Morazan,HN08,Honduras,HN,1435190400000,1475625600000,NA
172,San Marcos,HN1413,San Marcos,NA,NA,Ocotepeque,HN14,Honduras,HN,1435190400000,1475625600000,NA
173,San Miguelito,HN1014,San Miguelito,NA,NA,Intibuca,HN10,Honduras,HN,1435190400000,1475625600000,NA
174,San Sebastian,HN1321,San Sebastian,NA,NA,Lempira,HN13,Honduras,HN,1435190400000,1475625600000,NA
175,Santa Cruz,HN1322,Santa Cruz,NA,NA,Lempira,HN13,Honduras,HN,1435190400000,1475625600000,NA
176,San Marcos de Caiquin,HN1328,San Marcos de Caiquin,NA,NA,Lempira,HN13,Honduras,HN,1435190400000,1475625600000,NA
177,Ajuterique,HN0302,Ajuterique,NA,NA,Comayagua,HN03,Honduras,HN,1435190400000,1475625600000,NA
178,Santiago de Puringla,HN1218,Santiago de Puringla,NA,NA,La Paz,HN12,Honduras,HN,1435190400000,1475625600000,NA
179,Teupasenti,HN0715,Teupasenti,NA,NA,El Paraiso,HN07,Honduras,HN,1435190400000,1475625600000,NA
180,Cololaca,HN1304,Cololaca,NA,NA,Lempira,HN13,Honduras,HN,1435190400000,1475625600000,NA
181,Mercedes,HN1409,Mercedes,NA,NA,Ocotepeque,HN14,Honduras,HN,1435190400000,1475625600000,NA
182,San Juan de Flores,HN0820,San Juan de Flores,NA,NA,Francisco Morazan,HN08,Honduras,HN,1435190400000,1475625600000,NA
183,Yamaranguila,HN1016,Yamaranguila,NA,NA,Intibuca,HN10,Honduras,HN,1435190400000,1475625600000,NA
184,La Paz,HN1201,La Paz,NA,NA,La Paz,HN12,Honduras,HN,1435190400000,1475625600000,NA
185,Lejamani,HN0309,Lejamani,NA,NA,Comayagua,HN03,Honduras,HN,1435190400000,1475625600000,NA
186,Villa de San Antonio,HN0319,Villa de San Antonio,NA,NA,Comayagua,HN03,Honduras,HN,1435190400000,1475625600000,NA
187,Distrito Central,HN0801,Distrito Central,NA,NA,Francisco Morazan,HN08,Honduras,HN,1435190400000,1475625600000,NA
188,Erandique,HN1305,Erandique,NA,NA,Lempira,HN13,Honduras,HN,1435190400000,1475625600000,NA
189,Danli,HN0703,Danli,NA,NA,El Paraiso,HN07,Honduras,HN,1435190400000,1475625600000,NA
190,San Andres,HN1316,San Andres,NA,NA,Lempira,HN13,Honduras,HN,1435190400000,1475625600000,NA
191,Santa Maria,HN1217,Santa Maria,NA,NA,La Paz,HN12,Honduras,HN,1435190400000,1475625600000,NA
192,Cane,HN1204,Cane,NA,NA,La Paz,HN12,Honduras,HN,1435190400000,1475625600000,NA
193,Guarita,HN1307,Guarita,NA,NA,Lempira,HN13,Honduras,HN,1435190400000,1475625600000,NA
194,Dolores,HN1005,Dolores,NA,NA,Intibuca,HN10,Honduras,HN,1435190400000,1475625600000,NA
195,San Pedro de Tutule,HN1214,San Pedro de Tutule,NA,NA,La Paz,HN12,Honduras,HN,1435190400000,1475625600000,NA
196,Tomala,HN1325,Tomala,NA,NA,Lempira,HN13,Honduras,HN,1435190400000,1475625600000,NA
197,Moroceli,HN0708,Moroceli,NA,NA,El Paraiso,HN07,Honduras,HN,1435190400000,1475625600000,NA
198,Tambla,HN1324,Tambla,NA,NA,Lempira,HN13,Honduras,HN,1435190400000,1475625600000,NA
199,San Jose,HN1212,San Jose,NA,NA,La Paz,HN12,Honduras,HN,1435190400000,1475625600000,NA
200,Trojes,HN0719,Trojes,NA,NA,El Paraiso,HN07,Honduras,HN,1435190400000,1475625600000,NA
201,Humuya,HN0305,Humuya,NA,NA,Comayagua,HN03,Honduras,HN,1435190400000,1475625600000,NA
202,San Sebastian,HN0317,San Sebastian,NA,NA,Comayagua,HN03,Honduras,HN,1435190400000,1475625600000,NA
203,Marcala,HN1208,Marcala,NA,NA,La Paz,HN12,Honduras,HN,1435190400000,1475625600000,NA
204,Lamani,HN0307,Lamani,NA,NA,Comayagua,HN03,Honduras,HN,1435190400000,1475625600000,NA
205,Villa de San Francisco,HN0827,Villa de San Francisco,NA,NA,Francisco Morazan,HN08,Honduras,HN,1435190400000,1475625600000,NA
206,Chinacla,HN1205,Chinacla,NA,NA,La Paz,HN12,Honduras,HN,1435190400000,1475625600000,NA
207,Valle de Angeles,HN0826,Valle de Angeles,NA,NA,Francisco Morazan,HN08,Honduras,HN,1435190400000,1475625600000,NA
208,San Francisco,HN1317,San Francisco,NA,NA,Lempira,HN13,Honduras,HN,1435190400000,1475625600000,NA
209,Guajiquiro,HN1206,Guajiquiro,NA,NA,La Paz,HN12,Honduras,HN,1435190400000,1475625600000,NA
210,Valladolid,HN1326,Valladolid,NA,NA,Lempira,HN13,Honduras,HN,1435190400000,1475625600000,NA
211,Lepaterique,HN0809,Lepaterique,NA,NA,Francisco Morazan,HN08,Honduras,HN,1435190400000,1475625600000,NA
212,Gualcince,HN1306,Gualcince,NA,NA,Lempira,HN13,Honduras,HN,1435190400000,1475625600000,NA
213,San Juan Guarita,HN1318,San Juan Guarita,NA,NA,Lempira,HN13,Honduras,HN,1435190400000,1475625600000,NA
214,Opatoro,HN1210,Opatoro,NA,NA,La Paz,HN12,Honduras,HN,1435190400000,1475625600000,NA
215,San Marcos de Sierra,HN1013,San Marcos de Sierra,NA,NA,Intibuca,HN10,Honduras,HN,1435190400000,1475625600000,NA
216,Yarula,HN1219,Yarula,NA,NA,La Paz,HN12,Honduras,HN,1435190400000,1475625600000,NA
217,Santa Lucia,HN0823,Santa Lucia,NA,NA,Francisco Morazan,HN08,Honduras,HN,1435190400000,1475625600000,NA
218,Jacaleapa,HN0706,Jacaleapa,NA,NA,El Paraiso,HN07,Honduras,HN,1435190400000,1475625600000,NA
219,Santa Elena,HN1216,Santa Elena,NA,NA,La Paz,HN12,Honduras,HN,1435190400000,1475625600000,NA
220,La Virtud,HN1312,La Virtud,NA,NA,Lempira,HN13,Honduras,HN,1435190400000,1475625600000,NA
221,Piraera,HN1315,Piraera,NA,NA,Lempira,HN13,Honduras,HN,1435190400000,1475625600000,NA
222,Potrerillos,HN0710,Potrerillos,NA,NA,El Paraiso,HN07,Honduras,HN,1435190400000,1475625600000,NA
223,San Antonio de Oriente,HN0817,San Antonio de Oriente,NA,NA,Francisco Morazan,HN08,Honduras,HN,1435190400000,1475625600000,NA
224,Santa Ana,HN1215,Santa Ana,NA,NA,La Paz,HN12,Honduras,HN,1435190400000,1475625600000,NA
225,Concepcion,HN1004,Concepcion,NA,NA,Intibuca,HN10,Honduras,HN,1435190400000,1475625600000,NA
226,Candelaria,HN1303,Candelaria,NA,NA,Lempira,HN13,Honduras,HN,1435190400000,1475625600000,NA
227,Cabanas,HN1203,Cabanas,NA,NA,La Paz,HN12,Honduras,HN,1435190400000,1475625600000,NA
228,Mapulaca,HN1314,Mapulaca,NA,NA,Lempira,HN13,Honduras,HN,1435190400000,1475625600000,NA
229,Colomoncagua,HN1003,Colomoncagua,NA,NA,Intibuca,HN10,Honduras,HN,1435190400000,1475625600000,NA
230,Aguanqueterique,HN1202,Aguanqueterique,NA,NA,La Paz,HN12,Honduras,HN,1435190400000,1475625600000,NA
231,Yuscaran,HN0701,Yuscaran,NA,NA,El Paraiso,HN07,Honduras,HN,1435190400000,1475625600000,NA
232,Camasca,HN1002,Camasca,NA,NA,Intibuca,HN10,Honduras,HN,1435190400000,1475625600000,NA
233,Virginia,HN1327,Virginia,NA,NA,Lempira,HN13,Honduras,HN,1435190400000,1475625600000,NA
234,Tatumbla,HN0825,Tatumbla,NA,NA,Francisco Morazan,HN08,Honduras,HN,1435190400000,1475625600000,NA
235,Ojojona,HN0813,Ojojona,NA,NA,Francisco Morazan,HN08,Honduras,HN,1435190400000,1475625600000,NA
236,San Antonio,HN1010,San Antonio,NA,NA,Intibuca,HN10,Honduras,HN,1435190400000,1475625600000,NA
237,San Matias,HN0713,San Matias,NA,NA,El Paraiso,HN07,Honduras,HN,1435190400000,1475625600000,NA
238,San Juan,HN1213,San Juan,NA,NA,La Paz,HN12,Honduras,HN,1435190400000,1475625600000,NA
239,Mercedes de Oriente,HN1209,Mercedes de Oriente,NA,NA,La Paz,HN12,Honduras,HN,1435190400000,1475625600000,NA
240,Maraita,HN0810,Maraita,NA,NA,Francisco Morazan,HN08,Honduras,HN,1435190400000,1475625600000,NA
241,Santa Ana,HN0822,Santa Ana,NA,NA,Francisco Morazan,HN08,Honduras,HN,1435190400000,1475625600000,NA
242,Magdalena,HN1008,Magdalena,NA,NA,Intibuca,HN10,Honduras,HN,1435190400000,1475625600000,NA
243,Santa Lucia,HN1015,Santa Lucia,NA,NA,Intibuca,HN10,Honduras,HN,1435190400000,1475625600000,NA
244,Guinope,HN0705,Guinope,NA,NA,El Paraiso,HN07,Honduras,HN,1435190400000,1475625600000,NA
245,San Buenaventura,HN0818,San Buenaventura,NA,NA,Francisco Morazan,HN08,Honduras,HN,1435190400000,1475625600000,NA
246,Curaren,HN0804,Curaren,NA,NA,Francisco Morazan,HN08,Honduras,HN,1435190400000,1475625600000,NA
247,El Paraiso,HN0704,El Paraiso,NA,NA,El Paraiso,HN07,Honduras,HN,1435190400000,1475625600000,NA
248,San Antonio del Norte,HN1211,San Antonio del Norte,NA,NA,La Paz,HN12,Honduras,HN,1435190400000,1475625600000,NA
249,Alauca,HN0702,Alauca,NA,NA,El Paraiso,HN07,Honduras,HN,1435190400000,1475625600000,NA
250,Reitoca,HN0815,Reitoca,NA,NA,Francisco Morazan,HN08,Honduras,HN,1435190400000,1475625600000,NA
251,Sabanagrande,HN0816,Sabanagrande,NA,NA,Francisco Morazan,HN08,Honduras,HN,1435190400000,1475625600000,NA
252,Lauterique,HN1207,Lauterique,NA,NA,La Paz,HN12,Honduras,HN,1435190400000,1475625600000,NA
253,Oropoli,HN0709,Oropoli,NA,NA,El Paraiso,HN07,Honduras,HN,1435190400000,1475625600000,NA
254,Caridad,HN1705,Caridad,NA,NA,Valle,HN17,Honduras,HN,1435190400000,1475625600000,NA
255,Nueva Armenia,HN0812,Nueva Armenia,NA,NA,Francisco Morazan,HN08,Honduras,HN,1435190400000,1475625600000,NA
256,Alubaren,HN0802,Alubaren,NA,NA,Francisco Morazan,HN08,Honduras,HN,1435190400000,1475625600000,NA
257,Yauyupe,HN0718,Yauyupe,NA,NA,El Paraiso,HN07,Honduras,HN,1435190400000,1475625600000,NA
258,San Lucas,HN0712,San Lucas,NA,NA,El Paraiso,HN07,Honduras,HN,1435190400000,1475625600000,NA
259,Aramecina,HN1704,Aramecina,NA,NA,Valle,HN17,Honduras,HN,1435190400000,1475625600000,NA
260,San Miguelito,HN0821,San Miguelito,NA,NA,Francisco Morazan,HN08,Honduras,HN,1435190400000,1475625600000,NA
261,La Venta,HN0808,La Venta,NA,NA,Francisco Morazan,HN08,Honduras,HN,1435190400000,1475625600000,NA
262,San Antonio de Flores,HN0711,San Antonio de Flores,NA,NA,El Paraiso,HN07,Honduras,HN,1435190400000,1475625600000,NA
263,San Jose,HN0614,San Jose,NA,NA,Choluteca,HN06,Honduras,HN,1435190400000,1475625600000,NA
264,Texiguat,HN0716,Texiguat,NA,NA,El Paraiso,HN07,Honduras,HN,1435190400000,1475625600000,NA
265,Langue,HN1707,Langue,NA,NA,Valle,HN17,Honduras,HN,1435190400000,1475625600000,NA
266,La Libertad,HN0807,La Libertad,NA,NA,Francisco Morazan,HN08,Honduras,HN,1435190400000,1475625600000,NA
267,San Francisco de Coray,HN1708,San Francisco de Coray,NA,NA,Valle,HN17,Honduras,HN,1435190400000,1475625600000,NA
268,Duyure,HN0604,Duyure,NA,NA,Choluteca,HN06,Honduras,HN,1435190400000,1475625600000,NA
269,Vado Ancho,HN0717,Vado Ancho,NA,NA,El Paraiso,HN07,Honduras,HN,1435190400000,1475625600000,NA
270,Goascoran,HN1706,Goascoran,NA,NA,Valle,HN17,Honduras,HN,1435190400000,1475625600000,NA
271,Pespire,HN0611,Pespire,NA,NA,Choluteca,HN06,Honduras,HN,1435190400000,1475625600000,NA
272,San Antonio de Flores,HN0612,San Antonio de Flores,NA,NA,Choluteca,HN06,Honduras,HN,1435190400000,1475625600000,NA
273,San Isidro,HN0613,San Isidro,NA,NA,Choluteca,HN06,Honduras,HN,1435190400000,1475625600000,NA
274,Soledad,HN0714,Soledad,NA,NA,El Paraiso,HN07,Honduras,HN,1435190400000,1475625600000,NA
275,Nacaome,HN1701,Nacaome,NA,NA,Valle,HN17,Honduras,HN,1435190400000,1475625600000,NA
276,Morolica,HN0608,Morolica,NA,NA,Choluteca,HN06,Honduras,HN,1435190400000,1475625600000,NA
277,Liure,HN0707,Liure,NA,NA,El Paraiso,HN07,Honduras,HN,1435190400000,1475625600000,NA
278,San Marcos de Colon,HN0615,San Marcos de Colon,NA,NA,Choluteca,HN06,Honduras,HN,1435190400000,1475625600000,NA
279,Orocuina,HN0610,Orocuina,NA,NA,Choluteca,HN06,Honduras,HN,1435190400000,1475625600000,NA
280,Alianza,HN1702,Alianza,NA,NA,Valle,HN17,Honduras,HN,1435190400000,1475625600000,NA
281,Apacilagua,HN0602,Apacilagua,NA,NA,Choluteca,HN06,Honduras,HN,1435190400000,1475625600000,NA
282,San Lorenzo,HN1709,San Lorenzo,NA,NA,Valle,HN17,Honduras,HN,1435190400000,1475625600000,NA
283,Choluteca,HN0601,Choluteca,NA,NA,Choluteca,HN06,Honduras,HN,1435190400000,1475625600000,NA
284,El Corpus,HN0605,El Corpus,NA,NA,Choluteca,HN06,Honduras,HN,1435190400000,1475625600000,NA
285,Marcovia,HN0607,Marcovia,NA,NA,Choluteca,HN06,Honduras,HN,1435190400000,1475625600000,NA
286,Amapala,HN1703,Amapala,NA,NA,Valle,HN17,Honduras,HN,1435190400000,1475625600000,NA
287,Santa Ana de Yusguare,HN0616,Santa Ana de Yusguare,NA,NA,Choluteca,HN06,Honduras,HN,1435190400000,1475625600000,NA
288,Concepcion de Maria,HN0603,Concepcion de Maria,NA,NA,Choluteca,HN06,Honduras,HN,1435190400000,1475625600000,NA
289,Namasigue,HN0609,Namasigue,NA,NA,Choluteca,HN06,Honduras,HN,1435190400000,1475625600000,NA
290,El Triunfo,HN0606,El Triunfo,NA,NA,Choluteca,HN06,Honduras,HN,1435190400000,1475625600000,NA
291,Utila,HN1104,Utila,NA,NA,Islas de La Bahia,HN11,Honduras,HN,1435190400000,1475625600000,NA
292,Juan Francisco  Bulnes,HN0904,Juan Francisco  Bulnes,NA,NA,Gracias a Dios,HN09,Honduras,HN,1435190400000,1475625600000,NA
293,Ramón Villeda Morales,HN0905,Ramon Villeda Morales,NA,NA,Gracias a Dios,HN09,Honduras,HN,1435190400000,1475625600000,NA
294,Wampusirpi,HN0906,Wampusirpi,NA,NA,Gracias a Dios,HN09,Honduras,HN,1435190400000,1475625600000,NA
295,Ahuas,HN0903,Ahuas,NA,NA,Gracias a Dios,HN09,Honduras,HN,1435190400000,1475625600000,NA
296,Puerto Lempira,HN0901,Puerto Lempira,NA,NA,Gracias a Dios,HN09,Honduras,HN,1435190400000,1475625600000,NA
297,Brus Laguna,HN0902,Brus Laguna,NA,NA,Gracias a Dios,HN09,Honduras,HN,1435190400000,1475625600000,NA
298,Nueva Frontera,HN1628,Nueva Frontera,NA,NA,Santa Barbara,HN16,Honduras,HN,1435190400000,1475625600000,NA
