OBJECTID,admin3Name_en,admin3Pcode,admin3RefName,admin3AltName1_en,admin3AltName2_en,admin2Name_en,admin2Pcode,SenDist_en,SenDistPcode,admin1Name_en,admin1Pcode,admin0Name_en,admin0Pcode,date,validOn,validTo
1,A Lawant,NG008022002,A Lawant,Alla  Lawanti, ,Marte,NG008022,Borno North,NG00802,Borno,NG008,Nigeria,NG,1490918400000,1555459200000,NA
2,Abbaram,NG008003007,Abbaram,Lawanti / Malam / Mastari / Abbaram, ,Bama,NG008003,Borno Central,NG00801,Borno,NG008,Nigeria,NG,1490918400000,1555459200000,NA
3,Adarawo,NG002021001,Adarawo,Adarawo, ,Yola South,NG002021,Adamawa Central,NG00201,Adamawa,NG002,Nigeria,NG,1490918400000,1555459200000,NA
4,Aduwa,NG008010001,Aduwa,Aduwa, ,Guzamala,NG008010,Borno North,NG00802,Borno,NG008,Nigeria,NG,1490918400000,1555459200000,NA
5,Afunori,NG036013001,Afunori,Mirba-Kabir/Mirba Sagir, ,Nguru,NG036013,Yobe North,NG03602,Yobe,NG036,Nigeria,NG,1490918400000,1555459200000,NA
6,Afuye,NG008008009,Afuye,Sogoma / Afuye, ,Dikwa,NG008008,Borno Central,NG00801,Borno,NG008,Nigeria,NG,1490918400000,1555459200000,NA
7,Ajigin A,NG008007001,Ajigin A,Ajign (A), ,Damboa,NG008007,Borno South,NG00803,Borno,NG008,Nigeria,NG,1490918400000,1555459200000,NA
8,Ajigin B,NG008007002,Ajigin B,Ajign (B), ,Damboa,NG008007,Borno South,NG00803,Borno,NG008,Nigeria,NG,1490918400000,1555459200000,NA
9,Ajiri,NG008016011,Ajiri,Sojiri/ Nguro - Nguro, ,Konduga,NG008016,Borno Central,NG00801,Borno,NG008,Nigeria,NG,1490918400000,1555459200000,NA
10,Ajiri,NG008019002,Ajiri,Anadua, ,Mafa,NG008019,Borno Central,NG00801,Borno,NG008,Nigeria,NG,1490918400000,1555459200000,NA
11,Ajiya,NG002020001,Ajiya,Ajiya, ,Yola North,NG002020,Adamawa Central,NG00201,Adamawa,NG002,Nigeria,NG,1490918400000,1555459200000,NA
12,Ala,NG008022001,Ala,Ala, ,Marte,NG008022,Borno North,NG00802,Borno,NG008,Nigeria,NG,1490918400000,1555459200000,NA
13,Alagarno,NG008017001,Alagarno,Alagarno, ,Kukawa,NG008017,Borno North,NG00802,Borno,NG008,Nigeria,NG,1490918400000,1555459200000,NA
14,Alagarno,NG036005001,Alagarno,Alagarno, ,Fune,NG036005,Yobe South,NG03603,Yobe,NG036,Nigeria,NG,1490918400000,1555459200000,NA
15,Alarge,NG008026001,Alarge,Alarge, ,Nganzai,NG008026,Borno North,NG00802,Borno,NG008,Nigeria,NG,1490918400000,1555459200000,NA
16,Alau,NG008013001,Alau,Alau, ,Jere,NG008013,Borno Central,NG00801,Borno,NG008,Nigeria,NG,1490918400000,1555459200000,NA
17,Alkalawa,NG002020002,Alkalawa,Alkalawa, ,Yola North,NG002020,Adamawa Central,NG00201,Adamawa,NG002,Nigeria,NG,1490918400000,1555459200000,NA
18,Amchaka,NG008003008,Amchaka,Marka / Malge / Amchaka, ,Bama,NG008003,Borno Central,NG00801,Borno,NG008,Nigeria,NG,1490918400000,1555459200000,NA
19,Andara,NG008003001,Andara,Andara / Ajiri /Wulba, ,Bama,NG008003,Borno Central,NG00801,Borno,NG008,Nigeria,NG,1490918400000,1555459200000,NA
20,Ardimini,NG008009001,Ardimini,Ardimini, ,Gubio,NG008009,Borno North,NG00802,Borno,NG008,Nigeria,NG,1490918400000,1555459200000,NA
21,Ardoram,NG008020001,Ardoram,Ardo Ram, ,Magumeri,NG008020,Borno North,NG00802,Borno,NG008,Nigeria,NG,1490918400000,1555459200000,NA
22,Arege,NG008001001,Arege,Arege, ,Abadam,NG008001,Borno North,NG00802,Borno,NG008,Nigeria,NG,1490918400000,1555459200000,NA
23,Asaga,NG008023001,Asaga,Asaga, ,Mobbar,NG008023,Borno North,NG00802,Borno,NG008,Nigeria,NG,1490918400000,1555459200000,NA
24,Asheikri 1,NG036006001,Asheikri 1,Asheikri, ,Geidam,NG036006,Yobe East,NG03601,Yobe,NG036,Nigeria,NG,1490918400000,1555459200000,NA
25,Asheikri 2,NG036006002,Asheikri 2,Kawuri, ,Geidam,NG036006,Yobe East,NG03601,Yobe,NG036,Nigeria,NG,1490918400000,1555459200000,NA
26,Ashigashiya,NG008011001,Ashigashiya,Ashigashiya, ,Gwoza,NG008011,Borno South,NG00803,Borno,NG008,Nigeria,NG,1490918400000,1555459200000,NA
27,Askira East,NG008002001,Askira East,Askira East, ,Askira/Uba,NG008002,Borno South,NG00803,Borno,NG008,Nigeria,NG,1490918400000,1555459200000,NA
28,Auno,NG008016001,Auno,Auno / Chabbol, ,Konduga,NG008016,Borno Central,NG00801,Borno,NG008,Nigeria,NG,1490918400000,1555459200000,NA
29,Ayi Yasku,NG008020002,Ayi Yasku,Ayi / Yasku, ,Magumeri,NG008020,Borno North,NG00802,Borno,NG008,Nigeria,NG,1490918400000,1555459200000,NA
30,Azir Multe,NG008007003,Azir Multe,Azur/Multe/Forfor, ,Damboa,NG008007,Borno South,NG00803,Borno,NG008,Nigeria,NG,1490918400000,1555459200000,NA
31,Babangida,NG036015001,Babangida,Babangida, ,Tarmua,NG036015,Yobe East,NG03601,Yobe,NG036,Nigeria,NG,1490918400000,1555459200000,NA
32,Badairi,NG008022011,Badairi,Ngeleiwa, ,Marte,NG008022,Borno North,NG00802,Borno,NG008,Nigeria,NG,1490918400000,1555459200000,NA
33,Badu,NG008026002,Badu,Badu, ,Nganzai,NG008026,Borno North,NG00802,Borno,NG008,Nigeria,NG,1490918400000,1555459200000,NA
34,Baga,NG008017002,Baga,Baga, ,Kukawa,NG008017,Borno North,NG00802,Borno,NG008,Nigeria,NG,1490918400000,1555459200000,NA
35,Bahuli,NG002014001,Bahuli,Bahuli, ,Mubi North,NG002014,Adamawa North,NG00202,Adamawa,NG002,Nigeria,NG,1490918400000,1555459200000,NA
36,Bajama,NG002012001,Bajama,Bajama, ,Mayo-Belwa,NG002012,Adamawa South,NG00203,Adamawa,NG002,Nigeria,NG,1490918400000,1555459200000,NA
37,Bakari Goso,NG002003001,Bakari Goso,Bakari Guso, ,Ganye,NG002003,Adamawa South,NG00203,Adamawa,NG002,Nigeria,NG,1490918400000,1555459200000,NA
38,Bako,NG002021002,Bako,Bako, ,Yola South,NG002021,Adamawa Central,NG00201,Adamawa,NG002,Nigeria,NG,1490918400000,1555459200000,NA
39,Bakta,NG002017001,Bakta,Bakta, ,Shelleng,NG002017,Adamawa South,NG00203,Adamawa,NG002,Nigeria,NG,1490918400000,1555459200000,NA
40,Balbaya,NG008004001,Balbaya,Balbaya, ,Bayo,NG008004,Borno South,NG00803,Borno,NG008,Nigeria,NG,1490918400000,1555459200000,NA
41,Balle,NG036006003,Balle,Balle/Gallaba/Meleri, ,Geidam,NG036006,Yobe East,NG03601,Yobe,NG036,Nigeria,NG,1490918400000,1555459200000,NA
42,Bangshika,NG002007001,Bangshika,Bangshika, ,Hong,NG002007,Adamawa Central,NG00201,Adamawa,NG002,Nigeria,NG,1490918400000,1555459200000,NA
43,Banjiram,NG002006001,Banjiram,Banjiram, ,Guyuk,NG002006,Adamawa South,NG00203,Adamawa,NG002,Nigeria,NG,1490918400000,1555459200000,NA
44,Banki,NG008003002,Banki,Buduwa / Bula Chirabe, ,Bama,NG008003,Borno Central,NG00801,Borno,NG008,Nigeria,NG,1490918400000,1555459200000,NA
45,Banowa,NG008001002,Banowa,Banowa, ,Abadam,NG008001,Borno North,NG00802,Borno,NG008,Nigeria,NG,1490918400000,1555459200000,NA
46,Bara,NG036008001,Bara,Bara, ,Gulani,NG036008,Yobe East,NG03601,Yobe,NG036,Nigeria,NG,1490918400000,1555459200000,NA
47,Bare,NG002016001,Bare,Bare, ,Numan,NG002016,Adamawa South,NG00203,Adamawa,NG002,Nigeria,NG,1490918400000,1555459200000,NA
48,Bare Bari,NG036014001,Bare Bari,Bare-Bare/Bauya/Lalai Dumbulwa, ,Potiskum,NG036014,Yobe South,NG03603,Yobe,NG036,Nigeria,NG,1490918400000,1555459200000,NA
49,Bargu,NG008027001,Bargu,Bargu / Burashika, ,Shani,NG008027,Borno South,NG00803,Borno,NG008,Nigeria,NG,1490918400000,1555459200000,NA
50,Barwati,NG008017009,Barwati,Moduari / Barwari, ,Kukawa,NG008017,Borno North,NG00802,Borno,NG008,Nigeria,NG,1490918400000,1555459200000,NA
51,Bayamari,NG036002001,Bayamari,Bayamari, ,Bursari,NG036002,Yobe East,NG03601,Yobe,NG036,Nigeria,NG,1490918400000,1555459200000,NA
52,Bazza Margi,NG002013001,Bazza Margi,Bazza Margi, ,Michika,NG002013,Adamawa North,NG00202,Adamawa,NG002,Nigeria,NG,1490918400000,1555459200000,NA
53,Bebel,NG002010001,Bebel,Babel, ,Madagali,NG002010,Adamawa North,NG00202,Adamawa,NG002,Nigeria,NG,1490918400000,1555459200000,NA
54,Bebel,NG002011001,Bebel,Belel, ,Maiha,NG002011,Adamawa North,NG00202,Adamawa,NG002,Nigeria,NG,1490918400000,1555459200000,NA
55,Bego,NG008007004,Bego,Bego/Yerwa/Ngurna, ,Damboa,NG008007,Borno South,NG00803,Borno,NG008,Nigeria,NG,1490918400000,1555459200000,NA
56,Benisheikh,NG008014002,Benisheikh,Benisheikh, ,Kaga,NG008014,Borno Central,NG00801,Borno,NG008,Nigeria,NG,1490918400000,1555459200000,NA
57,Beti,NG002002001,Beti,Beti, ,Fufore,NG002002,Adamawa Central,NG00201,Adamawa,NG002,Nigeria,NG,1490918400000,1555459200000,NA
58,Betso,NG002014002,Betso,Betso, ,Mubi North,NG002014,Adamawa North,NG00202,Adamawa,NG002,Nigeria,NG,1490918400000,1555459200000,NA
59,Bila Gusi,NG008018002,Bila Gusi,Gusi / Billa, ,Kwaya Kusar,NG008018,Borno South,NG00803,Borno,NG008,Nigeria,NG,1490918400000,1555459200000,NA
60,Bilingwi,NG008012001,Bilingwi,Bilingwi, ,Hawul,NG008012,Borno South,NG00803,Borno,NG008,Nigeria,NG,1490918400000,1555459200000,NA
61,Bille,NG002001001,Bille,Bille, ,Demsa,NG002001,Adamawa South,NG00203,Adamawa,NG002,Nigeria,NG,1490918400000,1555459200000,NA
62,Bindigari Pawari,NG036003001,Bindigari Pawari,Bindigari/Fawari, ,Damaturu,NG036003,Yobe South,NG03603,Yobe,NG036,Nigeria,NG,1490918400000,1555459200000,NA
63,Binyeri,NG002012002,Binyeri,Binyeri, ,Mayo-Belwa,NG002012,Adamawa South,NG00203,Adamawa,NG002,Nigeria,NG,1490918400000,1555459200000,NA
64,Biriri,NG036015002,Biriri,Biriri/Churokusko, ,Tarmua,NG036015,Yobe East,NG03601,Yobe,NG036,Nigeria,NG,1490918400000,1555459200000,NA
65,Bita Izge,NG008011002,Bita Izge,Bita / Izge, ,Gwoza,NG008011,Borno South,NG00803,Borno,NG008,Nigeria,NG,1490918400000,1555459200000,NA
66,Bobini,NG002006002,Bobini,Bobini, ,Guyuk,NG002006,Adamawa South,NG00203,Adamawa,NG002,Nigeria,NG,1490918400000,1555459200000,NA
67,Boboshe,NG008008001,Boboshe,Boboshe, ,Dikwa,NG008008,Borno Central,NG00801,Borno,NG008,Nigeria,NG,1490918400000,1555459200000,NA
68,Bodeno,NG002006003,Bodeno,Bodeno, ,Guyuk,NG002006,Adamawa South,NG00203,Adamawa,NG002,Nigeria,NG,1490918400000,1555459200000,NA
69,Bodwai,NG002017002,Bodwai,Bodwai, ,Shelleng,NG002017,Adamawa South,NG00203,Adamawa,NG002,Nigeria,NG,1490918400000,1555459200000,NA
70,Boga,NG002004001,Boga,Boga/ Dingai, ,Gombi,NG002004,Adamawa Central,NG00201,Adamawa,NG002,Nigeria,NG,1490918400000,1555459200000,NA
71,Bogo,NG036011001,Bogo,Bogo, ,Machina,NG036011,Yobe North,NG03602,Yobe,NG036,Nigeria,NG,1490918400000,1555459200000,NA
72,Bogomari,NG008003012,Bogomari,Wulbari/Ndine/Chachile, ,Bama,NG008003,Borno Central,NG00801,Borno,NG008,Nigeria,NG,1490918400000,1555459200000,NA
73,Bogum,NG008023002,Bogum,Bogum, ,Mobbar,NG008023,Borno North,NG00802,Borno,NG008,Nigeria,NG,1490918400000,1555459200000,NA
74,Bole Yolde Pate,NG002021003,Bole Yolde Pate,Bole Yolde Pate, ,Yola South,NG002021,Adamawa Central,NG00201,Adamawa,NG002,Nigeria,NG,1490918400000,1555459200000,NA
75,Bolewa A,NG036014002,Bolewa A,Bolewa 'A', ,Potiskum,NG036014,Yobe South,NG03603,Yobe,NG036,Nigeria,NG,1490918400000,1555459200000,NA
76,Bolewa B,NG036014003,Bolewa B,Bolewa 'B', ,Potiskum,NG036014,Yobe South,NG03603,Yobe,NG036,Nigeria,NG,1490918400000,1555459200000,NA
77,Bolori I,NG008021001,Bolori I,Bolori  I, ,Maiduguri,NG008021,Borno Central,NG00801,Borno,NG008,Nigeria,NG,1490918400000,1555459200000,NA
78,Bolori II,NG008021002,Bolori II,Bolori  Ii, ,Maiduguri,NG008021,Borno Central,NG00801,Borno,NG008,Nigeria,NG,1490918400000,1555459200000,NA
79,Borgozo,NG008014003,Borgozo,Borgozo, ,Kaga,NG008014,Borno Central,NG00801,Borno,NG008,Nigeria,NG,1490918400000,1555459200000,NA
80,Borko,NG036006004,Borko,Zurgu Ngilewa / Borko, ,Geidam,NG036006,Yobe East,NG03601,Yobe,NG036,Nigeria,NG,1490918400000,1555459200000,NA
81,Borno Kiji,NG036005002,Borno Kiji,Borno Kiji/Ngarho/Bebbende, ,Fune,NG036005,Yobe South,NG03603,Yobe,NG036,Nigeria,NG,1490918400000,1555459200000,NA
82,Borno Yesu,NG008020003,Borno Yesu,Borno Yesu, ,Magumeri,NG008020,Borno North,NG00802,Borno,NG008,Nigeria,NG,1490918400000,1555459200000,NA
83,Borrong,NG002001002,Borrong,Borrong, ,Demsa,NG002001,Adamawa South,NG00203,Adamawa,NG002,Nigeria,NG,1490918400000,1555459200000,NA
84,Borsori,NG008022003,Borsori,Borsori, ,Marte,NG008022,Borno North,NG00802,Borno,NG008,Nigeria,NG,1490918400000,1555459200000,NA
85,Briyel,NG008004002,Briyel,Briyel, ,Bayo,NG008004,Borno South,NG00803,Borno,NG008,Nigeria,NG,1490918400000,1555459200000,NA
86,Buduwa,NG036009001,Buduwa,Buduwa / Saminaka, ,Jakusko,NG036009,Yobe North,NG03602,Yobe,NG036,Nigeria,NG,1490918400000,1555459200000,NA
87,Bukarti,NG036010001,Bukarti,Bukarti, ,Karasuwa,NG036010,Yobe North,NG03602,Yobe,NG036,Nigeria,NG,1490918400000,1555459200000,NA
88,Bulabulin,NG008011007,Bulabulin,Gwoza Wakane / Bulabulin, ,Gwoza,NG008011,Borno South,NG00803,Borno,NG008,Nigeria,NG,1490918400000,1555459200000,NA
89,Bulabulin,NG008021003,Bulabulin,Bulablin, ,Maiduguri,NG008021,Borno Central,NG00801,Borno,NG008,Nigeria,NG,1490918400000,1555459200000,NA
90,Bulabulin,NG036013002,Bulabulin,Bulabulin, ,Nguru,NG036013,Yobe North,NG03602,Yobe,NG036,Nigeria,NG,1490918400000,1555459200000,NA
91,Bulanguwa,NG036013003,Bulanguwa,Bulanguwa, ,Nguru,NG036013,Yobe North,NG03602,Yobe,NG036,Nigeria,NG,1490918400000,1555459200000,NA
92,Bularafa,NG036008002,Bularafa,Bularafa, ,Gulani,NG036008,Yobe East,NG03601,Yobe,NG036,Nigeria,NG,1490918400000,1555459200000,NA
93,Bulatura,NG036017001,Bulatura,Alanjirori, ,Yusufari,NG036017,Yobe North,NG03602,Yobe,NG036,Nigeria,NG,1490918400000,1555459200000,NA
94,Bultuwa,NG036016001,Bultuwa,Bultuwa/Mar/Yaro, ,Yunusari,NG036016,Yobe East,NG03601,Yobe,NG036,Nigeria,NG,1490918400000,1555459200000,NA
95,Buma,NG008027002,Buma,Buma, ,Shani,NG008027,Borno South,NG00803,Borno,NG008,Nigeria,NG,1490918400000,1555459200000,NA
96,Bumsa,NG036008003,Bumsa,Bumsa, ,Gulani,NG036008,Yobe East,NG03601,Yobe,NG036,Nigeria,NG,1490918400000,1555459200000,NA
97,Bundur,NG008017003,Bundur,Bundur, ,Kukawa,NG008017,Borno North,NG00802,Borno,NG008,Nigeria,NG,1490918400000,1555459200000,NA
98,Buni Gari,NG036007001,Buni Gari,Bunigari/Lawanti, ,Gujba,NG036007,Yobe East,NG03601,Yobe,NG036,Nigeria,NG,1490918400000,1555459200000,NA
99,Buni Yadi,NG036007002,Buni Yadi,Buniyadi North / South, ,Gujba,NG036007,Yobe East,NG03601,Yobe,NG036,Nigeria,NG,1490918400000,1555459200000,NA
100,Buratai,NG008005001,Buratai,Buratai, ,Biu,NG008005,Borno South,NG00803,Borno,NG008,Nigeria,NG,1490918400000,1555459200000,NA
101,Busuna,NG008001006,Busuna,Malam Kaunari, ,Abadam,NG008001,Borno North,NG00802,Borno,NG008,Nigeria,NG,1490918400000,1555459200000,NA
102,Bwalki,NG002016002,Bwalki,Bolki, ,Numan,NG002016,Adamawa South,NG00203,Adamawa,NG002,Nigeria,NG,1490918400000,1555459200000,NA
103,Chamba,NG008023003,Chamba,Chamba, ,Mobbar,NG008023,Borno North,NG00802,Borno,NG008,Nigeria,NG,1490918400000,1555459200000,NA
104,Chikide,NG008011009,Chikide,Johode/Chikide/Kughum, ,Gwoza,NG008011,Borno South,NG00803,Borno,NG008,Nigeria,NG,1490918400000,1555459200000,NA
105,Chikila,NG002006004,Chikila,Chikila, ,Guyuk,NG002006,Adamawa South,NG00203,Adamawa,NG002,Nigeria,NG,1490918400000,1555459200000,NA
106,Chilariye,NG036012001,Chilariye,Chilariye, ,Nangere,NG036012,Yobe South,NG03603,Yobe,NG036,Nigeria,NG,1490918400000,1555459200000,NA
107,Chukuriya,NG036012002,Chukuriya,Dadiso / Chukuriwa, ,Nangere,NG036012,Yobe South,NG03603,Yobe,NG036,Nigeria,NG,1490918400000,1555459200000,NA
108,Dabira,NG008009002,Dabira,Dabira, ,Gubio,NG008009,Borno North,NG00802,Borno,NG008,Nigeria,NG,1490918400000,1555459200000,NA
109,Dabule,NG036013004,Dabule,Dabule, ,Nguru,NG036013,Yobe North,NG03602,Yobe,NG036,Nigeria,NG,1490918400000,1555459200000,NA
110,Dadingel,NG036007003,Dadingel,Dadingel, ,Gujba,NG036007,Yobe East,NG03601,Yobe,NG036,Nigeria,NG,1490918400000,1555459200000,NA
111,Dagona,NG036001001,Dagona,Dagona, ,Bade,NG036001,Yobe North,NG03602,Yobe,NG036,Nigeria,NG,1490918400000,1555459200000,NA
112,Daima,NG008015009,Daima,"Rann ""B''/Daima", ,Kala/Balge,NG008015,Borno Central,NG00801,Borno,NG008,Nigeria,NG,1490918400000,1555459200000,NA
113,Dakri,NG002005001,Dakri,Dakri, ,Girei,NG002005,Adamawa Central,NG00201,Adamawa,NG002,Nigeria,NG,1490918400000,1555459200000,NA
114,Daksiri,NG002007002,Daksiri,Daksiri, ,Hong,NG002007,Adamawa Central,NG00201,Adamawa,NG002,Nigeria,NG,1490918400000,1555459200000,NA
115,Dala,NG008013003,Dala,Dala Lawanti, ,Jere,NG008013,Borno Central,NG00801,Borno,NG008,Nigeria,NG,1490918400000,1555459200000,NA
116,Dalori,NG008016002,Dalori,Dalori / Wanori, ,Konduga,NG008016,Borno Central,NG00801,Borno,NG008,Nigeria,NG,1490918400000,1555459200000,NA
117,Dalwa,NG008016009,Dalwa,Masba / Dalwa West, ,Konduga,NG008016,Borno Central,NG00801,Borno,NG008,Nigeria,NG,1490918400000,1555459200000,NA
118,Damagum A,NG036005003,Damagum A,Damagum Town, ,Fune,NG036005,Yobe South,NG03603,Yobe,NG036,Nigeria,NG,1490918400000,1555459200000,NA
119,Damagum B,NG036005004,Damagum B,Gaba Tasha/Aigada/Dumbulwa, ,Fune,NG036005,Yobe South,NG03603,Yobe,NG036,Nigeria,NG,1490918400000,1555459200000,NA
120,Damai,NG036011002,Damai,Damai, ,Machina,NG036011,Yobe North,NG03602,Yobe,NG036,Nigeria,NG,1490918400000,1555459200000,NA
121,Damakasu,NG036003002,Damakasu,Damakasu, ,Damaturu,NG036003,Yobe South,NG03603,Yobe,NG036,Nigeria,NG,1490918400000,1555459200000,NA
122,Damakuli,NG008024001,Damakuli,Damakuli, ,Monguno,NG008024,Borno North,NG00802,Borno,NG008,Nigeria,NG,1490918400000,1555459200000,NA
123,Damaram,NG008026003,Damaram,Damaram, ,Nganzai,NG008026,Borno North,NG00802,Borno,NG008,Nigeria,NG,1490918400000,1555459200000,NA
124,Damare,NG002005002,Damare,Damare, ,Girei,NG002005,Adamawa Central,NG00201,Adamawa,NG002,Nigeria,NG,1490918400000,1555459200000,NA
125,Damasak,NG008023004,Damasak,Damasak, ,Mobbar,NG008023,Borno North,NG00802,Borno,NG008,Nigeria,NG,1490918400000,1555459200000,NA
126,Damaturu Central,NG036003003,Damaturu Central,Damaturu Central, ,Damaturu,NG036003,Yobe South,NG03603,Yobe,NG036,Nigeria,NG,1490918400000,1555459200000,NA
127,Damboa Central,NG008007005,Damboa Central,Damboa, ,Damboa,NG008007,Borno South,NG00803,Borno,NG008,Nigeria,NG,1490918400000,1555459200000,NA
128,Danaba,NG002008001,Danaba,Danaba, ,Jada,NG002008,Adamawa South,NG00203,Adamawa,NG002,Nigeria,NG,1490918400000,1555459200000,NA
129,Danani,NG036002002,Danani,Danani, ,Bursari,NG036002,Yobe East,NG03601,Yobe,NG036,Nigeria,NG,1490918400000,1555459200000,NA
130,Danchuwa,NG036014004,Danchuwa,Danchuwa/Bula, ,Potiskum,NG036014,Yobe South,NG03603,Yobe,NG036,Nigeria,NG,1490918400000,1555459200000,NA
131,Dapchi,NG036002003,Dapchi,Dapchi, ,Bursari,NG036002,Yobe East,NG03601,Yobe,NG036,Nigeria,NG,1490918400000,1555459200000,NA
132,Darajamal,NG008003003,Darajamal,Dipchari / Jere / Dar-Jamal / Kotembe, ,Bama,NG008003,Borno Central,NG00801,Borno,NG008,Nigeria,NG,1490918400000,1555459200000,NA
133,Daura A,NG036005005,Daura A,Daura/Bulanyiwa/Dubbul/Bauwa, ,Fune,NG036005,Yobe South,NG03603,Yobe,NG036,Nigeria,NG,1490918400000,1555459200000,NA
134,Daura B,NG036005006,Daura B,Dogon Kuka/Gishiwari/Gununu, ,Fune,NG036005,Yobe South,NG03603,Yobe,NG036,Nigeria,NG,1490918400000,1555459200000,NA
135,Dawasa,NG036012003,Dawasa,Dawasa/G.Baba, ,Nangere,NG036012,Yobe South,NG03603,Yobe,NG036,Nigeria,NG,1490918400000,1555459200000,NA
136,Dawayo,NG036001002,Dawayo,Usur/Dawayo, ,Bade,NG036001,Yobe North,NG03602,Yobe,NG036,Nigeria,NG,1490918400000,1555459200000,NA
137,Dawo 1,NG002019001,Dawo 1,Dawo I, ,Toungo,NG002019,Adamawa South,NG00203,Adamawa,NG002,Nigeria,NG,1490918400000,1555459200000,NA
138,Dawo 2,NG002019002,Dawo 2,Dawo II, ,Toungo,NG002019,Adamawa South,NG00203,Adamawa,NG002,Nigeria,NG,1490918400000,1555459200000,NA
139,Dazigau,NG036012004,Dazigau,Dazigau, ,Nangere,NG036012,Yobe South,NG03603,Yobe,NG036,Nigeria,NG,1490918400000,1555459200000,NA
140,Degaltura,NG036016002,Degaltura,Degaltura/Ngamzai, ,Yunusari,NG036016,Yobe East,NG03601,Yobe,NG036,Nigeria,NG,1490918400000,1555459200000,NA
141,Degubi,NG036012005,Degubi,Degubi, ,Nangere,NG036012,Yobe South,NG03603,Yobe,NG036,Nigeria,NG,1490918400000,1555459200000,NA
142,Dekwa,NG036016003,Dekwa,Dekwa, ,Yunusari,NG036016,Yobe East,NG03601,Yobe,NG036,Nigeria,NG,1490918400000,1555459200000,NA
143,Demsa,NG002001003,Demsa,Demsa, ,Demsa,NG002001,Adamawa South,NG00203,Adamawa,NG002,Nigeria,NG,1490918400000,1555459200000,NA
144,Digil,NG002014003,Digil,Digil, ,Mubi North,NG002014,Adamawa North,NG00202,Adamawa,NG002,Nigeria,NG,1490918400000,1555459200000,NA
145,Dikwa,NG008008002,Dikwa,Dikwa, ,Dikwa,NG008008,Borno Central,NG00801,Borno,NG008,Nigeria,NG,1490918400000,1555459200000,NA
146,Dilala,NG036016004,Dilala,Dilala/Kalgi, ,Yunusari,NG036016,Yobe East,NG03601,Yobe,NG036,Nigeria,NG,1490918400000,1555459200000,NA
147,Dille Huyim,NG008002003,Dille Huyim,Dille / Huyum, ,Askira/Uba,NG008002,Borno South,NG00803,Borno,NG008,Nigeria,NG,1490918400000,1555459200000,NA
148,Dilli,NG002001004,Dilli,Dilli, ,Demsa,NG002001,Adamawa South,NG00203,Adamawa,NG002,Nigeria,NG,1490918400000,1555459200000,NA
149,Dirbishi,NG002015001,Dirbishi,Dirbishi/Gandira, ,Mubi South,NG002015,Adamawa North,NG00202,Adamawa,NG002,Nigeria,NG,1490918400000,1555459200000,NA
150,Dirma,NG002018001,Dirma,Dirma, ,Song,NG002018,Adamawa Central,NG00201,Adamawa,NG002,Nigeria,NG,1490918400000,1555459200000,NA
151,Dogo Tebo,NG036014005,Dogo Tebo,Dogo Tebo, ,Potiskum,NG036014,Yobe South,NG03603,Yobe,NG036,Nigeria,NG,1490918400000,1555459200000,NA
152,Dogoma,NG008014004,Dogoma,Dogoma / Jalori, ,Kaga,NG008014,Borno Central,NG00801,Borno,NG008,Nigeria,NG,1490918400000,1555459200000,NA
153,Dogon Nini,NG036014006,Dogon Nini,Dogo Nini, ,Potiskum,NG036014,Yobe South,NG03603,Yobe,NG036,Nigeria,NG,1490918400000,1555459200000,NA
154,Dogoshi,NG008017004,Dogoshi,Dogoshi, ,Kukawa,NG008017,Borno North,NG00802,Borno,NG008,Nigeria,NG,1490918400000,1555459200000,NA
155,Dokshi,NG036008004,Dokshi,Dokshi, ,Gulani,NG036008,Yobe East,NG03601,Yobe,NG036,Nigeria,NG,1490918400000,1555459200000,NA
156,Dole,NG036011003,Dole,Dole, ,Machina,NG036011,Yobe North,NG03602,Yobe,NG036,Nigeria,NG,1490918400000,1555459200000,NA
157,Dong,NG002001005,Dong,Dong, ,Demsa,NG002001,Adamawa South,NG00203,Adamawa,NG002,Nigeria,NG,1490918400000,1555459200000,NA
158,Dongo,NG008014005,Dongo,Dongo, ,Kaga,NG008014,Borno Central,NG00801,Borno,NG008,Nigeria,NG,1490918400000,1555459200000,NA
159,Doro,NG008017005,Doro,Doro / Duguri, ,Kukawa,NG008017,Borno North,NG00802,Borno,NG008,Nigeria,NG,1490918400000,1555459200000,NA
160,Doubeli,NG002020003,Doubeli,Doubeli, ,Yola North,NG002020,Adamawa Central,NG00201,Adamawa,NG002,Nigeria,NG,1490918400000,1555459200000,NA
161,Dubange,NG002009001,Dubange,Dubwangun, ,Lamurde,NG002009,Adamawa South,NG00203,Adamawa,NG002,Nigeria,NG,1490918400000,1555459200000,NA
162,Dudduye,NG036012006,Dudduye,Pakarau Kare-Kare/ Pakarau Fulani, ,Nangere,NG036012,Yobe South,NG03603,Yobe,NG036,Nigeria,NG,1490918400000,1555459200000,NA
163,Dugja,NG008005003,Dugja,Dugja, ,Biu,NG008005,Borno South,NG00803,Borno,NG008,Nigeria,NG,1490918400000,1555459200000,NA
164,Duhu,NG002010002,Duhu,Duhu/ Shuwa, ,Madagali,NG002010,Adamawa North,NG00202,Adamawa,NG002,Nigeria,NG,1490918400000,1555459200000,NA
165,Duji,NG008023005,Duji,Duji, ,Mobbar,NG008023,Borno North,NG00802,Borno,NG008,Nigeria,NG,1490918400000,1555459200000,NA
166,Dukul,NG002006005,Dukul,Dukul, ,Guyuk,NG002006,Adamawa South,NG00203,Adamawa,NG002,Nigeria,NG,1490918400000,1555459200000,NA
167,Dumbari,NG036009002,Dumbari,Dumbari, ,Jakusko,NG036009,Yobe North,NG03602,Yobe,NG036,Nigeria,NG,1490918400000,1555459200000,NA
168,Dumna,NG002006006,Dumna,Dumna, ,Guyuk,NG002006,Adamawa South,NG00203,Adamawa,NG002,Nigeria,NG,1490918400000,1555459200000,NA
169,Dumne,NG002018002,Dumne,Dumne, ,Song,NG002018,Adamawa Central,NG00201,Adamawa,NG002,Nigeria,NG,1490918400000,1555459200000,NA
170,Dumsai,NG036013005,Dumsai,Dumsai/Dogon-Kuka, ,Nguru,NG036013,Yobe North,NG03602,Yobe,NG036,Nigeria,NG,1490918400000,1555459200000,NA
171,Dusuma,NG008013004,Dusuma,Dusuman, ,Jere,NG008013,Borno Central,NG00801,Borno,NG008,Nigeria,NG,1490918400000,1555459200000,NA
172,Duvu,NG002015002,Duvu,Duvu/ Chaba/ Girburum, ,Mubi South,NG002015,Adamawa North,NG00202,Adamawa,NG002,Nigeria,NG,1490918400000,1555459200000,NA
173,Duwa,NG002004002,Duwa,Duwa, ,Gombi,NG002004,Adamawa Central,NG00201,Adamawa,NG002,Nigeria,NG,1490918400000,1555459200000,NA
174,Dwam,NG002001006,Dwam,Dwam, ,Demsa,NG002001,Adamawa South,NG00203,Adamawa,NG002,Nigeria,NG,1490918400000,1555459200000,NA
175,Fai,NG008014001,Fai,Afa/Dig/Maudori, ,Kaga,NG008014,Borno Central,NG00801,Borno,NG008,Nigeria,NG,1490918400000,1555459200000,NA
176,Fajiganari,NG036010002,Fajiganari,Fajiganari, ,Karasuwa,NG036010,Yobe North,NG03602,Yobe,NG036,Nigeria,NG,1490918400000,1555459200000,NA
177,Falimaram,NG036011004,Falimaram,Falimaram, ,Machina,NG036011,Yobe North,NG03602,Yobe,NG036,Nigeria,NG,1490918400000,1555459200000,NA
178,Farang,NG002002002,Farang,Farang, ,Fufore,NG002002,Adamawa Central,NG00201,Adamawa,NG002,Nigeria,NG,1490918400000,1555459200000,NA
179,Felo,NG008009003,Felo,Felo, ,Gubio,NG008009,Borno North,NG00802,Borno,NG008,Nigeria,NG,1490918400000,1555459200000,NA
180,Fezzan,NG008021004,Fezzan,Fezzan, ,Maiduguri,NG008021,Borno Central,NG00801,Borno,NG008,Nigeria,NG,1490918400000,1555459200000,NA
181,Fika Anze,NG036004001,Fika Anze,Fika/Anze, ,Fika,NG036004,Yobe South,NG03603,Yobe,NG036,Nigeria,NG,1490918400000,1555459200000,NA
182,Fikhayel,NG008004003,Fikhayel,Fikayel, ,Bayo,NG008004,Borno South,NG00803,Borno,NG008,Nigeria,NG,1490918400000,1555459200000,NA
183,Foguwa,NG008001003,Foguwa,Fuguwa, ,Abadam,NG008001,Borno North,NG00802,Borno,NG008,Nigeria,NG,1490918400000,1555459200000,NA
184,Fufore,NG002002003,Fufore,Fufore, ,Fufore,NG002002,Adamawa Central,NG00201,Adamawa,NG002,Nigeria,NG,1490918400000,1555459200000,NA
185,Fukurti,NG036006005,Fukurti,Dejina/Fukurti, ,Geidam,NG036006,Yobe East,NG03601,Yobe,NG036,Nigeria,NG,1490918400000,1555459200000,NA
186,Furram,NG008020004,Furram,Furram, ,Magumeri,NG008020,Borno North,NG00802,Borno,NG008,Nigeria,NG,1490918400000,1555459200000,NA
187,Futchimiram,NG036006006,Futchimiram,Futchimiram, ,Geidam,NG036006,Yobe East,NG03601,Yobe,NG036,Nigeria,NG,1490918400000,1555459200000,NA
188,Futuless,NG002013002,Futuless,Futudou / Futules, ,Michika,NG002013,Adamawa North,NG00202,Adamawa,NG002,Nigeria,NG,1490918400000,1555459200000,NA
189,Fuye,NG008025001,Fuye,Fuye, ,Ngala,NG008025,Borno Central,NG00801,Borno,NG008,Nigeria,NG,1490918400000,1555459200000,NA
190,Gaanda,NG002004003,Gaanda,Ga'Anda, ,Gombi,NG002004,Adamawa Central,NG00201,Adamawa,NG002,Nigeria,NG,1490918400000,1555459200000,NA
191,Gabai,NG036008005,Gabai,Gabai, ,Gulani,NG036008,Yobe East,NG03601,Yobe,NG036,Nigeria,NG,1490918400000,1555459200000,NA
192,Gabon,NG002004004,Gabon,Gabun, ,Gombi,NG002004,Adamawa Central,NG00201,Adamawa,NG002,Nigeria,NG,1490918400000,1555459200000,NA
193,Gadai,NG008026004,Gadai,Gadai, ,Nganzai,NG008026,Borno North,NG00802,Borno,NG008,Nigeria,NG,1490918400000,1555459200000,NA
194,Gadaka,NG036004002,Gadaka,Gadaka/Shembire, ,Fika,NG036004,Yobe South,NG03603,Yobe,NG036,Nigeria,NG,1490918400000,1555459200000,NA
195,Gagure,NG036008006,Gagure,Gagure, ,Gulani,NG036008,Yobe East,NG03601,Yobe,NG036,Nigeria,NG,1490918400000,1555459200000,NA
196,Gajibo,NG008008003,Gajibo,Gajibo, ,Dikwa,NG008008,Borno Central,NG00801,Borno,NG008,Nigeria,NG,1490918400000,1555459200000,NA
197,Gajigana,NG008020005,Gajigana,Gaji Ganna  I, ,Magumeri,NG008020,Borno North,NG00802,Borno,NG008,Nigeria,NG,1490918400000,1555459200000,NA
198,Gajiram,NG008026005,Gajiram,Gajiram, ,Nganzai,NG008026,Borno North,NG00802,Borno,NG008,Nigeria,NG,1490918400000,1555459200000,NA
199,Galangi,NG008014006,Galangi,Galangi, ,Kaga,NG008014,Borno Central,NG00801,Borno,NG008,Nigeria,NG,1490918400000,1555459200000,NA
200,Galdimari,NG008005006,Galdimari,Kenken, ,Biu,NG008005,Borno South,NG00803,Borno,NG008,Nigeria,NG,1490918400000,1555459200000,NA
201,Galtimari,NG008013002,Galtimari,Bale Galtimari, ,Jere,NG008013,Borno Central,NG00801,Borno,NG008,Nigeria,NG,1490918400000,1555459200000,NA
202,Gamadadi,NG008004004,Gamadadi,Gamadadi, ,Bayo,NG008004,Borno South,NG00803,Borno,NG008,Nigeria,NG,1490918400000,1555459200000,NA
203,Gamadiyo,NG002016003,Gamadiyo,Gamadio, ,Numan,NG002016,Adamawa South,NG00203,Adamawa,NG002,Nigeria,NG,1490918400000,1555459200000,NA
204,Gamawu,NG008009004,Gamawu,Gamowo, ,Gubio,NG008009,Borno North,NG00802,Borno,NG008,Nigeria,NG,1490918400000,1555459200000,NA
205,Gambir Moduri,NG036003004,Gambir Moduri,Gabir/Maduri, ,Damaturu,NG036003,Yobe South,NG03603,Yobe,NG036,Nigeria,NG,1490918400000,1555459200000,NA
206,Gamboru,NG008021005,Gamboru,Gamboru Liberty, ,Maiduguri,NG008021,Borno Central,NG00801,Borno,NG008,Nigeria,NG,1490918400000,1555459200000,NA
207,Gamboru A,NG008025007,Gamboru A,Old Gamboru 'A', ,Ngala,NG008025,Borno Central,NG00801,Borno,NG008,Nigeria,NG,1490918400000,1555459200000,NA
208,Gamboru B,NG008025002,Gamboru B,Gamboru 'B', ,Ngala,NG008025,Borno Central,NG00801,Borno,NG008,Nigeria,NG,1490918400000,1555459200000,NA
209,Gamboru C,NG008025003,Gamboru C,Gamboru 'C', ,Ngala,NG008025,Borno Central,NG00801,Borno,NG008,Nigeria,NG,1490918400000,1555459200000,NA
210,Gamu,NG002003002,Gamu,Gamu, ,Ganye,NG002003,Adamawa South,NG00203,Adamawa,NG002,Nigeria,NG,1490918400000,1555459200000,NA
211,Gang Fada,NG002012003,Gang Fada,Gangfada, ,Mayo-Belwa,NG002012,Adamawa South,NG00203,Adamawa,NG002,Nigeria,NG,1490918400000,1555459200000,NA
212,Ganye 1,NG002003003,Ganye 1,Ganye I, ,Ganye,NG002003,Adamawa South,NG00203,Adamawa,NG002,Nigeria,NG,1490918400000,1555459200000,NA
213,Ganye 2,NG002003004,Ganye 2,Ganye II, ,Ganye,NG002003,Adamawa South,NG00203,Adamawa,NG002,Nigeria,NG,1490918400000,1555459200000,NA
214,Garaha,NG002007003,Garaha,Garaha, ,Hong,NG002007,Adamawa Central,NG00201,Adamawa,NG002,Nigeria,NG,1490918400000,1555459200000,NA
215,Garin Gawo,NG036010003,Garin Gawo,Garin Gawo, ,Karasuwa,NG036010,Yobe North,NG03602,Yobe,NG036,Nigeria,NG,1490918400000,1555459200000,NA
216,Garin Tuwo,NG036008007,Garin Tuwo,Garin Tuwo, ,Gulani,NG036008,Yobe East,NG03601,Yobe,NG036,Nigeria,NG,1490918400000,1555459200000,NA
217,Garkida,NG002004005,Garkida,Garkida, ,Gombi,NG002004,Adamawa Central,NG00201,Adamawa,NG002,Nigeria,NG,1490918400000,1555459200000,NA
218,Garta,NG002013003,Garta,Garta / Ghunchi, ,Michika,NG002013,Adamawa North,NG00202,Adamawa,NG002,Nigeria,NG,1490918400000,1555459200000,NA
219,Garu,NG008006001,Garu,Chibok Garu, ,Chibok,NG008006,Borno South,NG00803,Borno,NG008,Nigeria,NG,1490918400000,1555459200000,NA
220,Garu,NG036004003,Garu,Daya/Chana, ,Fika,NG036004,Yobe South,NG03603,Yobe,NG036,Nigeria,NG,1490918400000,1555459200000,NA
221,Garubula,NG008005004,Garubula,Garubula, ,Biu,NG008005,Borno South,NG00803,Borno,NG008,Nigeria,NG,1490918400000,1555459200000,NA
222,Gashigar,NG008023006,Gashigar,Gashagar, ,Mobbar,NG008023,Borno North,NG00802,Borno,NG008,Nigeria,NG,1490918400000,1555459200000,NA
223,Gasi,NG008027003,Gasi,Gasi / Salifawa, ,Shani,NG008027,Borno South,NG00803,Borno,NG008,Nigeria,NG,1490918400000,1555459200000,NA
224,Gasma,NG036010004,Gasma,Gasma, ,Karasuwa,NG036010,Yobe North,NG03602,Yobe,NG036,Nigeria,NG,1490918400000,1555459200000,NA
225,Gatamarwa,NG008006004,Gatamarwa,Gatamarwa, ,Chibok,NG008006,Borno South,NG00803,Borno,NG008,Nigeria,NG,1490918400000,1555459200000,NA
226,Gava Agapalawa,NG008011004,Gava Agapalawa,Gavva / Agapalwa, ,Gwoza,NG008011,Borno South,NG00803,Borno,NG008,Nigeria,NG,1490918400000,1555459200000,NA
227,Gawa,NG008019003,Gawa,Gawa, ,Mafa,NG008019,Borno Central,NG00801,Borno,NG008,Nigeria,NG,1490918400000,1555459200000,NA
228,Gaya-sikalmi,NG002007004,Gaya-sikalmi,Gaya, ,Hong,NG002007,Adamawa Central,NG00201,Adamawa,NG002,Nigeria,NG,1490918400000,1555459200000,NA
229,Gazabure,NG008009005,Gazabure,Gazabure, ,Gubio,NG008009,Borno North,NG00802,Borno,NG008,Nigeria,NG,1490918400000,1555459200000,NA
230,Gella,NG002015003,Gella,Gella, ,Mubi South,NG002015,Adamawa North,NG00202,Adamawa,NG002,Nigeria,NG,1490918400000,1555459200000,NA
231,Gengle,NG002012004,Gengle,Gengle, ,Mayo-Belwa,NG002012,Adamawa South,NG00203,Adamawa,NG002,Nigeria,NG,1490918400000,1555459200000,NA
232,Gereng,NG002005003,Gereng,Gereng, ,Girei,NG002005,Adamawa Central,NG00201,Adamawa,NG002,Nigeria,NG,1490918400000,1555459200000,NA
233,Gidgid Bayam,NG036009003,Gidgid Bayam,Gidgid / Bayam, ,Jakusko,NG036009,Yobe North,NG03602,Yobe,NG036,Nigeria,NG,1490918400000,1555459200000,NA
234,Girei 1,NG002005004,Girei 1,Girei I, ,Girei,NG002005,Adamawa Central,NG00201,Adamawa,NG002,Nigeria,NG,1490918400000,1555459200000,NA
235,Girei 2,NG002005005,Girei 2,Girei II, ,Girei,NG002005,Adamawa Central,NG00201,Adamawa,NG002,Nigeria,NG,1490918400000,1555459200000,NA
236,Goduram,NG036015003,Goduram,Barkami / Bulturi, ,Tarmua,NG036015,Yobe East,NG03601,Yobe,NG036,Nigeria,NG,1490918400000,1555459200000,NA
237,Gomari,NG008013005,Gomari,Gomari, ,Jere,NG008013,Borno Central,NG00801,Borno,NG008,Nigeria,NG,1490918400000,1555459200000,NA
238,Gombi North,NG002004006,Gombi North,Gombi North, ,Gombi,NG002004,Adamawa Central,NG00201,Adamawa,NG002,Nigeria,NG,1490918400000,1555459200000,NA
239,Gombi South,NG002004007,Gombi South,Gombi South, ,Gombi,NG002004,Adamawa Central,NG00201,Adamawa,NG002,Nigeria,NG,1490918400000,1555459200000,NA
240,Gongulong,NG008013006,Gongulong,Gongulong, ,Jere,NG008013,Borno Central,NG00801,Borno,NG008,Nigeria,NG,1490918400000,1555459200000,NA
241,Goniri,NG008003009,Goniri,Mbuliya / Goniri / Siraja, ,Bama,NG008003,Borno Central,NG00801,Borno,NG008,Nigeria,NG,1490918400000,1555459200000,NA
242,Goniri,NG036007004,Goniri,Goniri, ,Gujba,NG036007,Yobe East,NG03601,Yobe,NG036,Nigeria,NG,1490918400000,1555459200000,NA
243,Gora,NG008027004,Gora,Gora, ,Shani,NG008027,Borno South,NG00803,Borno,NG008,Nigeria,NG,1490918400000,1555459200000,NA
244,Gorgoram,NG036009004,Gorgoram,Gorgoram, ,Jakusko,NG036009,Yobe North,NG03602,Yobe,NG036,Nigeria,NG,1490918400000,1555459200000,NA
245,Gorobi,NG002012005,Gorobi,Gorobi, ,Mayo-Belwa,NG002012,Adamawa South,NG00203,Adamawa,NG002,Nigeria,NG,1490918400000,1555459200000,NA
246,Gotala,NG036007005,Gotala,Gotala/Gotumba, ,Gujba,NG036007,Yobe East,NG03601,Yobe,NG036,Nigeria,NG,1490918400000,1555459200000,NA
247,Grim Damchoba,NG008012002,Grim Damchoba,Dzar/ Vinadum/ Birni/ Dlandi, ,Hawul,NG008012,Borno South,NG00803,Borno,NG008,Nigeria,NG,1490918400000,1555459200000,NA
248,Guba Dapso,NG036002004,Guba Dapso,Guba, ,Bursari,NG036002,Yobe East,NG03601,Yobe,NG036,Nigeria,NG,1490918400000,1555459200000,NA
249,Gubio 1,NG008009006,Gubio 1,Gubio Town  I, ,Gubio,NG008009,Borno North,NG00802,Borno,NG008,Nigeria,NG,1490918400000,1555459200000,NA
250,Gubio 2,NG008009007,Gubio 2,Gubio Town II, ,Gubio,NG008009,Borno North,NG00802,Borno,NG008,Nigeria,NG,1490918400000,1555459200000,NA
251,Gude,NG002015004,Gude,Gude, ,Mubi South,NG002015,Adamawa North,NG00202,Adamawa,NG002,Nigeria,NG,1490918400000,1555459200000,NA
252,Gudi Dozi,NG036004004,Gudi Dozi,Gudi / Dozi / Godo Woli, ,Fika,NG036004,Yobe South,NG03603,Yobe,NG036,Nigeria,NG,1490918400000,1555459200000,NA
253,Gudu Mboi,NG002018003,Gudu Mboi,Gudu Mboi, ,Song,NG002018,Adamawa Central,NG00201,Adamawa,NG002,Nigeria,NG,1490918400000,1555459200000,NA
254,Guduf A&B,NG008011005,Guduf A&B,Guduf Nagadiyo, ,Gwoza,NG008011,Borno South,NG00803,Borno,NG008,Nigeria,NG,1490918400000,1555459200000,NA
255,Gudumbali East,NG008010002,Gudumbali East,Gudumbali East, ,Guzamala,NG008010,Borno North,NG00802,Borno,NG008,Nigeria,NG,1490918400000,1555459200000,NA
256,Gudumbali West,NG008010003,Gudumbali West,Gudumbali West, ,Guzamala,NG008010,Borno North,NG00802,Borno,NG008,Nigeria,NG,1490918400000,1555459200000,NA
257,Gujba,NG036007006,Gujba,Gujba, ,Gujba,NG036007,Yobe East,NG03601,Yobe,NG036,Nigeria,NG,1490918400000,1555459200000,NA
258,Guji Metalari,NG036002005,Guji Metalari,Guji / Metalari, ,Bursari,NG036002,Yobe East,NG03601,Yobe,NG036,Nigeria,NG,1490918400000,1555459200000,NA
259,Gulak,NG002010003,Gulak,Gulak, ,Madagali,NG002010,Adamawa North,NG00202,Adamawa,NG002,Nigeria,NG,1490918400000,1555459200000,NA
260,Gulani,NG036008008,Gulani,Gulani, ,Gulani,NG036008,Yobe East,NG03601,Yobe,NG036,Nigeria,NG,1490918400000,1555459200000,NA
261,Gulumba,NG008003004,Gulumba,Gulumba / Jukkuri / Batra, ,Bama,NG008003,Borno Central,NG00801,Borno,NG008,Nigeria,NG,1490918400000,1555459200000,NA
262,Gumna,NG008022004,Gumna,Gumna, ,Marte,NG008022,Borno North,NG00802,Borno,NG008,Nigeria,NG,1490918400000,1555459200000,NA
263,Gumsa,NG036006007,Gumsa,Gumsa, ,Geidam,NG036006,Yobe East,NG03601,Yobe,NG036,Nigeria,NG,1490918400000,1555459200000,NA
264,Gumshi,NG036017002,Gumshi,Gumshi, ,Yusufari,NG036017,Yobe North,NG03602,Yobe,NG036,Nigeria,NG,1490918400000,1555459200000,NA
265,Gumsuri,NG008007006,Gumsuri,Gumsuri/Misakurbudu, ,Damboa,NG008007,Borno South,NG00803,Borno,NG008,Nigeria,NG,1490918400000,1555459200000,NA
266,Gumti,NG002019003,Gumti,Gumti, ,Toungo,NG002019,Adamawa South,NG00203,Adamawa,NG002,Nigeria,NG,1490918400000,1555459200000,NA
267,Gunda,NG008005002,Gunda,Dadin Kowa, ,Biu,NG008005,Borno South,NG00803,Borno,NG008,Nigeria,NG,1490918400000,1555459200000,NA
268,Gundo,NG002017003,Gundo,Gundo, ,Shelleng,NG002017,Adamawa South,NG00203,Adamawa,NG002,Nigeria,NG,1490918400000,1555459200000,NA
269,Gur,NG008005005,Gur,Gur, ,Biu,NG008005,Borno South,NG00803,Borno,NG008,Nigeria,NG,1490918400000,1555459200000,NA
270,Gurin,NG002002004,Gurin,Gurin, ,Fufore,NG002002,Adamawa Central,NG00201,Adamawa,NG002,Nigeria,NG,1490918400000,1555459200000,NA
271,Gurumpawo,NG002003005,Gurumpawo,Gurum, ,Ganye,NG002003,Adamawa South,NG00203,Adamawa,NG002,Nigeria,NG,1490918400000,1555459200000,NA
272,Guwal,NG008018003,Guwal,Guwal, ,Kwaya Kusar,NG008018,Borno South,NG00803,Borno,NG008,Nigeria,NG,1490918400000,1555459200000,NA
273,Guwo,NG008014007,Guwo,Guwo, ,Kaga,NG008014,Borno Central,NG00801,Borno,NG008,Nigeria,NG,1490918400000,1555459200000,NA
274,Guworam,NG008010004,Guworam,Guworam, ,Guzamala,NG008010,Borno North,NG00802,Borno,NG008,Nigeria,NG,1490918400000,1555459200000,NA
275,Guya,NG036017003,Guya,Guya, ,Yusufari,NG036017,Yobe North,NG03602,Yobe,NG036,Nigeria,NG,1490918400000,1555459200000,NA
276,Guyaku,NG002004008,Guyaku,Guyaku, ,Gombi,NG002004,Adamawa Central,NG00201,Adamawa,NG002,Nigeria,NG,1490918400000,1555459200000,NA
277,Guyuk,NG002006007,Guyuk,Guyuk, ,Guyuk,NG002006,Adamawa South,NG00203,Adamawa,NG002,Nigeria,NG,1490918400000,1555459200000,NA
278,Guzamala East,NG008010005,Guzamala East,Guzamala East, ,Guzamala,NG008010,Borno North,NG00802,Borno,NG008,Nigeria,NG,1490918400000,1555459200000,NA
279,Guzamala West,NG008010006,Guzamala West,Guzamala West, ,Guzamala,NG008010,Borno North,NG00802,Borno,NG008,Nigeria,NG,1490918400000,1555459200000,NA
280,Gwadabawa,NG002020004,Gwadabawa,Gwadabawa, ,Yola North,NG002020,Adamawa Central,NG00201,Adamawa,NG002,Nigeria,NG,1490918400000,1555459200000,NA
281,Gwalasho,NG008027005,Gwalasho,Gwalasho, ,Shani,NG008027,Borno South,NG00803,Borno,NG008,Nigeria,NG,1490918400000,1555459200000,NA
282,Gwamba,NG002001007,Gwamba,Gwamba, ,Demsa,NG002001,Adamawa South,NG00203,Adamawa,NG002,Nigeria,NG,1490918400000,1555459200000,NA
283,Gwandi,NG008018001,Gwandi,Gondi, ,Kwaya Kusar,NG008018,Borno South,NG00803,Borno,NG008,Nigeria,NG,1490918400000,1555459200000,NA
284,Gwangang Chata,NG008012003,Gwangang Chata,Gwanzang  Pusda, ,Hawul,NG008012,Borno South,NG00803,Borno,NG008,Nigeria,NG,1490918400000,1555459200000,NA
285,Gwange I,NG008021006,Gwange I,Gwange  I, ,Maiduguri,NG008021,Borno Central,NG00801,Borno,NG008,Nigeria,NG,1490918400000,1555459200000,NA
286,Gwange II,NG008021007,Gwange II,Gwange  II, ,Maiduguri,NG008021,Borno Central,NG00801,Borno,NG008,Nigeria,NG,1490918400000,1555459200000,NA
287,Gwange III,NG008021008,Gwange III,Gwange  III, ,Maiduguri,NG008021,Borno Central,NG00801,Borno,NG008,Nigeria,NG,1490918400000,1555459200000,NA
288,Gwapopolok,NG002017004,Gwapopolok,Gwapopolok, ,Shelleng,NG002017,Adamawa South,NG00203,Adamawa,NG002,Nigeria,NG,1490918400000,1555459200000,NA
289,Gwaskara,NG008027006,Gwaskara,Gwaskara, ,Shani,NG008027,Borno South,NG00803,Borno,NG008,Nigeria,NG,1490918400000,1555459200000,NA
290,Gwio-Kura,NG036001003,Gwio-Kura,Gwio-Kura, ,Bade,NG036001,Yobe North,NG03602,Yobe,NG036,Nigeria,NG,1490918400000,1555459200000,NA
291,Gyawana,NG002009002,Gyawana,Gyawana, ,Lamurde,NG002009,Adamawa South,NG00203,Adamawa,NG002,Nigeria,NG,1490918400000,1555459200000,NA
292,Hambagda,NG008011008,Hambagda,Hambagda/ Liman Kara/ New Settlement, ,Gwoza,NG008011,Borno South,NG00803,Borno,NG008,Nigeria,NG,1490918400000,1555459200000,NA
293,Hausari,NG008011006,Hausari,Gwoza Town Gadamayo, ,Gwoza,NG008011,Borno South,NG00803,Borno,NG008,Nigeria,NG,1490918400000,1555459200000,NA
294,Hausari,NG008021009,Hausari,Hausari/Zango, ,Maiduguri,NG008021,Borno Central,NG00801,Borno,NG008,Nigeria,NG,1490918400000,1555459200000,NA
295,Hausari,NG036006008,Hausari,Hausari, ,Geidam,NG036006,Yobe East,NG03601,Yobe,NG036,Nigeria,NG,1490918400000,1555459200000,NA
296,Hausari,NG036013006,Hausari,Hausari, ,Nguru,NG036013,Yobe North,NG03602,Yobe,NG036,Nigeria,NG,1490918400000,1555459200000,NA
297,Hausari Tampul,NG008002004,Hausari Tampul,Husara / Tampul, ,Askira/Uba,NG008002,Borno South,NG00803,Borno,NG008,Nigeria,NG,1490918400000,1555459200000,NA
298,Hausari Zadawa,NG008002013,Hausari Zadawa,Zadawa / Hausari, ,Askira/Uba,NG008002,Borno South,NG00803,Borno,NG008,Nigeria,NG,1490918400000,1555459200000,NA
299,Hausawa Asibiti,NG036014007,Hausawa Asibiti,Hausawa, ,Potiskum,NG036014,Yobe South,NG03603,Yobe,NG036,Nigeria,NG,1490918400000,1555459200000,NA
300,Hildi,NG002007005,Hildi,Hildi, ,Hong,NG002007,Adamawa Central,NG00201,Adamawa,NG002,Nigeria,NG,1490918400000,1555459200000,NA
301,Hizhibwala,NG008012004,Hizhibwala,Hizhi, ,Hawul,NG008012,Borno South,NG00803,Borno,NG008,Nigeria,NG,1490918400000,1555459200000,NA
302,Hong,NG002007006,Hong,Hong, ,Hong,NG002007,Adamawa Central,NG00201,Adamawa,NG002,Nigeria,NG,1490918400000,1555459200000,NA
303,Hoserezum,NG002007007,Hoserezum,Hushere Zum, ,Hong,NG002007,Adamawa Central,NG00201,Adamawa,NG002,Nigeria,NG,1490918400000,1555459200000,NA
304,Hoyo Chingowa,NG008020007,Hoyo Chingowa,Hoyo / Chin Gowa, ,Magumeri,NG008020,Borno North,NG00802,Borno,NG008,Nigeria,NG,1490918400000,1555459200000,NA
305,Humbutudi,NG002011002,Humbutudi,Humbutudi, ,Maiha,NG002011,Adamawa North,NG00202,Adamawa,NG002,Nigeria,NG,1490918400000,1555459200000,NA
306,Hyambula,NG002010004,Hyambula,Hyambula, ,Madagali,NG002010,Adamawa North,NG00202,Adamawa,NG002,Nigeria,NG,1490918400000,1555459200000,NA
307,Imburu,NG002016004,Imburu,Imburu, ,Numan,NG002016,Adamawa South,NG00203,Adamawa,NG002,Nigeria,NG,1490918400000,1555459200000,NA
308,Jaba,NG036009005,Jaba,Jaba, ,Jakusko,NG036009,Yobe North,NG03602,Yobe,NG036,Nigeria,NG,1490918400000,1555459200000,NA
309,Jabullam,NG008001004,Jabullam,Jabullam, ,Abadam,NG008001,Borno North,NG00802,Borno,NG008,Nigeria,NG,1490918400000,1555459200000,NA
310,Jada 1,NG002008002,Jada 1,Jada I, ,Jada,NG002008,Adamawa South,NG00203,Adamawa,NG002,Nigeria,NG,1490918400000,1555459200000,NA
311,Jada 2,NG002008003,Jada 2,Jada II, ,Jada,NG002008,Adamawa South,NG00203,Adamawa,NG002,Nigeria,NG,1490918400000,1555459200000,NA
312,Jaggu,NG002003006,Jaggu,Jaggu, ,Ganye,NG002003,Adamawa South,NG00203,Adamawa,NG002,Nigeria,NG,1490918400000,1555459200000,NA
313,Jajere,NG036005007,Jajere,Jajere/Banellewa/Babbare, ,Fune,NG036005,Yobe South,NG03603,Yobe,NG036,Nigeria,NG,1490918400000,1555459200000,NA
314,Jajeri,NG036010005,Jajeri,Yajiri, ,Karasuwa,NG036010,Yobe North,NG03602,Yobe,NG036,Nigeria,NG,1490918400000,1555459200000,NA
315,Jaji Maji,NG036010006,Jaji Maji,Jaji  Maji, ,Karasuwa,NG036010,Yobe North,NG03602,Yobe,NG036,Nigeria,NG,1490918400000,1555459200000,NA
316,Jakana,NG008016004,Jakana,Jewu / Lamboa, ,Konduga,NG008016,Borno Central,NG00801,Borno,NG008,Nigeria,NG,1490918400000,1555459200000,NA
317,Jakusko,NG036009006,Jakusko,Jakusko, ,Jakusko,NG036009,Yobe North,NG03602,Yobe,NG036,Nigeria,NG,1490918400000,1555459200000,NA
318,Jambutu,NG002020005,Jambutu,Jambutu, ,Yola North,NG002020,Adamawa Central,NG00201,Adamawa,NG002,Nigeria,NG,1490918400000,1555459200000,NA
319,Janga,NG036004005,Janga,Janga / Boza / Fa. Sawa / T. Nanai, ,Fika,NG036004,Yobe South,NG03603,Yobe,NG036,Nigeria,NG,1490918400000,1555459200000,NA
320,Jara-Dali,NG008004005,Jara-Dali,Jara Dali, ,Bayo,NG008004,Borno South,NG00803,Borno,NG008,Nigeria,NG,1490918400000,1555459200000,NA
321,Jara-Gol,NG008004006,Jara-Gol,Jara Gol, ,Bayo,NG008004,Borno South,NG00803,Borno,NG008,Nigeria,NG,1490918400000,1555459200000,NA
322,Jarawa,NG008015001,Jarawa,Jarawa/Sangaya, ,Kala/Balge,NG008015,Borno Central,NG00801,Borno,NG008,Nigeria,NG,1490918400000,1555459200000,NA
323,Jawa G Dole,NG036002006,Jawa G Dole,Garun Dole / Garin Alkali, ,Bursari,NG036002,Yobe East,NG03601,Yobe,NG036,Nigeria,NG,1490918400000,1555459200000,NA
324,Jawur Katamma,NG036009007,Jawur Katamma,Jawur/Katamma, ,Jakusko,NG036009,Yobe North,NG03602,Yobe,NG036,Nigeria,NG,1490918400000,1555459200000,NA
325,Jebuwa,NG036017004,Jebuwa,Jebuwa, ,Yusufari,NG036017,Yobe North,NG03602,Yobe,NG036,Nigeria,NG,1490918400000,1555459200000,NA
326,Jera Bakari,NG002005006,Jera Bakari,Jera Bakari, ,Girei,NG002005,Adamawa Central,NG00201,Adamawa,NG002,Nigeria,NG,1490918400000,1555459200000,NA
327,Jera Bonyo,NG002005007,Jera Bonyo,Jera Bonyo, ,Girei,NG002005,Adamawa Central,NG00201,Adamawa,NG002,Nigeria,NG,1490918400000,1555459200000,NA
328,Jereng,NG002012008,Jereng,Nassarawo Jereng, ,Mayo-Belwa,NG002012,Adamawa South,NG00203,Adamawa,NG002,Nigeria,NG,1490918400000,1555459200000,NA
329,Jigalambu,NG002013004,Jigalambu,Jigalambu, ,Michika,NG002013,Adamawa North,NG00202,Adamawa,NG002,Nigeria,NG,1490918400000,1555459200000,NA
330,Jigalta,NG008026006,Jigalta,Jigalta, ,Nganzai,NG008026,Borno North,NG00802,Borno,NG008,Nigeria,NG,1490918400000,1555459200000,NA
331,Jilbe,NG008015002,Jilbe,"Jilbe  ""A""", ,Kala/Balge,NG008015,Borno Central,NG00801,Borno,NG008,Nigeria,NG,1490918400000,1555459200000,NA
332,Jororo,NG036006009,Jororo,Shame Kura / Dilawa, ,Geidam,NG036006,Yobe East,NG03601,Yobe,NG036,Nigeria,NG,1490918400000,1555459200000,NA
333,Juluri Damnawa,NG036002007,Juluri Damnawa,Damnawa/Juluri, ,Bursari,NG036002,Yobe East,NG03601,Yobe,NG036,Nigeria,NG,1490918400000,1555459200000,NA
334,Jumbam,NG036015004,Jumbam,Jumbam, ,Tarmua,NG036015,Yobe East,NG03601,Yobe,NG036,Nigeria,NG,1490918400000,1555459200000,NA
335,Jumbul,NG002017005,Jumbul,Jumbul, ,Shelleng,NG002017,Adamawa South,NG00203,Adamawa,NG002,Nigeria,NG,1490918400000,1555459200000,NA
336,K Kaudi,NG008015003,K Kaudi,"Jilbe ""B""/Koma Kaudi", ,Kala/Balge,NG008015,Borno Central,NG00801,Borno,NG008,Nigeria,NG,1490918400000,1555459200000,NA
337,K Kumaga,NG008015005,K Kumaga,Kumaga, ,Kala/Balge,NG008015,Borno Central,NG00801,Borno,NG008,Nigeria,NG,1490918400000,1555459200000,NA
338,Kabulawa,NG008022005,Kabulawa,Kabulawa, ,Marte,NG008022,Borno North,NG00802,Borno,NG008,Nigeria,NG,1490918400000,1555459200000,NA
339,Kafa Mafi,NG008007007,Kafa Mafi,Kafa / Mafi, ,Damboa,NG008007,Borno South,NG00803,Borno,NG008,Nigeria,NG,1490918400000,1555459200000,NA
340,Kafiya,NG036016005,Kafiya,Wadi/Kafiya, ,Yunusari,NG036016,Yobe East,NG03601,Yobe,NG036,Nigeria,NG,1490918400000,1555459200000,NA
341,Kaguram,NG008024002,Kaguram,Kaguram, ,Monguno,NG008024,Borno North,NG00802,Borno,NG008,Nigeria,NG,1490918400000,1555459200000,NA
342,Kala,NG008015004,Kala,Kala, ,Kala/Balge,NG008015,Borno Central,NG00801,Borno,NG008,Nigeria,NG,1490918400000,1555459200000,NA
343,Kalallawa Gabai,NG036003005,Kalallawa Gabai,Kalallawa/Gabai, ,Damaturu,NG036003,Yobe South,NG03603,Yobe,NG036,Nigeria,NG,1490918400000,1555459200000,NA
344,Kaliyari,NG036002008,Kaliyari,Kaliyari, ,Bursari,NG036002,Yobe East,NG03601,Yobe,NG036,Nigeria,NG,1490918400000,1555459200000,NA
345,Kalizoram,NG008020008,Kalizoram,Kalizoram / Banoram, ,Magumeri,NG008020,Borno North,NG00802,Borno,NG008,Nigeria,NG,1490918400000,1555459200000,NA
346,Kanuri,NG036013007,Kanuri,Kanuri, ,Nguru,NG036013,Yobe North,NG03602,Yobe,NG036,Nigeria,NG,1490918400000,1555459200000,NA
347,Karagawaru,NG008014008,Karagawaru,Karagawaru, ,Kaga,NG008014,Borno Central,NG00801,Borno,NG008,Nigeria,NG,1490918400000,1555459200000,NA
348,Kararam,NG008020009,Kararam,Kareram, ,Magumeri,NG008020,Borno North,NG00802,Borno,NG008,Nigeria,NG,1490918400000,1555459200000,NA
349,Karasuwa Galu,NG036010007,Karasuwa Galu,Karasuwa Galu, ,Karasuwa,NG036010,Yobe North,NG03602,Yobe,NG036,Nigeria,NG,1490918400000,1555459200000,NA
350,Karauswa Garu Guna,NG036010008,Karauswa Garu Guna,Karauswa Garu Guna, ,Karasuwa,NG036010,Yobe North,NG03602,Yobe,NG036,Nigeria,NG,1490918400000,1555459200000,NA
351,Kareto,NG008023007,Kareto,Kareto, ,Mobbar,NG008023,Borno North,NG00802,Borno,NG008,Nigeria,NG,1490918400000,1555459200000,NA
352,Karewa,NG002020006,Karewa,Karena, ,Yola North,NG002020,Adamawa Central,NG00201,Adamawa,NG002,Nigeria,NG,1490918400000,1555459200000,NA
353,Karlahi,NG002002005,Karlahi,Karlahi, ,Fufore,NG002002,Adamawa Central,NG00201,Adamawa,NG002,Nigeria,NG,1490918400000,1555459200000,NA
354,Kasugula,NG008003005,Kasugula,Kasugula, ,Bama,NG008003,Borno Central,NG00801,Borno,NG008,Nigeria,NG,1490918400000,1555459200000,NA
355,Katuzu,NG036001004,Katuzu,Katuzu, ,Bade,NG036001,Yobe North,NG03602,Yobe,NG036,Nigeria,NG,1490918400000,1555459200000,NA
356,Kautikari,NG008006005,Kautikari,Kautikari, ,Chibok,NG008006,Borno South,NG00803,Borno,NG008,Nigeria,NG,1490918400000,1555459200000,NA
357,Kauwa,NG008017006,Kauwa,Kauwa, ,Kukawa,NG008017,Borno North,NG00802,Borno,NG008,Nigeria,NG,1490918400000,1555459200000,NA
358,Kawuri,NG008016005,Kawuri,Kawuri, ,Konduga,NG008016,Borno Central,NG00801,Borno,NG008,Nigeria,NG,1490918400000,1555459200000,NA
359,Kayeri,NG036005008,Kayeri,Kayeri, ,Fune,NG036005,Yobe South,NG03603,Yobe,NG036,Nigeria,NG,1490918400000,1555459200000,NA
360,Kekeno,NG008017007,Kekeno,Kekeno, ,Kukawa,NG008017,Borno North,NG00802,Borno,NG008,Nigeria,NG,1490918400000,1555459200000,NA
361,Kessa'A,NG008001007,KessaA,Mallamfatori Kessa, ,Abadam,NG008001,Borno North,NG00802,Borno,NG008,Nigeria,NG,1490918400000,1555459200000,NA
362,Ketembere,NG002017006,Ketembere,Ketembere, ,Shelleng,NG002017,Adamawa South,NG00203,Adamawa,NG002,Nigeria,NG,1490918400000,1555459200000,NA
363,Khadammari,NG008013010,Khadammari,Ngudaa/Addamari, ,Jere,NG008013,Borno Central,NG00801,Borno,NG008,Nigeria,NG,1490918400000,1555459200000,NA
364,Kidda,NG008012005,Kidda,Kida, ,Hawul,NG008012,Borno South,NG00803,Borno,NG008,Nigeria,NG,1490918400000,1555459200000,NA
365,Kilange Funa,NG002018004,Kilange Funa,Kilange Funa, ,Song,NG002018,Adamawa Central,NG00201,Adamawa,NG002,Nigeria,NG,1490918400000,1555459200000,NA
366,Kilange Hirna,NG002018005,Kilange Hirna,Kilange Hirna, ,Song,NG002018,Adamawa Central,NG00201,Adamawa,NG002,Nigeria,NG,1490918400000,1555459200000,NA
367,Kingarawa,NG008010007,Kingarawa,Kingarwa, ,Guzamala,NG008010,Borno North,NG00802,Borno,NG008,Nigeria,NG,1490918400000,1555459200000,NA
368,Kingowa,NG008009008,Kingowa,Kingowa, ,Gubio,NG008009,Borno North,NG00802,Borno,NG008,Nigeria,NG,1490918400000,1555459200000,NA
369,Kirawa,NG008011010,Kirawa,Kirawa/Jimini, ,Gwoza,NG008011,Borno South,NG00803,Borno,NG008,Nigeria,NG,1490918400000,1555459200000,NA
370,Kirchinga,NG002010005,Kirchinga,K/Wuro Ngayandi, ,Madagali,NG002010,Adamawa North,NG00202,Adamawa,NG002,Nigeria,NG,1490918400000,1555459200000,NA
371,Kirenowa,NG008022006,Kirenowa,Kirenowa, ,Marte,NG008022,Borno North,NG00802,Borno,NG008,Nigeria,NG,1490918400000,1555459200000,NA
372,Kiri,NG002017007,Kiri,Kiri, ,Shelleng,NG002017,Adamawa South,NG00203,Adamawa,NG002,Nigeria,NG,1490918400000,1555459200000,NA
373,Kiri 1,NG002019004,Kiri 1,Kiri I, ,Toungo,NG002019,Adamawa South,NG00203,Adamawa,NG002,Nigeria,NG,1490918400000,1555459200000,NA
374,Kiri 2,NG002019005,Kiri 2,Kiri II, ,Toungo,NG002019,Adamawa South,NG00203,Adamawa,NG002,Nigeria,NG,1490918400000,1555459200000,NA
375,Kodomti,NG002016005,Kodomti,Kodomti, ,Numan,NG002016,Adamawa South,NG00203,Adamawa,NG002,Nigeria,NG,1490918400000,1555459200000,NA
376,Kogin Baba 1,NG002019006,Kogin Baba 1,Kongin Baba I, ,Toungo,NG002019,Adamawa South,NG00203,Adamawa,NG002,Nigeria,NG,1490918400000,1555459200000,NA
377,Kogin Baba 2,NG002019007,Kogin Baba 2,Kongin Baba II, ,Toungo,NG002019,Adamawa South,NG00203,Adamawa,NG002,Nigeria,NG,1490918400000,1555459200000,NA
378,Kola,NG002006008,Kola,Kola, ,Guyuk,NG002006,Adamawa South,NG00203,Adamawa,NG002,Nigeria,NG,1490918400000,1555459200000,NA
379,Kolere,NG002014004,Kolere,Kolere, ,Mubi North,NG002014,Adamawa North,NG00202,Adamawa,NG002,Nigeria,NG,1490918400000,1555459200000,NA
380,Kollere Kafaje,NG036005009,Kollere Kafaje,Kollere/Kafaje, ,Fune,NG036005,Yobe South,NG03603,Yobe,NG036,Nigeria,NG,1490918400000,1555459200000,NA
381,Koma 1,NG002008004,Koma 1,Koma I, ,Jada,NG002008,Adamawa South,NG00203,Adamawa,NG002,Nigeria,NG,1490918400000,1555459200000,NA
382,Koma 2,NG002008005,Koma 2,Koma II, ,Jada,NG002008,Adamawa South,NG00203,Adamawa,NG002,Nigeria,NG,1490918400000,1555459200000,NA
383,Kombo,NG008027007,Kombo,Kombo, ,Shani,NG008027,Borno South,NG00803,Borno,NG008,Nigeria,NG,1490918400000,1555459200000,NA
384,Konduga,NG008016007,Konduga,Konduga, ,Konduga,NG008016,Borno Central,NG00801,Borno,NG008,Nigeria,NG,1490918400000,1555459200000,NA
385,Konkol,NG002011003,Konkol,Konkol, ,Maiha,NG002011,Adamawa North,NG00202,Adamawa,NG002,Nigeria,NG,1490918400000,1555459200000,NA
386,Konkomma,NG036011005,Konkomma,Kom-Komma, ,Machina,NG036011,Yobe North,NG03602,Yobe,NG036,Nigeria,NG,1490918400000,1555459200000,NA
387,Koriyel,NG036015005,Koriyel,Koriyel, ,Tarmua,NG036015,Yobe East,NG03601,Yobe,NG036,Nigeria,NG,1490918400000,1555459200000,NA
388,Korongilum,NG008006006,Korongilum,Korongilim, ,Chibok,NG008006,Borno South,NG00803,Borno,NG008,Nigeria,NG,1490918400000,1555459200000,NA
389,Koshebe,NG008019004,Koshebe,Koshebe, ,Mafa,NG008019,Borno Central,NG00801,Borno,NG008,Nigeria,NG,1490918400000,1555459200000,NA
390,Kpasham,NG002001008,Kpasham,Kpasham, ,Demsa,NG002001,Adamawa South,NG00203,Adamawa,NG002,Nigeria,NG,1490918400000,1555459200000,NA
391,Kubo,NG008027008,Kubo,Kubo, ,Shani,NG008027,Borno South,NG00803,Borno,NG008,Nigeria,NG,1490918400000,1555459200000,NA
392,Kubuku,NG008018004,Kubuku,Kubuku, ,Kwaya Kusar,NG008018,Borno South,NG00803,Borno,NG008,Nigeria,NG,1490918400000,1555459200000,NA
393,Kuburmbula,NG008006007,Kuburmbula,Kuburmbula, ,Chibok,NG008006,Borno South,NG00803,Borno,NG008,Nigeria,NG,1490918400000,1555459200000,NA
394,Kuda,NG008026007,Kuda,Kuda, ,Nganzai,NG008026,Borno North,NG00802,Borno,NG008,Nigeria,NG,1490918400000,1555459200000,NA
395,Kudokurgo,NG008001005,Kudokurgo,Kudokurgu, ,Abadam,NG008001,Borno North,NG00802,Borno,NG008,Nigeria,NG,1490918400000,1555459200000,NA
396,Kukareta Warsala,NG036003006,Kukareta Warsala,Kukareta/Warsala, ,Damaturu,NG036003,Yobe South,NG03603,Yobe,NG036,Nigeria,NG,1490918400000,1555459200000,NA
397,Kukawa,NG008017008,Kukawa,Kukawa, ,Kukawa,NG008017,Borno North,NG00802,Borno,NG008,Nigeria,NG,1490918400000,1555459200000,NA
398,Kukayasku,NG036011006,Kukayasku,Kuka-Yasku, ,Machina,NG036011,Yobe North,NG03602,Yobe,NG036,Nigeria,NG,1490918400000,1555459200000,NA
399,Kukuri,NG036012007,Kukuri,Kukuri/Chiromari, ,Nangere,NG036012,Yobe South,NG03603,Yobe,NG036,Nigeria,NG,1490918400000,1555459200000,NA
400,Kulli,NG008022007,Kulli,Kulli, ,Marte,NG008022,Borno North,NG00802,Borno,NG008,Nigeria,NG,1490918400000,1555459200000,NA
401,Kumagannam,NG036017005,Kumagannam,Kumagannam, ,Yusufari,NG036017,Yobe North,NG03602,Yobe,NG036,Nigeria,NG,1490918400000,1555459200000,NA
402,Kumalia,NG008024003,Kumalia,Kumalia, ,Monguno,NG008024,Borno North,NG00802,Borno,NG008,Nigeria,NG,1490918400000,1555459200000,NA
403,Kumshe,NG008003006,Kumshe,Kumshe /Nduguno, ,Bama,NG008003,Borno Central,NG00801,Borno,NG008,Nigeria,NG,1490918400000,1555459200000,NA
404,Kupti,NG008020010,Kupti,Kubti, ,Magumeri,NG008020,Borno North,NG00802,Borno,NG008,Nigeria,NG,1490918400000,1555459200000,NA
405,Kuranabasa,NG008011011,Kuranabasa,Kurana Bassa/Ngoshe - Sama'A, ,Gwoza,NG008011,Borno South,NG00803,Borno,NG008,Nigeria,NG,1490918400000,1555459200000,NA
406,Kurba Gayi,NG008018005,Kurba Gayi,Kurba, ,Kwaya Kusar,NG008018,Borno South,NG00803,Borno,NG008,Nigeria,NG,1490918400000,1555459200000,NA
407,Kurnawa,NG008026008,Kurnawa,Kurnawa, ,Nganzai,NG008026,Borno North,NG00802,Borno,NG008,Nigeria,NG,1490918400000,1555459200000,NA
408,Kurnawa,NG036002009,Kurnawa,Kurnawa, ,Bursari,NG036002,Yobe East,NG03601,Yobe,NG036,Nigeria,NG,1490918400000,1555459200000,NA
409,Kushimaga,NG036008009,Kushimaga,Kushimaga, ,Gulani,NG036008,Yobe East,NG03601,Yobe,NG036,Nigeria,NG,1490918400000,1555459200000,NA
410,Kusur,NG036006010,Kusur,Damakarwa/Kusur, ,Geidam,NG036006,Yobe East,NG03601,Yobe,NG036,Nigeria,NG,1490918400000,1555459200000,NA
411,Kwaja,NG002015005,Kwaja,Kwaja, ,Mubi South,NG002015,Adamawa North,NG00202,Adamawa,NG002,Nigeria,NG,1490918400000,1555459200000,NA
412,Kwajaffa,NG008012006,Kwajaffa,Kwajaffa/Hang, ,Hawul,NG008012,Borno South,NG00803,Borno,NG008,Nigeria,NG,1490918400000,1555459200000,NA
413,Kwarhi,NG002007008,Kwarhi,Kwarhi, ,Hong,NG002007,Adamawa Central,NG00201,Adamawa,NG002,Nigeria,NG,1490918400000,1555459200000,NA
414,Kwaya Kusar,NG008018006,Kwaya Kusar,Kwaya Kusar, ,Kwaya Kusar,NG008018,Borno South,NG00803,Borno,NG008,Nigeria,NG,1490918400000,1555459200000,NA
415,Kwayabura,NG008012007,Kwayabura,Kwaya-Bur/Tanga Rumta, ,Hawul,NG008012,Borno South,NG00803,Borno,NG008,Nigeria,NG,1490918400000,1555459200000,NA
416,Lafiya,NG002009003,Lafiya,Lafiya, ,Lamurde,NG002009,Adamawa South,NG00203,Adamawa,NG002,Nigeria,NG,1490918400000,1555459200000,NA
417,Lafiya Loi Loi,NG036009008,Lafiya Loi Loi,Lafiya Loi-Loi, ,Jakusko,NG036009,Yobe North,NG03602,Yobe,NG036,Nigeria,NG,1490918400000,1555459200000,NA
418,Lakundum,NG008027009,Lakundum,Kwaba, ,Shani,NG008027,Borno South,NG00803,Borno,NG008,Nigeria,NG,1490918400000,1555459200000,NA
419,Lamisu,NG036011007,Lamisu,Lamisu, ,Machina,NG036011,Yobe North,NG03602,Yobe,NG036,Nigeria,NG,1490918400000,1555459200000,NA
420,Lamisula,NG008021010,Lamisula,Lamisula/Jabba Mari, ,Maiduguri,NG008021,Borno Central,NG00801,Borno,NG008,Nigeria,NG,1490918400000,1555459200000,NA
421,Lamurde,NG002009004,Lamurde,Lamurde, ,Lamurde,NG002009,Adamawa South,NG00203,Adamawa,NG002,Nigeria,NG,1490918400000,1555459200000,NA
422,Lamurde,NG002015006,Lamurde,Lamorde, ,Mubi South,NG002015,Adamawa North,NG00202,Adamawa,NG002,Nigeria,NG,1490918400000,1555459200000,NA
423,Langawa Darin,NG036012008,Langawa Darin,Langawa / Darin, ,Nangere,NG036012,Yobe South,NG03603,Yobe,NG036,Nigeria,NG,1490918400000,1555459200000,NA
424,Lantaiwa,NG036015006,Lantaiwa,Lantaiwa, ,Tarmua,NG036015,Yobe East,NG03601,Yobe,NG036,Nigeria,NG,1490918400000,1555459200000,NA
425,Lassa,NG008002006,Lassa,Lassa, ,Askira/Uba,NG008002,Borno South,NG00803,Borno,NG008,Nigeria,NG,1490918400000,1555459200000,NA
426,Lawan Fannami,NG036001005,Lawan Fannami,Lawan Fannami, ,Bade,NG036001,Yobe North,NG03602,Yobe,NG036,Nigeria,NG,1490918400000,1555459200000,NA
427,Lawan Musa,NG036001006,Lawan Musa,Lawan Musa, ,Bade,NG036001,Yobe North,NG03602,Yobe,NG036,Nigeria,NG,1490918400000,1555459200000,NA
428,Layi,NG008023008,Layi,Layi, ,Mobbar,NG008023,Borno North,NG00802,Borno,NG008,Nigeria,NG,1490918400000,1555459200000,NA
429,Lege,NG008019005,Lege,Laje, ,Mafa,NG008019,Borno Central,NG00801,Borno,NG008,Nigeria,NG,1490918400000,1555459200000,NA
430,Leko,NG002008006,Leko,Leko, ,Jada,NG002008,Adamawa South,NG00203,Adamawa,NG002,Nigeria,NG,1490918400000,1555459200000,NA
431,Libbo,NG002017008,Libbo,Libbo, ,Shelleng,NG002017,Adamawa South,NG00203,Adamawa,NG002,Nigeria,NG,1490918400000,1555459200000,NA
432,Likama,NG008006002,Likama,Chibok Likama, ,Chibok,NG008006,Borno South,NG00803,Borno,NG008,Nigeria,NG,1490918400000,1555459200000,NA
433,Limanti,NG008004007,Limanti,Limanti, ,Bayo,NG008004,Borno South,NG00803,Borno,NG008,Nigeria,NG,1490918400000,1555459200000,NA
434,Limanti,NG008019006,Limanti,Limanti, ,Mafa,NG008019,Borno Central,NG00801,Borno,NG008,Nigeria,NG,1490918400000,1555459200000,NA
435,Limanti,NG008021011,Limanti,Limanti, ,Maiduguri,NG008021,Borno Central,NG00801,Borno,NG008,Nigeria,NG,1490918400000,1555459200000,NA
436,Limawa,NG002020007,Limawa,Limawa, ,Yola North,NG002020,Adamawa Central,NG00201,Adamawa,NG002,Nigeria,NG,1490918400000,1555459200000,NA
437,Logumane,NG008025004,Logumane,Logumane, ,Ngala,NG008025,Borno Central,NG00801,Borno,NG008,Nigeria,NG,1490918400000,1555459200000,NA
438,Lokoro,NG002006009,Lokoro,Lokoro, ,Guyuk,NG002006,Adamawa South,NG00203,Adamawa,NG002,Nigeria,NG,1490918400000,1555459200000,NA
439,Lokuwa,NG002014005,Lokuwa,Lokuwa, ,Mubi North,NG002014,Adamawa North,NG00202,Adamawa,NG002,Nigeria,NG,1490918400000,1555459200000,NA
440,Loskuri,NG008019007,Loskuri,Loskuri, ,Mafa,NG008019,Borno Central,NG00801,Borno,NG008,Nigeria,NG,1490918400000,1555459200000,NA
441,Luggere,NG002020008,Luggere,Luggere, ,Yola North,NG002020,Adamawa Central,NG00201,Adamawa,NG002,Nigeria,NG,1490918400000,1555459200000,NA
442,M. Kaza,NG008008006,M. Kaza,Mudu / Kaza, ,Dikwa,NG008008,Borno Central,NG00801,Borno,NG008,Nigeria,NG,1490918400000,1555459200000,NA
443,M. Maja,NG008008005,M. Maja,Mallam Maja, ,Dikwa,NG008008,Borno Central,NG00801,Borno,NG008,Nigeria,NG,1490918400000,1555459200000,NA
444,Ma'Afa,NG008019008,MaAfa,Ma'Afa, ,Mafa,NG008019,Borno Central,NG00801,Borno,NG008,Nigeria,NG,1490918400000,1555459200000,NA
445,Ma'Anna,NG036006011,MaAnna,Ma'Anna/Dagambi, ,Geidam,NG036006,Yobe East,NG03601,Yobe,NG036,Nigeria,NG,1490918400000,1555459200000,NA
446,Machina,NG036011008,Machina,Machina-Kwari, ,Machina,NG036011,Yobe North,NG03602,Yobe,NG036,Nigeria,NG,1490918400000,1555459200000,NA
447,Mada,NG008015006,Mada,Mada, ,Kala/Balge,NG008015,Borno Central,NG00801,Borno,NG008,Nigeria,NG,1490918400000,1555459200000,NA
448,Madagali,NG002010006,Madagali,Madagali, ,Madagali,NG002010,Adamawa North,NG00202,Adamawa,NG002,Nigeria,NG,1490918400000,1555459200000,NA
449,Madzi,NG002013005,Madzi,Madzi, ,Michika,NG002013,Adamawa North,NG00202,Adamawa,NG002,Nigeria,NG,1490918400000,1555459200000,NA
450,Mafa,NG008019009,Mafa,Mafa, ,Mafa,NG008019,Borno Central,NG00801,Borno,NG008,Nigeria,NG,1490918400000,1555459200000,NA
451,Mafa,NG036015007,Mafa,Mafa, ,Tarmua,NG036015,Yobe East,NG03601,Yobe,NG036,Nigeria,NG,1490918400000,1555459200000,NA
452,Mafoni,NG008021012,Mafoni,Mafoni, ,Maiduguri,NG008021,Borno Central,NG00801,Borno,NG008,Nigeria,NG,1490918400000,1555459200000,NA
453,Magumeri,NG008020011,Magumeri,Magumeri, ,Magumeri,NG008020,Borno North,NG00802,Borno,NG008,Nigeria,NG,1490918400000,1555459200000,NA
454,Maiha Gari,NG002011004,Maiha Gari,Maiha Gari, ,Maiha,NG002011,Adamawa North,NG00202,Adamawa,NG002,Nigeria,NG,1490918400000,1555459200000,NA
455,Maimalari,NG036017006,Maimalari,Mai-Malari, ,Yusufari,NG036017,Yobe North,NG03602,Yobe,NG036,Nigeria,NG,1490918400000,1555459200000,NA
456,Maimusari,NG008013007,Maimusari,Maimusari, ,Jere,NG008013,Borno Central,NG00801,Borno,NG008,Nigeria,NG,1490918400000,1555459200000,NA
457,Mainok,NG008014009,Mainok,Mainok, ,Kaga,NG008014,Borno Central,NG00801,Borno,NG008,Nigeria,NG,1490918400000,1555459200000,NA
458,Mairari,NG008010008,Mairari,Mairari, ,Guzamala,NG008010,Borno North,NG00802,Borno,NG008,Nigeria,NG,1490918400000,1555459200000,NA
459,Mairari,NG036016006,Mairari,Mairari, ,Yunusari,NG036016,Yobe East,NG03601,Yobe,NG036,Nigeria,NG,1490918400000,1555459200000,NA
460,Mairi,NG008013008,Mairi,Mairi, ,Jere,NG008013,Borno Central,NG00801,Borno,NG008,Nigeria,NG,1490918400000,1555459200000,NA
461,Maisandari,NG008021013,Maisandari,Maisandari, ,Maiduguri,NG008021,Borno Central,NG00801,Borno,NG008,Nigeria,NG,1490918400000,1555459200000,NA
462,Maisandari Wi,NG036003007,Maisandari Wi,Maisandari/Waziri Ibrahim Estate, ,Damaturu,NG036003,Yobe South,NG03603,Yobe,NG036,Nigeria,NG,1490918400000,1555459200000,NA
463,Maiwa,NG008026009,Maiwa,Maiwa, ,Nganzai,NG008026,Borno North,NG00802,Borno,NG008,Nigeria,NG,1490918400000,1555459200000,NA
464,Maja Kura,NG036013008,Maja Kura,Maja-Kura, ,Nguru,NG036013,Yobe North,NG03602,Yobe,NG036,Nigeria,NG,1490918400000,1555459200000,NA
465,Makama A,NG002021004,Makama A,Makama 'A', ,Yola South,NG002021,Adamawa Central,NG00201,Adamawa,NG002,Nigeria,NG,1490918400000,1555459200000,NA
466,Makama B,NG002021005,Makama B,Makama 'B', ,Yola South,NG002021,Adamawa Central,NG00201,Adamawa,NG002,Nigeria,NG,1490918400000,1555459200000,NA
467,Malari,NG008016003,Malari,Dawa East / Malari / Kangamari, ,Konduga,NG008016,Borno Central,NG00801,Borno,NG008,Nigeria,NG,1490918400000,1555459200000,NA
468,Mamudo,NG036014008,Mamudo,Mamudo, ,Potiskum,NG036014,Yobe South,NG03603,Yobe,NG036,Nigeria,NG,1490918400000,1555459200000,NA
469,Manda Da'A,NG036015008,Manda DaA,Mandadawa, ,Tarmua,NG036015,Yobe East,NG03601,Yobe,NG036,Nigeria,NG,1490918400000,1555459200000,NA
470,Mandala,NG008024004,Mandala,Mandala, ,Monguno,NG008024,Borno North,NG00802,Borno,NG008,Nigeria,NG,1490918400000,1555459200000,NA
471,Mandaragirau,NG008005007,Mandaragirau,Mandara Girau, ,Biu,NG008005,Borno South,NG00803,Borno,NG008,Nigeria,NG,1490918400000,1555459200000,NA
472,Mandunari,NG036007007,Mandunari,Mallam Dunari, ,Gujba,NG036007,Yobe East,NG03601,Yobe,NG036,Nigeria,NG,1490918400000,1555459200000,NA
473,Manjekin,NG002011005,Manjekin,Manjekin, ,Maiha,NG002011,Adamawa North,NG00202,Adamawa,NG002,Nigeria,NG,1490918400000,1555459200000,NA
474,Mapeo,NG002008007,Mapeo,Mapeo, ,Jada,NG002008,Adamawa South,NG00203,Adamawa,NG002,Nigeria,NG,1490918400000,1555459200000,NA
475,Marama Kidang,NG008012008,Marama Kidang,Marama/Kidang, ,Hawul,NG008012,Borno South,NG00803,Borno,NG008,Nigeria,NG,1490918400000,1555459200000,NA
476,Margata,NG008008004,Margata,Magarta / Sheffri, ,Dikwa,NG008008,Borno Central,NG00801,Borno,NG008,Nigeria,NG,1490918400000,1555459200000,NA
477,Marguba,NG008014010,Marguba,Marguba, ,Kaga,NG008014,Borno Central,NG00801,Borno,NG008,Nigeria,NG,1490918400000,1555459200000,NA
478,Marmari Gudugurka,NG036005010,Marmari Gudugurka,Gudugurka/Marmar  I, ,Fune,NG036005,Yobe South,NG03603,Yobe,NG036,Nigeria,NG,1490918400000,1555459200000,NA
479,Marte,NG008022008,Marte,Marte, ,Marte,NG008022,Borno North,NG00802,Borno,NG008,Nigeria,NG,1490918400000,1555459200000,NA
480,Masaba,NG036002010,Masaba,Masaba, ,Bursari,NG036002,Yobe East,NG03601,Yobe,NG036,Nigeria,NG,1490918400000,1555459200000,NA
481,Mashamari,NG008013009,Mashamari,Mashamari, ,Jere,NG008013,Borno Central,NG00801,Borno,NG008,Nigeria,NG,1490918400000,1555459200000,NA
482,Mashio,NG036005011,Mashio,Mashio, ,Fune,NG036005,Yobe South,NG03603,Yobe,NG036,Nigeria,NG,1490918400000,1555459200000,NA
483,Maskandare,NG036011009,Maskandare,Maskandare, ,Machina,NG036011,Yobe North,NG03602,Yobe,NG036,Nigeria,NG,1490918400000,1555459200000,NA
484,Masu,NG008019010,Masu,Masu, ,Mafa,NG008019,Borno Central,NG00801,Borno,NG008,Nigeria,NG,1490918400000,1555459200000,NA
485,Mayo Bani,NG002014006,Mayo Bani,Mayo Bani, ,Mubi North,NG002014,Adamawa North,NG00202,Adamawa,NG002,Nigeria,NG,1490918400000,1555459200000,NA
486,Mayo Farang,NG002012006,Mayo Farang,Mayo Farang, ,Mayo-Belwa,NG002012,Adamawa South,NG00203,Adamawa,NG002,Nigeria,NG,1490918400000,1555459200000,NA
487,Mayo Inne,NG002002006,Mayo Inne,Mayo Ine, ,Fufore,NG002002,Adamawa Central,NG00201,Adamawa,NG002,Nigeria,NG,1490918400000,1555459200000,NA
488,Mayo Kalaye,NG002008008,Mayo Kalaye,Mayokalaye, ,Jada,NG002008,Adamawa South,NG00203,Adamawa,NG002,Nigeria,NG,1490918400000,1555459200000,NA
489,Mayo Lope,NG002007009,Mayo Lope,Mayo Lope, ,Hong,NG002007,Adamawa Central,NG00201,Adamawa,NG002,Nigeria,NG,1490918400000,1555459200000,NA
490,Mayo Nguli,NG002011006,Mayo Nguli,Mayonguli, ,Maiha,NG002011,Adamawa North,NG00202,Adamawa,NG002,Nigeria,NG,1490918400000,1555459200000,NA
491,Mayori,NG036017007,Mayori,Mayori, ,Yusufari,NG036017,Yobe North,NG03602,Yobe,NG036,Nigeria,NG,1490918400000,1555459200000,NA
492,Mbalala,NG008006008,Mbalala,Mbalala, ,Chibok,NG008006,Borno South,NG00803,Borno,NG008,Nigeria,NG,1490918400000,1555459200000,NA
493,Mbamba,NG002021006,Mbamba,Mbamba, ,Yola South,NG002021,Adamawa Central,NG00201,Adamawa,NG002,Nigeria,NG,1490918400000,1555459200000,NA
494,Mbamoi,NG002021007,Mbamoi,Mbamoi, ,Yola South,NG002021,Adamawa Central,NG00201,Adamawa,NG002,Nigeria,NG,1490918400000,1555459200000,NA
495,Mbilla,NG002012007,Mbilla,Mayo-Belwa, ,Mayo-Belwa,NG002012,Adamawa South,NG00203,Adamawa,NG002,Nigeria,NG,1490918400000,1555459200000,NA
496,Mbokura,NG008006009,Mbokura,Mboa Kura, ,Chibok,NG008006,Borno South,NG00803,Borno,NG008,Nigeria,NG,1490918400000,1555459200000,NA
497,Mbula,NG002001009,Mbula,Mbula Kuli, ,Demsa,NG002001,Adamawa South,NG00203,Adamawa,NG002,Nigeria,NG,1490918400000,1555459200000,NA
498,Mbullo,NG002008009,Mbullo,Mbulo, ,Jada,NG002008,Adamawa South,NG00203,Adamawa,NG002,Nigeria,NG,1490918400000,1555459200000,NA
499,Michika 1,NG002013006,Michika 1,Michika  I, ,Michika,NG002013,Adamawa North,NG00202,Adamawa,NG002,Nigeria,NG,1490918400000,1555459200000,NA
500,Michika 2,NG002013007,Michika 2,Michika  II, ,Michika,NG002013,Adamawa North,NG00202,Adamawa,NG002,Nigeria,NG,1490918400000,1555459200000,NA
501,Mijilu,NG002014007,Mijilu,Mijilu, ,Mubi North,NG002014,Adamawa North,NG00202,Adamawa,NG002,Nigeria,NG,1490918400000,1555459200000,NA
502,Mintar,NG008024005,Mintar,Mintar, ,Monguno,NG008024,Borno North,NG00802,Borno,NG008,Nigeria,NG,1490918400000,1555459200000,NA
503,Miringa,NG008005008,Miringa,Miringa, ,Biu,NG008005,Borno South,NG00803,Borno,NG008,Nigeria,NG,1490918400000,1555459200000,NA
504,Miye,NG008026010,Miye,Miye, ,Nganzai,NG008026,Borno North,NG00802,Borno,NG008,Nigeria,NG,1490918400000,1555459200000,NA
505,Moda/Dlaka,NG002013009,Moda/Dlaka,Moda / Dlaka / Ghenjuwa, ,Michika,NG002013,Adamawa North,NG00202,Adamawa,NG002,Nigeria,NG,1490918400000,1555459200000,NA
506,Modire,NG002005008,Modire,Modire/ Vinikilang, ,Girei,NG002005,Adamawa Central,NG00201,Adamawa,NG002,Nigeria,NG,1490918400000,1555459200000,NA
507,Moduri,NG008010009,Moduri,Moduri, ,Guzamala,NG008010,Borno North,NG00802,Borno,NG008,Nigeria,NG,1490918400000,1555459200000,NA
508,Mofio,NG008024006,Mofio,Mofio, ,Monguno,NG008024,Borno North,NG00802,Borno,NG008,Nigeria,NG,1490918400000,1555459200000,NA
509,Moholo,NG008015007,Moholo,Moholo, ,Kala/Balge,NG008015,Borno Central,NG00801,Borno,NG008,Nigeria,NG,1490918400000,1555459200000,NA
510,Monguno,NG008024007,Monguno,Monguno, ,Monguno,NG008024,Borno North,NG00802,Borno,NG008,Nigeria,NG,1490918400000,1555459200000,NA
511,Mozogun,NG036016007,Mozogun,Mozogun/Kujari, ,Yunusari,NG036016,Yobe East,NG03601,Yobe,NG036,Nigeria,NG,1490918400000,1555459200000,NA
512,Mubi Fussami,NG036004006,Mubi Fussami,Mubi / Fusami / Garin Wayo, ,Fika,NG036004,Yobe South,NG03603,Yobe,NG036,Nigeria,NG,1490918400000,1555459200000,NA
513,Muchalla,NG002014008,Muchalla,Muchalla, ,Mubi North,NG002014,Adamawa North,NG00202,Adamawa,NG002,Nigeria,NG,1490918400000,1555459200000,NA
514,Mugulbu,NG002015007,Mugulbu,Mugulbu/ Yadafa, ,Mubi South,NG002015,Adamawa North,NG00202,Adamawa,NG002,Nigeria,NG,1490918400000,1555459200000,NA
515,Muguram,NG036009009,Muguram,Muguram, ,Jakusko,NG036009,Yobe North,NG03602,Yobe,NG036,Nigeria,NG,1490918400000,1555459200000,NA
516,Mujara,NG002015008,Mujara,Mujara, ,Mubi South,NG002015,Adamawa North,NG00202,Adamawa,NG002,Nigeria,NG,1490918400000,1555459200000,NA
517,Mujigine,NG008019011,Mujigine,Mujigine, ,Mafa,NG008019,Borno Central,NG00801,Borno,NG008,Nigeria,NG,1490918400000,1555459200000,NA
518,Mulgo Kopchi,NG008007008,Mulgo Kopchi,Mulgwai / Kopchi, ,Damboa,NG008007,Borno South,NG00803,Borno,NG008,Nigeria,NG,1490918400000,1555459200000,NA
519,Muliye,NG008008007,Muliye,Muliye / Jemuri, ,Dikwa,NG008008,Borno Central,NG00801,Borno,NG008,Nigeria,NG,1490918400000,1555459200000,NA
520,Munkavachitta,NG002013010,Munkavachitta,Munkavicita, ,Michika,NG002013,Adamawa North,NG00202,Adamawa,NG002,Nigeria,NG,1490918400000,1555459200000,NA
521,Murfakalam,NG036003008,Murfakalam,Murfa Kalam, ,Damaturu,NG036003,Yobe South,NG03603,Yobe,NG036,Nigeria,NG,1490918400000,1555459200000,NA
522,Mussa,NG008002007,Mussa,Mussa, ,Askira/Uba,NG008002,Borno South,NG00803,Borno,NG008,Nigeria,NG,1490918400000,1555459200000,NA
523,Musune,NG008022010,Musune,Musune, ,Marte,NG008022,Borno North,NG00802,Borno,NG008,Nigeria,NG,1490918400000,1555459200000,NA
524,Mutai,NG036007008,Mutai,Mutai, ,Gujba,NG036007,Yobe East,NG03601,Yobe,NG036,Nigeria,NG,1490918400000,1555459200000,NA
525,Muwalli,NG008022009,Muwalli,Mawulli, ,Marte,NG008022,Borno North,NG00802,Borno,NG008,Nigeria,NG,1490918400000,1555459200000,NA
526,Namtari,NG002021008,Namtari,Namtari, ,Yola South,NG002021,Adamawa Central,NG00201,Adamawa,NG002,Nigeria,NG,1490918400000,1555459200000,NA
527,Nangere,NG036012009,Nangere,Nangere, ,Nangere,NG036012,Yobe South,NG03603,Yobe,NG036,Nigeria,NG,1490918400000,1555459200000,NA
528,Nassarawo,NG002015009,Nassarawo,Nassarawo, ,Mubi South,NG002015,Adamawa North,NG00202,Adamawa,NG002,Nigeria,NG,1490918400000,1555459200000,NA
529,Nassarawo,NG002020009,Nassarawo,Nassarawo, ,Yola North,NG002020,Adamawa Central,NG00201,Adamawa,NG002,Nigeria,NG,1490918400000,1555459200000,NA
530,Nassarawo Demsa,NG002001010,Nassarawo Demsa,Nassarawo Demsa, ,Demsa,NG002001,Adamawa South,NG00203,Adamawa,NG002,Nigeria,NG,1490918400000,1555459200000,NA
531,Nayinawa,NG036003009,Nayinawa,Nayinawa, ,Damaturu,NG036003,Yobe South,NG03603,Yobe,NG036,Nigeria,NG,1490918400000,1555459200000,NA
532,Ndikong,NG002012009,Ndikong,Ndikong, ,Mayo-Belwa,NG002012,Adamawa South,NG00203,Adamawa,NG002,Nigeria,NG,1490918400000,1555459200000,NA
533,Ndufu,NG008025005,Ndufu,Ndufu, ,Ngala,NG008025,Borno Central,NG00801,Borno,NG008,Nigeria,NG,1490918400000,1555459200000,NA
534,Nduku,NG002015010,Nduku,Nduku, ,Mubi South,NG002015,Adamawa North,NG00202,Adamawa,NG002,Nigeria,NG,1490918400000,1555459200000,NA
535,Ngala,NG008025006,Ngala,Ngala Ward, ,Ngala,NG008025,Borno Central,NG00801,Borno,NG008,Nigeria,NG,1490918400000,1555459200000,NA
536,Ngalda,NG036004007,Ngalda,Ngalda/Dumbulwa, ,Fika,NG036004,Yobe South,NG03603,Yobe,NG036,Nigeria,NG,1490918400000,1555459200000,NA
537,Ngamdu,NG008014011,Ngamdu,Ngamdu, ,Kaga,NG008014,Borno Central,NG00801,Borno,NG008,Nigeria,NG,1490918400000,1555459200000,NA
538,Ngamma,NG008020012,Ngamma,Ngamma, ,Magumeri,NG008020,Borno North,NG00802,Borno,NG008,Nigeria,NG,1490918400000,1555459200000,NA
539,Ngarbi,NG036013009,Ngarbi,Garbi/Bambori, ,Nguru,NG036013,Yobe North,NG03602,Yobe,NG036,Nigeria,NG,1490918400000,1555459200000,NA
540,Ngbakawo,NG002009006,Ngbakawo,Mgbebongun, ,Lamurde,NG002009,Adamawa South,NG00203,Adamawa,NG002,Nigeria,NG,1490918400000,1555459200000,NA
541,Ngbebogun,NG002009005,Ngbebogun,Ngbakowo, ,Lamurde,NG002009,Adamawa South,NG00203,Adamawa,NG002,Nigeria,NG,1490918400000,1555459200000,NA
542,Ngelzarma A,NG036005012,Ngelzarma A,Fune/Ngelzarma/Milbiyar/Lawan Kalam, ,Fune,NG036005,Yobe South,NG03603,Yobe,NG036,Nigeria,NG,1490918400000,1555459200000,NA
543,Ngelzarma B,NG036005013,Ngelzarma B,Abakire / Ngenlshengele / Shamka, ,Fune,NG036005,Yobe South,NG03603,Yobe,NG036,Nigeria,NG,1490918400000,1555459200000,NA
544,Ngetra,NG008009009,Ngetra,Ngetra, ,Gubio,NG008009,Borno North,NG00802,Borno,NG008,Nigeria,NG,1490918400000,1555459200000,NA
545,Nglaiwa,NG036013010,Nglaiwa,Nglaiwa, ,Nguru,NG036013,Yobe North,NG03602,Yobe,NG036,Nigeria,NG,1490918400000,1555459200000,NA
546,Ngohi,NG008002008,Ngohi,Ngohi, ,Askira/Uba,NG008002,Borno South,NG00803,Borno,NG008,Nigeria,NG,1490918400000,1555459200000,NA
547,Ngojin,NG036014009,Ngojin,Ngojin/Alaraba, ,Potiskum,NG036014,Yobe South,NG03603,Yobe,NG036,Nigeria,NG,1490918400000,1555459200000,NA
548,Ngoshe,NG008011012,Ngoshe,Ngoshe, ,Gwoza,NG008011,Borno South,NG00803,Borno,NG008,Nigeria,NG,1490918400000,1555459200000,NA
549,Ngubala Bamma,NG008020013,Ngubala Bamma,Ngubala, ,Magumeri,NG008020,Borno North,NG00802,Borno,NG008,Nigeria,NG,1490918400000,1555459200000,NA
550,Ngudoram,NG008008008,Ngudoram,Ngudoram, ,Dikwa,NG008008,Borno Central,NG00801,Borno,NG008,Nigeria,NG,1490918400000,1555459200000,NA
551,Ngulde,NG008002009,Ngulde,Ngulde, ,Askira/Uba,NG008002,Borno South,NG00803,Borno,NG008,Nigeria,NG,1490918400000,1555459200000,NA
552,Ngurbuwa,NG036007009,Ngurbuwa,Ngurbuwa, ,Gujba,NG036007,Yobe East,NG03601,Yobe,NG036,Nigeria,NG,1490918400000,1555459200000,NA
553,Ngurno,NG008024008,Ngurno,Ngurno, ,Monguno,NG008024,Borno North,NG00802,Borno,NG008,Nigeria,NG,1490918400000,1555459200000,NA
554,Ngurore,NG002021009,Ngurore,Ngurore, ,Yola South,NG002021,Adamawa Central,NG00201,Adamawa,NG002,Nigeria,NG,1490918400000,1555459200000,NA
555,Ngurthlavu Kopa,NG008002005,Ngurthlavu Kopa,Kopa / Multhafu, ,Askira/Uba,NG008002,Borno South,NG00803,Borno,NG008,Nigeria,NG,1490918400000,1555459200000,NA
556,Ninkisi/Wuro Ngiki,NG002013008,Ninkisi/Wuro Ngiki,Minkisi/ Wuro Ngiki, ,Michika,NG002013,Adamawa North,NG00202,Adamawa,NG002,Nigeria,NG,1490918400000,1555459200000,NA
557,Njibulwa,NG036008010,Njibulwa,Njibulwa, ,Gulani,NG036008,Yobe East,NG03601,Yobe,NG036,Nigeria,NG,1490918400000,1555459200000,NA
558,Njine,NG008022012,Njine,Njine, ,Marte,NG008022,Borno North,NG00802,Borno,NG008,Nigeria,NG,1490918400000,1555459200000,NA
559,Njiwaji Gwange,NG036003010,Njiwaji Gwange,Njiwaji/Gwange, ,Damaturu,NG036003,Yobe South,NG03603,Yobe,NG036,Nigeria,NG,1490918400000,1555459200000,NA
560,Numan 1,NG002016006,Numan 1,Numan I, ,Numan,NG002016,Adamawa South,NG00203,Adamawa,NG002,Nigeria,NG,1490918400000,1555459200000,NA
561,Numan 2,NG002016007,Numan 2,Numan III, ,Numan,NG002016,Adamawa South,NG00203,Adamawa,NG002,Nigeria,NG,1490918400000,1555459200000,NA
562,Numan 3,NG002016008,Numan 3,Numan III, ,Numan,NG002016,Adamawa South,NG00203,Adamawa,NG002,Nigeria,NG,1490918400000,1555459200000,NA
563,Nyibago,NG002008010,Nyibago,Nyibango, ,Jada,NG002008,Adamawa South,NG00203,Adamawa,NG002,Nigeria,NG,1490918400000,1555459200000,NA
564,Nzuda Wuyaram,NG008007009,Nzuda Wuyaram,Nguda / Wuyaram, ,Damboa,NG008007,Borno South,NG00803,Borno,NG008,Nigeria,NG,1490918400000,1555459200000,NA
565,Old Maiduguri,NG008013011,Old Maiduguri,Old Maiduguri, ,Jere,NG008013,Borno Central,NG00801,Borno,NG008,Nigeria,NG,1490918400000,1555459200000,NA
566,Opalo,NG002009007,Opalo,Opalo, ,Lamurde,NG002009,Adamawa South,NG00203,Adamawa,NG002,Nigeria,NG,1490918400000,1555459200000,NA
567,Pakka,NG002011007,Pakka,Pakka, ,Maiha,NG002011,Adamawa North,NG00202,Adamawa,NG002,Nigeria,NG,1490918400000,1555459200000,NA
568,Pallam,NG002010007,Pallam,Pallam, ,Madagali,NG002010,Adamawa North,NG00202,Adamawa,NG002,Nigeria,NG,1490918400000,1555459200000,NA
569,Pama Whitambaya,NG008012009,Pama Whitambaya,Pama/Whitambaya, ,Hawul,NG008012,Borno South,NG00803,Borno,NG008,Nigeria,NG,1490918400000,1555459200000,NA
570,Pariya,NG002002007,Pariya,Pariya, ,Fufore,NG002002,Adamawa Central,NG00201,Adamawa,NG002,Nigeria,NG,1490918400000,1555459200000,NA
571,Pemi,NG008006010,Pemi,Pemi, ,Chibok,NG008006,Borno South,NG00803,Borno,NG008,Nigeria,NG,1490918400000,1555459200000,NA
572,Peta,NG008018007,Peta,Peta, ,Kwaya Kusar,NG008018,Borno South,NG00803,Borno,NG008,Nigeria,NG,1490918400000,1555459200000,NA
573,Puba Vidau,NG008012010,Puba Vidau,Puba/Vidau/Lokoja, ,Hawul,NG008012,Borno South,NG00803,Borno,NG008,Nigeria,NG,1490918400000,1555459200000,NA
574,Pulka Bokko,NG008011013,Pulka Bokko,Pulka/Bokko, ,Gwoza,NG008011,Borno South,NG00803,Borno,NG008,Nigeria,NG,1490918400000,1555459200000,NA
575,Purakayo,NG002006010,Purakayo,Purokayo, ,Guyuk,NG002006,Adamawa South,NG00203,Adamawa,NG002,Nigeria,NG,1490918400000,1555459200000,NA
576,Rann,NG008015008,Rann,"Rann  ""A""", ,Kala/Balge,NG008015,Borno Central,NG00801,Borno,NG008,Nigeria,NG,1490918400000,1555459200000,NA
577,Ribadu,NG002002008,Ribadu,Ribadu, ,Fufore,NG002002,Adamawa Central,NG00201,Adamawa,NG002,Nigeria,NG,1490918400000,1555459200000,NA
578,Ribadu,NG002012010,Ribadu,Ribadu, ,Mayo-Belwa,NG002012,Adamawa South,NG00203,Adamawa,NG002,Nigeria,NG,1490918400000,1555459200000,NA
579,Rigange,NG002009008,Rigange,Rigange, ,Lamurde,NG002009,Adamawa South,NG00203,Adamawa,NG002,Nigeria,NG,1490918400000,1555459200000,NA
580,Ruhu,NG036008011,Ruhu,Ruhu, ,Gulani,NG036008,Yobe East,NG03601,Yobe,NG036,Nigeria,NG,1490918400000,1555459200000,NA
581,Rumde,NG002020010,Rumde,Rumde, ,Yola North,NG002020,Adamawa Central,NG00201,Adamawa,NG002,Nigeria,NG,1490918400000,1555459200000,NA
582,Rumirgu Chul,NG008002002,Rumirgu Chul,Chul / Rumirgo, ,Askira/Uba,NG008002,Borno South,NG00803,Borno,NG008,Nigeria,NG,1490918400000,1555459200000,NA
583,Sabon Gari,NG036001007,Sabon Gari,Lawan Audu/Lawan Al - Wali, ,Bade,NG036001,Yobe North,NG03602,Yobe,NG036,Nigeria,NG,1490918400000,1555459200000,NA
584,Sabon Layi,NG002014009,Sabon Layi,Sabon Layi, ,Mubi North,NG002014,Adamawa North,NG00202,Adamawa,NG002,Nigeria,NG,1490918400000,1555459200000,NA
585,Sabon Pegi,NG002016009,Sabon Pegi,Sabon Pegi, ,Numan,NG002016,Adamawa South,NG00203,Adamawa,NG002,Nigeria,NG,1490918400000,1555459200000,NA
586,Sabsabuwa,NG008026011,Sabsabuwa,Sabsabuwa, ,Nganzai,NG008026,Borno North,NG00802,Borno,NG008,Nigeria,NG,1490918400000,1555459200000,NA
587,Sakwa Hema,NG008012011,Sakwa Hema,Sakwa/Hema, ,Hawul,NG008012,Borno South,NG00803,Borno,NG008,Nigeria,NG,1490918400000,1555459200000,NA
588,Sangassumi,NG002003007,Sangassumi,Sangasumi, ,Ganye,NG002003,Adamawa South,NG00203,Adamawa,NG002,Nigeria,NG,1490918400000,1555459200000,NA
589,Sarkin Hausawa,NG036001008,Sarkin Hausawa,Sarkin Hausawa, ,Bade,NG036001,Yobe North,NG03602,Yobe,NG036,Nigeria,NG,1490918400000,1555459200000,NA
590,Sasawa Kabaru,NG036003011,Sasawa Kabaru,Sasawa/Kabaru, ,Damaturu,NG036003,Yobe South,NG03603,Yobe,NG036,Nigeria,NG,1490918400000,1555459200000,NA
591,Shaffa,NG008012012,Shaffa,Shaffa, ,Hawul,NG008012,Borno South,NG00803,Borno,NG008,Nigeria,NG,1490918400000,1555459200000,NA
592,Shangui,NG002007010,Shangui,Shangui, ,Hong,NG002007,Adamawa Central,NG00201,Adamawa,NG002,Nigeria,NG,1490918400000,1555459200000,NA
593,Shani,NG008027010,Shani,Shani, ,Shani,NG008027,Borno South,NG00803,Borno,NG008,Nigeria,NG,1490918400000,1555459200000,NA
594,Shehuri,NG008003011,Shehuri,Shehuri / Hausari / Mairi, ,Bama,NG008003,Borno Central,NG00801,Borno,NG008,Nigeria,NG,1490918400000,1555459200000,NA
595,Shehuri,NG008025009,Shehuri,Tunokalia, ,Ngala,NG008025,Borno Central,NG00801,Borno,NG008,Nigeria,NG,1490918400000,1555459200000,NA
596,Shehuri North,NG008021014,Shehuri North,Shehuri North, ,Maiduguri,NG008021,Borno Central,NG00801,Borno,NG008,Nigeria,NG,1490918400000,1555459200000,NA
597,Shehuri South,NG008021015,Shehuri South,Shehuri South, ,Maiduguri,NG008021,Borno Central,NG00801,Borno,NG008,Nigeria,NG,1490918400000,1555459200000,NA
598,Shekau,NG036015009,Shekau,Shekau, ,Tarmua,NG036015,Yobe East,NG03601,Yobe,NG036,Nigeria,NG,1490918400000,1555459200000,NA
599,Shelleng,NG002017009,Shelleng,Shelleng, ,Shelleng,NG002017,Adamawa South,NG00203,Adamawa,NG002,Nigeria,NG,1490918400000,1555459200000,NA
600,Shettimari,NG008014012,Shettimari,Shettimari, ,Kaga,NG008014,Borno Central,NG00801,Borno,NG008,Nigeria,NG,1490918400000,1555459200000,NA
601,Shirarkir,NG008006011,Shirarkir,Shikarkir, ,Chibok,NG008006,Borno South,NG00803,Borno,NG008,Nigeria,NG,1490918400000,1555459200000,NA
602,Shoye,NG036004008,Shoye,Shoye/Garin Aba, ,Fika,NG036004,Yobe South,NG03603,Yobe,NG036,Nigeria,NG,1490918400000,1555459200000,NA
603,Sigal,NG008015010,Sigal,Sigal/Karche, ,Kala/Balge,NG008015,Borno Central,NG00801,Borno,NG008,Nigeria,NG,1490918400000,1555459200000,NA
604,Sigire,NG002018006,Sigire,Sigire, ,Song,NG002018,Adamawa Central,NG00201,Adamawa,NG002,Nigeria,NG,1490918400000,1555459200000,NA
605,Sina Kamale,NG002013011,Sina Kamale,Sina / Kamale / Kwande, ,Michika,NG002013,Adamawa North,NG00202,Adamawa,NG002,Nigeria,NG,1490918400000,1555459200000,NA
606,Song Gari,NG002018007,Song Gari,Song Gari, ,Song,NG002018,Adamawa Central,NG00201,Adamawa,NG002,Nigeria,NG,1490918400000,1555459200000,NA
607,Song Waje,NG002018008,Song Waje,Song Waje, ,Song,NG002018,Adamawa Central,NG00201,Adamawa,NG002,Nigeria,NG,1490918400000,1555459200000,NA
608,Sorau A,NG002011008,Sorau A,Sorau 'A', ,Maiha,NG002011,Adamawa North,NG00202,Adamawa,NG002,Nigeria,NG,1490918400000,1555459200000,NA
609,Sorau B,NG002011009,Sorau B,Sorau 'B', ,Maiha,NG002011,Adamawa North,NG00202,Adamawa,NG002,Nigeria,NG,1490918400000,1555459200000,NA
610,Soye,NG008003010,Soye,Sabsabwa / Soye/ Bulongu, ,Bama,NG008003,Borno Central,NG00801,Borno,NG008,Nigeria,NG,1490918400000,1555459200000,NA
611,Sugu,NG002003008,Sugu,Sugu, ,Ganye,NG002003,Adamawa South,NG00203,Adamawa,NG002,Nigeria,NG,1490918400000,1555459200000,NA
612,Sugundare,NG008026012,Sugundare,Sugundure, ,Nganzai,NG008026,Borno North,NG00802,Borno,NG008,Nigeria,NG,1490918400000,1555459200000,NA
613,Suktu,NG002018009,Suktu,Suktu, ,Song,NG002018,Adamawa Central,NG00201,Adamawa,NG002,Nigeria,NG,1490918400000,1555459200000,NA
614,Sukur,NG002010008,Sukur,Shelmi / Sukur/ Vapura, ,Madagali,NG002010,Adamawa North,NG00202,Adamawa,NG002,Nigeria,NG,1490918400000,1555459200000,NA
615,Sulumthla,NG008005009,Sulumthla,Sulumthla, ,Biu,NG008005,Borno South,NG00803,Borno,NG008,Nigeria,NG,1490918400000,1555459200000,NA
616,Sumbar,NG036017008,Sumbar,Kajimaram/Sumbar, ,Yusufari,NG036017,Yobe North,NG03602,Yobe,NG036,Nigeria,NG,1490918400000,1555459200000,NA
617,Sungul Koka,NG036015010,Sungul Koka,Koka/Sungul, ,Tarmua,NG036015,Yobe East,NG03601,Yobe,NG036,Nigeria,NG,1490918400000,1555459200000,NA
618,Sure,NG008024009,Sure,Sure, ,Monguno,NG008024,Borno North,NG00802,Borno,NG008,Nigeria,NG,1490918400000,1555459200000,NA
619,Suwa,NG002009009,Suwa,Suwa, ,Lamurde,NG002009,Adamawa South,NG00203,Adamawa,NG002,Nigeria,NG,1490918400000,1555459200000,NA
620,Taganama,NG036011010,Taganama,Taganama, ,Machina,NG036011,Yobe North,NG03602,Yobe,NG036,Nigeria,NG,1490918400000,1555459200000,NA
621,Talum,NG002017010,Talum,Tallum, ,Shelleng,NG002017,Adamawa South,NG00203,Adamawa,NG002,Nigeria,NG,1490918400000,1555459200000,NA
622,Tambajam,NG002011010,Tambajam,Tambajam, ,Maiha,NG002011,Adamawa North,NG00202,Adamawa,NG002,Nigeria,NG,1490918400000,1555459200000,NA
623,Tambo,NG002005009,Tambo,Tambo, ,Girei,NG002005,Adamawa Central,NG00201,Adamawa,NG002,Nigeria,NG,1490918400000,1555459200000,NA
624,Tamsu Ngamdua,NG008019012,Tamsu Ngamdua,Tamsu Ngamdua, ,Mafa,NG008019,Borno Central,NG00801,Borno,NG008,Nigeria,NG,1490918400000,1555459200000,NA
625,Tawa,NG002004009,Tawa,Tawa, ,Gombi,NG002004,Adamawa Central,NG00201,Adamawa,NG002,Nigeria,NG,1490918400000,1555459200000,NA
626,Telli,NG008004008,Telli,Teli, ,Bayo,NG008004,Borno South,NG00803,Borno,NG008,Nigeria,NG,1490918400000,1555459200000,NA
627,Teteba,NG036008012,Teteba,Borno Kiji/Tetteba, ,Gulani,NG036008,Yobe East,NG03601,Yobe,NG036,Nigeria,NG,1490918400000,1555459200000,NA
628,Thilbang,NG002007011,Thilbang,Thilbang, ,Hong,NG002007,Adamawa Central,NG00201,Adamawa,NG002,Nigeria,NG,1490918400000,1555459200000,NA
629,Tikau,NG036012010,Tikau,Tikau, ,Nangere,NG036012,Yobe South,NG03603,Yobe,NG036,Nigeria,NG,1490918400000,1555459200000,NA
630,Timdore,NG002003009,Timdore,Timdore, ,Ganye,NG002003,Adamawa South,NG00203,Adamawa,NG002,Nigeria,NG,1490918400000,1555459200000,NA
631,Titiwa,NG008020006,Titiwa,Gaji Ganna  II, ,Magumeri,NG008020,Borno North,NG00802,Borno,NG008,Nigeria,NG,1490918400000,1555459200000,NA
632,Tobolo,NG008014013,Tobolo,Tobolo, ,Kaga,NG008014,Borno Central,NG00801,Borno,NG008,Nigeria,NG,1490918400000,1555459200000,NA
633,Tola,NG002012011,Tola,Tola, ,Mayo-Belwa,NG002012,Adamawa South,NG00203,Adamawa,NG002,Nigeria,NG,1490918400000,1555459200000,NA
634,Toshia,NG036016008,Toshia,Daratoshia, ,Yunusari,NG036016,Yobe East,NG03601,Yobe,NG036,Nigeria,NG,1490918400000,1555459200000,NA
635,Toungo,NG002021010,Toungo,Toungo, ,Yola South,NG002021,Adamawa Central,NG00201,Adamawa,NG002,Nigeria,NG,1490918400000,1555459200000,NA
636,Toungo 1,NG002019008,Toungo 1,Toungo I, ,Toungo,NG002019,Adamawa South,NG00203,Adamawa,NG002,Nigeria,NG,1490918400000,1555459200000,NA
637,Toungo 2,NG002019009,Toungo 2,Toungo II, ,Toungo,NG002019,Adamawa South,NG00203,Adamawa,NG002,Nigeria,NG,1490918400000,1555459200000,NA
638,Toungo 3,NG002019010,Toungo 3,Toungo III, ,Toungo,NG002019,Adamawa South,NG00203,Adamawa,NG002,Nigeria,NG,1490918400000,1555459200000,NA
639,Tsugum Tagali,NG036001009,Tsugum Tagali,Tagali/Sugum, ,Bade,NG036001,Yobe North,NG03602,Yobe,NG036,Nigeria,NG,1490918400000,1555459200000,NA
640,Tsukumu/Tilijo,NG002013012,Tsukumu/Tilijo,Sukumu / Tillijo, ,Michika,NG002013,Adamawa North,NG00202,Adamawa,NG002,Nigeria,NG,1490918400000,1555459200000,NA
641,Tuba,NG008013012,Tuba,Tuba, ,Jere,NG008013,Borno Central,NG00801,Borno,NG008,Nigeria,NG,1490918400000,1555459200000,NA
642,Tulotulo,NG036017009,Tulotulo,Kaska/Tulotulowa, ,Yusufari,NG036017,Yobe North,NG03602,Yobe,NG036,Nigeria,NG,1490918400000,1555459200000,NA
643,Tumbara/Ngabili,NG002013014,Tumbara/Ngabili,Tumbara / Ngabili, ,Michika,NG002013,Adamawa North,NG00202,Adamawa,NG002,Nigeria,NG,1490918400000,1555459200000,NA
644,Turmi Malori,NG036004009,Turmi Malori,Turmi / Maluri, ,Fika,NG036004,Yobe South,NG03603,Yobe,NG036,Nigeria,NG,1490918400000,1555459200000,NA
645,Uba,NG002007012,Uba,Uba, ,Hong,NG002007,Adamawa Central,NG00201,Adamawa,NG002,Nigeria,NG,1490918400000,1555459200000,NA
646,Uba,NG008002010,Uba,Uba, ,Askira/Uba,NG008002,Borno South,NG00803,Borno,NG008,Nigeria,NG,1490918400000,1555459200000,NA
647,Ufaye,NG008008010,Ufaye,Ufaye / Gujile, ,Dikwa,NG008008,Borno Central,NG00801,Borno,NG008,Nigeria,NG,1490918400000,1555459200000,NA
648,Uki Tuki,NG002002009,Uki Tuki,Uki Tuki, ,Fufore,NG002002,Adamawa Central,NG00201,Adamawa,NG002,Nigeria,NG,1490918400000,1555459200000,NA
649,Uvu Uda,NG008002011,Uvu Uda,Uda / Uvu, ,Askira/Uba,NG008002,Borno South,NG00803,Borno,NG008,Nigeria,NG,1490918400000,1555459200000,NA
650,Vih/Boka,NG002013015,Vih/Boka,Vi / Boka, ,Michika,NG002013,Adamawa North,NG00202,Adamawa,NG002,Nigeria,NG,1490918400000,1555459200000,NA
651,Vimtim,NG002014010,Vimtim,Vimtim, ,Mubi North,NG002014,Adamawa North,NG00202,Adamawa,NG002,Nigeria,NG,1490918400000,1555459200000,NA
652,Vulpi,NG002016010,Vulpi,Vulpi, ,Numan,NG002016,Adamawa South,NG00203,Adamawa,NG002,Nigeria,NG,1490918400000,1555459200000,NA
653,Wachakal,NG036010009,Wachakal,Wachakal, ,Karasuwa,NG036010,Yobe North,NG03602,Yobe,NG036,Nigeria,NG,1490918400000,1555459200000,NA
654,Wada,NG008018008,Wada,Wada, ,Kwaya Kusar,NG008018,Borno South,NG00803,Borno,NG008,Nigeria,NG,1490918400000,1555459200000,NA
655,Waduku,NG002009010,Waduku,Waduku, ,Lamurde,NG002009,Adamawa South,NG00203,Adamawa,NG002,Nigeria,NG,1490918400000,1555459200000,NA
656,Waga-chakawa,NG002010009,Waga-chakawa,Wagga, ,Madagali,NG002010,Adamawa North,NG00202,Adamawa,NG002,Nigeria,NG,1490918400000,1555459200000,NA
657,Wagir,NG036007010,Wagir,Wagir, ,Gujba,NG036007,Yobe East,NG03601,Yobe,NG036,Nigeria,NG,1490918400000,1555459200000,NA
658,Wajiro,NG008014014,Wajiro,Wajiro / Burgumma, ,Kaga,NG008014,Borno Central,NG00801,Borno,NG008,Nigeria,NG,1490918400000,1555459200000,NA
659,Wala Warabe,NG008011003,Wala Warabe,Dure / Wala / Warabe, ,Gwoza,NG008011,Borno South,NG00803,Borno,NG008,Nigeria,NG,1490918400000,1555459200000,NA
660,Walama,NG008027011,Walama,Walama, ,Shani,NG008027,Borno South,NG00803,Borno,NG008,Nigeria,NG,1490918400000,1555459200000,NA
661,Waltandi,NG002018010,Waltandi,Waltandi, ,Song,NG002018,Adamawa Central,NG00201,Adamawa,NG002,Nigeria,NG,1490918400000,1555459200000,NA
662,Wambilimi/Tili,NG002013016,Wambilimi/Tili,Wamblimi / Tilli, ,Michika,NG002013,Adamawa North,NG00202,Adamawa,NG002,Nigeria,NG,1490918400000,1555459200000,NA
663,Wamdeo Giwi,NG008002012,Wamdeo Giwi,Wamdeo / Giwi, ,Askira/Uba,NG008002,Borno South,NG00803,Borno,NG008,Nigeria,NG,1490918400000,1555459200000,NA
664,Wamiri,NG008010010,Wamiri,Wamiri, ,Guzamala,NG008010,Borno North,NG00802,Borno,NG008,Nigeria,NG,1490918400000,1555459200000,NA
665,Waro,NG036010010,Waro,Waro, ,Karasuwa,NG036010,Yobe North,NG03602,Yobe,NG036,Nigeria,NG,1490918400000,1555459200000,NA
666,Warshele,NG008025010,Warshele,Warshele, ,Ngala,NG008025,Borno Central,NG00801,Borno,NG008,Nigeria,NG,1490918400000,1555459200000,NA
667,Wassaram,NG008014015,Wassaram,Wassaram, ,Kaga,NG008014,Borno Central,NG00801,Borno,NG008,Nigeria,NG,1490918400000,1555459200000,NA
668,Watinani,NG036012011,Watinani,Watinani, ,Nangere,NG036012,Yobe South,NG03603,Yobe,NG036,Nigeria,NG,1490918400000,1555459200000,NA
669,Wawa,NG008018009,Wawa,Wawa, ,Kwaya Kusar,NG008018,Borno South,NG00803,Borno,NG008,Nigeria,NG,1490918400000,1555459200000,NA
670,Wawa Korode,NG008007010,Wawa Korode,Wawa / Korede, ,Damboa,NG008007,Borno South,NG00803,Borno,NG008,Nigeria,NG,1490918400000,1555459200000,NA
671,Whuntaku,NG008006003,Whuntaku,Chibok Wuntaku, ,Chibok,NG008006,Borno South,NG00803,Borno,NG008,Nigeria,NG,1490918400000,1555459200000,NA
672,Wula,NG002010010,Wula,Wula, ,Madagali,NG002010,Adamawa North,NG00202,Adamawa,NG002,Nigeria,NG,1490918400000,1555459200000,NA
673,Wulgo,NG008025011,Wulgo,Wulgo, ,Ngala,NG008025,Borno Central,NG00801,Borno,NG008,Nigeria,NG,1490918400000,1555459200000,NA
674,Wulo,NG008024010,Wulo,Wulo, ,Monguno,NG008024,Borno North,NG00802,Borno,NG008,Nigeria,NG,1490918400000,1555459200000,NA
675,Wuro Bokki,NG002002010,Wuro Bokki,Wuro Bokki, ,Fufore,NG002002,Adamawa Central,NG00201,Adamawa,NG002,Nigeria,NG,1490918400000,1555459200000,NA
676,Wuro Dole,NG002005010,Wuro Dole,Wuro Dole, ,Girei,NG002005,Adamawa Central,NG00201,Adamawa,NG002,Nigeria,NG,1490918400000,1555459200000,NA
677,Wuyo,NG008004009,Wuyo,Wuyo, ,Bayo,NG008004,Borno South,NG00803,Borno,NG008,Nigeria,NG,1490918400000,1555459200000,NA
678,Yabal,NG008016008,Yabal,Mairamri / Yeleri / Bazamri, ,Konduga,NG008016,Borno Central,NG00801,Borno,NG008,Nigeria,NG,1490918400000,1555459200000,NA
679,Yabiri,NG008003013,Yabiri,Yabiri Kura/Yabiri Gana/Chongolo, ,Bama,NG008003,Borno Central,NG00801,Borno,NG008,Nigeria,NG,1490918400000,1555459200000,NA
680,Yadim,NG002002011,Yadim,Yadim, ,Fufore,NG002002,Adamawa Central,NG00201,Adamawa,NG002,Nigeria,NG,1490918400000,1555459200000,NA
681,Yajiwa,NG008016010,Yajiwa,Nyaleri/Sandia/Yejiwa, ,Konduga,NG008016,Borno Central,NG00801,Borno,NG008,Nigeria,NG,1490918400000,1555459200000,NA
682,Yale,NG008016006,Yale,Kelumiri / Ngalbi Amari / Yale, ,Konduga,NG008016,Borno Central,NG00801,Borno,NG008,Nigeria,NG,1490918400000,1555459200000,NA
683,Yang,NG002004010,Yang,Yang, ,Gombi,NG002004,Adamawa Central,NG00201,Adamawa,NG002,Nigeria,NG,1490918400000,1555459200000,NA
684,Yau,NG008001008,Yau,Yau, ,Abadam,NG008001,Borno North,NG00802,Borno,NG008,Nigeria,NG,1490918400000,1555459200000,NA
685,Yawa,NG008001009,Yawa,Yawa Kura, ,Abadam,NG008001,Borno North,NG00802,Borno,NG008,Nigeria,NG,1490918400000,1555459200000,NA
686,Yawi,NG008005010,Yawi,Yawi, ,Biu,NG008005,Borno South,NG00803,Borno,NG008,Nigeria,NG,1490918400000,1555459200000,NA
687,Yebbi,NG002003010,Yebbi,Yebbi, ,Ganye,NG002003,Adamawa South,NG00203,Adamawa,NG002,Nigeria,NG,1490918400000,1555459200000,NA
688,Yele,NG008024011,Yele,Yele, ,Monguno,NG008024,Borno North,NG00802,Borno,NG008,Nigeria,NG,1490918400000,1555459200000,NA
689,Yeli,NG002008011,Yeli,Yelli, ,Jada,NG002008,Adamawa South,NG00203,Adamawa,NG002,Nigeria,NG,1490918400000,1555459200000,NA
690,Yelwa,NG002014011,Yelwa,Yelwa, ,Mubi North,NG002014,Adamawa North,NG00202,Adamawa,NG002,Nigeria,NG,1490918400000,1555459200000,NA
691,Yelwa,NG002020011,Yelwa,Yelwa, ,Yola North,NG002020,Adamawa Central,NG00201,Adamawa,NG002,Nigeria,NG,1490918400000,1555459200000,NA
692,Yerimaram,NG036014010,Yerimaram,Yerimaram/Garin Daye/Badejo/Nahuta, ,Potiskum,NG036014,Yobe South,NG03603,Yobe,NG036,Nigeria,NG,1490918400000,1555459200000,NA
693,Yimirdalang,NG008018010,Yimirdalang,Yimirthalang, ,Kwaya Kusar,NG008018,Borno South,NG00803,Borno,NG008,Nigeria,NG,1490918400000,1555459200000,NA
694,Yitiwa,NG008001010,Yitiwa,Yituwa, ,Abadam,NG008001,Borno North,NG00802,Borno,NG008,Nigeria,NG,1490918400000,1555459200000,NA
695,Yoffo,NG002012012,Yoffo,Yoffo, ,Mayo-Belwa,NG002012,Adamawa South,NG00203,Adamawa,NG002,Nigeria,NG,1490918400000,1555459200000,NA
696,Yolde Kohi,NG002021011,Yolde Kohi,Yolde Kohi, ,Yola South,NG002021,Adamawa Central,NG00201,Adamawa,NG002,Nigeria,NG,1490918400000,1555459200000,NA
697,Yoyo,NG008017010,Yoyo,Yoyo, ,Kukawa,NG008017,Borno North,NG00802,Borno,NG008,Nigeria,NG,1490918400000,1555459200000,NA
698,Yunusari,NG036016009,Yunusari,Ngirabo, ,Yunusari,NG036016,Yobe East,NG03601,Yobe,NG036,Nigeria,NG,1490918400000,1555459200000,NA
699,Yusufari,NG036017010,Yusufari,Yusufari, ,Yusufari,NG036017,Yobe North,NG03602,Yobe,NG036,Nigeria,NG,1490918400000,1555459200000,NA
700,Zabudum Dachia,NG036009010,Zabudum Dachia,Zabudum / Dachia, ,Jakusko,NG036009,Yobe North,NG03602,Yobe,NG036,Nigeria,NG,1490918400000,1555459200000,NA
701,Zabudum Dachia,NG036016010,Zabudum Dachia,Zajibiri / Dumbal, ,Yunusari,NG036016,Yobe East,NG03601,Yobe,NG036,Nigeria,NG,1490918400000,1555459200000,NA
702,Zaga Ngalori,NG008022013,Zaga Ngalori,Zaga, ,Marte,NG008022,Borno North,NG00802,Borno,NG008,Nigeria,NG,1490918400000,1555459200000,NA
703,Zageri,NG008003014,Zageri,Zangeri/Kash  Kash, ,Bama,NG008003,Borno Central,NG00801,Borno,NG008,Nigeria,NG,1490918400000,1555459200000,NA
704,Zah,NG002013013,Zah,Thukudou / Sufuku / Zah, ,Michika,NG002013,Adamawa North,NG00202,Adamawa,NG002,Nigeria,NG,1490918400000,1555459200000,NA
705,Zangaya Mazawaun,NG036004010,Zangaya Mazawaun,Zangaya/Mazawaun, ,Fika,NG036004,Yobe South,NG03603,Yobe,NG036,Nigeria,NG,1490918400000,1555459200000,NA
706,Zangebe,NG008019001,Zangebe,Abbari, ,Mafa,NG008019,Borno Central,NG00801,Borno,NG008,Nigeria,NG,1490918400000,1555459200000,NA
707,Zango,NG036001010,Zango,Zangon Musa/Zango Umaru, ,Bade,NG036001,Yobe North,NG03602,Yobe,NG036,Nigeria,NG,1490918400000,1555459200000,NA
708,Zara,NG008004010,Zara,Zara, ,Bayo,NG008004,Borno South,NG00803,Borno,NG008,Nigeria,NG,1490918400000,1555459200000,NA
709,Zarawuyaku,NG008005011,Zarawuyaku,Zarawuyaku, ,Biu,NG008005,Borno South,NG00803,Borno,NG008,Nigeria,NG,1490918400000,1555459200000,NA
710,Zari,NG008023010,Zari,Zari, ,Mobbar,NG008023,Borno North,NG00802,Borno,NG008,Nigeria,NG,1490918400000,1555459200000,NA
711,Zowo,NG008009010,Zowo,Zowo, ,Gubio,NG008009,Borno North,NG00802,Borno,NG008,Nigeria,NG,1490918400000,1555459200000,NA
712,Zulum,NG008024012,Zulum,Zulum, ,Monguno,NG008024,Borno North,NG00802,Borno,NG008,Nigeria,NG,1490918400000,1555459200000,NA
713,Zulum Umarti,NG008023009,Zulum Umarti,Zanna Umorti, ,Mobbar,NG008023,Borno North,NG00802,Borno,NG008,Nigeria,NG,1490918400000,1555459200000,NA
714,Zumo,NG002018011,Zumo,Zumo, ,Song,NG002018,Adamawa Central,NG00201,Adamawa,NG002,Nigeria,NG,1490918400000,1555459200000,NA
