OBJECTID,admin2Name_en,admin2Name_vi,admin2Pcode,admin2RefName,admin2AltName1_en,admin2AltName2_en,admin2AltName1_vi,admin2AltName2_vi,admin1Name_en,admin1Name_vi,admin1Pcode,admin0Name_en,admin0Name_vi,admin0Pcode,date,validOn,validTo
1,A Luoi,Huyện A Lưới,VN41115,NA,NA,NA,NA,NA,Thua Thien Hue,Thừa Thiên Huế,VN411,Viet Nam,Việt Nam,VN,1569888000000,1578009600000,NA
2,An Bien,Huyện An Biên,VN81315,NA,NA,NA,NA,NA,Kien Giang,Kiên Giang,VN813,Viet Nam,Việt Nam,VN,1569888000000,1578009600000,NA
3,An Duong,Huyện An Dương,VN10313,NA,NA,NA,NA,NA,Hai Phong city,TP. Hải Phòng,VN103,Viet Nam,Việt Nam,VN,1569888000000,1578009600000,NA
4,An Khe,Thị xã An Khê,VN60311,NA,NA,NA,NA,NA,Gia Lai,Gia Lai,VN603,Viet Nam,Việt Nam,VN,1569888000000,1578009600000,NA
5,An Lao,Huyện An Lão,VN10315,NA,NA,NA,NA,NA,Hai Phong city,TP. Hải Phòng,VN103,Viet Nam,Việt Nam,VN,1569888000000,1578009600000,NA
6,An Lao,Huyện An Lão,VN50703,NA,NA,NA,NA,NA,Binh Dinh,Bình Định,VN507,Viet Nam,Việt Nam,VN,1569888000000,1578009600000,NA
7,An Minh,Huyện An Minh,VN81317,NA,NA,NA,NA,NA,Kien Giang,Kiên Giang,VN813,Viet Nam,Việt Nam,VN,1569888000000,1578009600000,NA
8,An Nhon,Thị xã An Nhơn,VN50717,NA,NA,NA,NA,NA,Binh Dinh,Bình Định,VN507,Viet Nam,Việt Nam,VN,1569888000000,1578009600000,NA
9,An Phu,Huyện An Phú,VN80505,NA,NA,NA,NA,NA,An Giang,An Giang,VN805,Viet Nam,Việt Nam,VN,1569888000000,1578009600000,NA
10,An Thi,Huyện Ân Thi,VN10907,NA,NA,NA,NA,NA,Hung Yen,Hưng Yên,VN109,Viet Nam,Việt Nam,VN,1569888000000,1578009600000,NA
11,Anh Son,Huyện Anh Sơn,VN40327,NA,NA,NA,NA,NA,Nghe An,Nghệ An,VN403,Viet Nam,Việt Nam,VN,1569888000000,1578009600000,NA
12,Ayun Pa,Thị xã Ayun Pa,VN60321,NA,NA,NA,NA,NA,Gia Lai,Gia Lai,VN603,Viet Nam,Việt Nam,VN,1569888000000,1578009600000,NA
13,Ba Be,Huyện Ba Bể,VN20703,NA,NA,NA,NA,NA,Bac Kan,Bắc Kạn,VN207,Viet Nam,Việt Nam,VN,1569888000000,1578009600000,NA
14,Ba Che,Huyện Ba Chẽ,VN22515,NA,NA,NA,NA,NA,Quang Ninh,Quảng Ninh,VN225,Viet Nam,Việt Nam,VN,1569888000000,1578009600000,NA
15,Ba Dinh,Quận Ba Đình,VN10101,NA,NA,NA,NA,NA,Ha Noi,TP. Hà Nội,VN101,Viet Nam,Việt Nam,VN,1569888000000,1578009600000,NA
16,Ba Don,Thị xã Ba Đồn,VN40707,NA,NA,NA,NA,NA,Quang Binh,Quảng Bình,VN407,Viet Nam,Việt Nam,VN,1569888000000,1578009600000,NA
17,Ba Ria,TP. Bà Rịa,VN71703,NA,NA,NA,NA,NA,Ba Ria - Vung Tau,Bà Rịa - Vũng Tàu,VN717,Viet Nam,Việt Nam,VN,1569888000000,1578009600000,NA
18,Ba Thuoc,Huyện Bá Thước,VN40113,NA,NA,NA,NA,NA,Thanh Hoa,Thanh Hóa,VN401,Viet Nam,Việt Nam,VN,1569888000000,1578009600000,NA
19,Ba To,Huyện Ba Tơ,VN50525,NA,NA,NA,NA,NA,Quang Ngai,Quảng Ngãi,VN505,Viet Nam,Việt Nam,VN,1569888000000,1578009600000,NA
20,Ba Tri,Huyện Ba Tri,VN81113,NA,NA,NA,NA,NA,Ben Tre,Bến Tre,VN811,Viet Nam,Việt Nam,VN,1569888000000,1578009600000,NA
21,Ba Vi,Huyện Ba Vì,VN10129,NA,NA,NA,NA,NA,Ha Noi,TP. Hà Nội,VN101,Viet Nam,Việt Nam,VN,1569888000000,1578009600000,NA
22,Bac Ai,Huyện Bác Ái,VN70504,NA,NA,NA,NA,NA,Ninh Thuan,Ninh Thuận,VN705,Viet Nam,Việt Nam,VN,1569888000000,1578009600000,NA
23,Bac Binh,Huyện Bắc Bình,VN71505,NA,NA,NA,NA,NA,Binh Thuan,Bình Thuận,VN715,Viet Nam,Việt Nam,VN,1569888000000,1578009600000,NA
24,Bac Giang,TP. Bắc Giang,VN22101,NA,NA,NA,NA,NA,Bac Giang,Bắc Giang,VN221,Viet Nam,Việt Nam,VN,1569888000000,1578009600000,NA
25,Bac Ha,Huyện Bắc Hà,VN20509,NA,NA,NA,NA,NA,Lao Cai,Lào Cai,VN205,Viet Nam,Việt Nam,VN,1569888000000,1578009600000,NA
26,Bac Kan,Thị xã Bắc Kạn,VN20701,NA,NA,NA,NA,NA,Bac Kan,Bắc Kạn,VN207,Viet Nam,Việt Nam,VN,1569888000000,1578009600000,NA
27,Bac Lieu,TP. Bạc Liêu,VN82101,NA,NA,NA,NA,NA,Bac Lieu,Bạc Liêu,VN821,Viet Nam,Việt Nam,VN,1569888000000,1578009600000,NA
28,Bac Me,Huyện Bắc Mê,VN20111,NA,NA,NA,NA,NA,Ha Giang,Hà Giang,VN201,Viet Nam,Việt Nam,VN,1569888000000,1578009600000,NA
29,Bac Ninh,TP. Bắc Ninh,VN10601,NA,NA,NA,NA,NA,Bac Ninh,Bắc Ninh,VN106,Viet Nam,Việt Nam,VN,1569888000000,1578009600000,NA
30,Bac Quang,Huyện Bắc Quang,VN20119,NA,NA,NA,NA,NA,Ha Giang,Hà Giang,VN201,Viet Nam,Việt Nam,VN,1569888000000,1578009600000,NA
31,Bac Son,Huyện Bắc Sơn,VN20909,NA,NA,NA,NA,NA,Lang Son,Lạng Sơn,VN209,Viet Nam,Việt Nam,VN,1569888000000,1578009600000,NA
32,Bac Tan Uyen,Huyện Bắc Tân Uyên,VN71109,NA,NA,NA,NA,NA,Binh Duong,Bình Dương,VN711,Viet Nam,Việt Nam,VN,1569888000000,1578009600000,NA
33,Bac Tra My,Huyện Bắc Trà My,VN50327,NA,NA,NA,NA,NA,Quang Nam,Quảng Nam,VN503,Viet Nam,Việt Nam,VN,1569888000000,1578009600000,NA
34,Bac Tu Liem,Quận Bắc Từ Liêm,VN10155,NA,NA,NA,NA,NA,Ha Noi,TP. Hà Nội,VN101,Viet Nam,Việt Nam,VN,1569888000000,1578009600000,NA
35,Bac Yen,Huyện Bắc Yên,VN30309,NA,NA,NA,NA,NA,Son La,Sơn La,VN303,Viet Nam,Việt Nam,VN,1569888000000,1578009600000,NA
36,Bach Long Vi,Huyện Bạch Long Vĩ,VN10325,NA,NA,NA,NA,NA,Hai Phong city,TP. Hải Phòng,VN103,Viet Nam,Việt Nam,VN,1569888000000,1578009600000,NA
37,Bach Thong,Huyện Bạch Thông,VN20711,NA,NA,NA,NA,NA,Bac Kan,Bắc Kạn,VN207,Viet Nam,Việt Nam,VN,1569888000000,1578009600000,NA
38,Bao Lac,Huyện Bảo Lạc,VN20303,NA,NA,NA,NA,NA,Cao Bang,Cao Bằng,VN203,Viet Nam,Việt Nam,VN,1569888000000,1578009600000,NA
39,Bao Lam,Huyện Bảo Lâm,VN20304,NA,NA,NA,NA,NA,Cao Bang,Cao Bằng,VN203,Viet Nam,Việt Nam,VN,1569888000000,1578009600000,NA
40,Bao Lam,Huyện Bảo Lâm,VN60713,NA,NA,NA,NA,NA,Lam Dong,Lâm Đồng,VN607,Viet Nam,Việt Nam,VN,1569888000000,1578009600000,NA
41,Bao Loc,TP. Bảo Lộc,VN60703,NA,NA,NA,NA,NA,Lam Dong,Lâm Đồng,VN607,Viet Nam,Việt Nam,VN,1569888000000,1578009600000,NA
42,Bao Thang,Huyện Bảo Thắng,VN20511,NA,NA,NA,NA,NA,Lao Cai,Lào Cai,VN205,Viet Nam,Việt Nam,VN,1569888000000,1578009600000,NA
43,Bao Yen,Huyện Bảo Yên,VN20515,NA,NA,NA,NA,NA,Lao Cai,Lào Cai,VN205,Viet Nam,Việt Nam,VN,1569888000000,1578009600000,NA
44,Bat Xat,Huyện Bát Xát,VN20507,NA,NA,NA,NA,NA,Lao Cai,Lào Cai,VN205,Viet Nam,Việt Nam,VN,1569888000000,1578009600000,NA
45,Bau Bang,Huyện Bàu Bàng,VN71110,NA,NA,NA,NA,NA,Binh Duong,Bình Dương,VN711,Viet Nam,Việt Nam,VN,1569888000000,1578009600000,NA
46,Ben Cat,Thị xã Bến Cát,VN71103,NA,NA,NA,NA,NA,Binh Duong,Bình Dương,VN711,Viet Nam,Việt Nam,VN,1569888000000,1578009600000,NA
47,Ben Cau,Huyện Bến Cầu,VN70913,NA,NA,NA,NA,NA,Tay Ninh,Tây Ninh,VN709,Viet Nam,Việt Nam,VN,1569888000000,1578009600000,NA
48,Ben Luc,Huyện Bến Lức,VN80117,NA,NA,NA,NA,NA,Long An,Long An,VN801,Viet Nam,Việt Nam,VN,1569888000000,1578009600000,NA
49,Ben Tre,TP. Bến Tre,VN81101,NA,NA,NA,NA,NA,Ben Tre,Bến Tre,VN811,Viet Nam,Việt Nam,VN,1569888000000,1578009600000,NA
50,Bien Hoa,TP. Biên Hòa,VN71301,NA,NA,NA,NA,NA,Dong Nai,Đồng Nai,VN713,Viet Nam,Việt Nam,VN,1569888000000,1578009600000,NA
51,Bim Son,Thị xã Bỉm Sơn,VN40103,NA,NA,NA,NA,NA,Thanh Hoa,Thanh Hóa,VN401,Viet Nam,Việt Nam,VN,1569888000000,1578009600000,NA
52,Binh Chanh,Huyện Bình Chánh,VN70139,NA,NA,NA,NA,NA,Ho Chi Minh city,TP. Hồ Chí Minh,VN701,Viet Nam,Việt Nam,VN,1569888000000,1578009600000,NA
53,Binh Dai,Huyện Bình Đại,VN81111,NA,NA,NA,NA,NA,Ben Tre,Bến Tre,VN811,Viet Nam,Việt Nam,VN,1569888000000,1578009600000,NA
54,Binh Gia,Huyện Bình Gia,VN20907,NA,NA,NA,NA,NA,Lang Son,Lạng Sơn,VN209,Viet Nam,Việt Nam,VN,1569888000000,1578009600000,NA
55,Binh Giang,Huyện Bình Giang,VN10719,NA,NA,NA,NA,NA,Hai Duong,Hải Dương,VN107,Viet Nam,Việt Nam,VN,1569888000000,1578009600000,NA
56,Binh Lieu,Huyện Bình Liêu,VN22507,NA,NA,NA,NA,NA,Quang Ninh,Quảng Ninh,VN225,Viet Nam,Việt Nam,VN,1569888000000,1578009600000,NA
57,Binh Long,Thị xã Bình Long,VN70709,NA,NA,NA,NA,NA,Binh Phuoc,Bình Phước,VN707,Viet Nam,Việt Nam,VN,1569888000000,1578009600000,NA
58,Binh Luc,Huyện Bình Lục,VN11111,NA,NA,NA,NA,NA,Ha Nam,Hà Nam,VN111,Viet Nam,Việt Nam,VN,1569888000000,1578009600000,NA
59,Binh Minh,Thị xã Bình Minh,VN80907,NA,NA,NA,NA,NA,Vinh Long,Vĩnh Long,VN809,Viet Nam,Việt Nam,VN,1569888000000,1578009600000,NA
60,Binh Son,Huyện Bình Sơn,VN50505,NA,NA,NA,NA,NA,Quang Ngai,Quảng Ngãi,VN505,Viet Nam,Việt Nam,VN,1569888000000,1578009600000,NA
61,Binh Tan,Huyện Bình Tân,VN80908,NA,NA,NA,NA,NA,Vinh Long,Vĩnh Long,VN809,Viet Nam,Việt Nam,VN,1569888000000,1578009600000,NA
62,Binh Tan,Quận Bình Tân,VN70140,NA,NA,NA,NA,NA,Ho Chi Minh city,TP. Hồ Chí Minh,VN701,Viet Nam,Việt Nam,VN,1569888000000,1578009600000,NA
63,Binh Thanh,Quận Bình Thạnh,VN70129,NA,NA,NA,NA,NA,Ho Chi Minh city,TP. Hồ Chí Minh,VN701,Viet Nam,Việt Nam,VN,1569888000000,1578009600000,NA
64,Binh Thuy,Quận Bình Thủy,VN81505,NA,NA,NA,NA,NA,Can Tho city,TP. Cần Thơ,VN815,Viet Nam,Việt Nam,VN,1569888000000,1578009600000,NA
65,Binh Xuyen,Huyện Bình Xuyên,VN10406,NA,NA,NA,NA,NA,Vinh Phuc,Vĩnh Phúc,VN104,Viet Nam,Việt Nam,VN,1569888000000,1578009600000,NA
66,Bo Trach,Huyện Bố Trạch,VN40709,NA,NA,NA,NA,NA,Quang Binh,Quảng Bình,VN407,Viet Nam,Việt Nam,VN,1569888000000,1578009600000,NA
67,Bu Dang,Huyện Bù Đăng,VN70707,NA,NA,NA,NA,NA,Binh Phuoc,Bình Phước,VN707,Viet Nam,Việt Nam,VN,1569888000000,1578009600000,NA
68,Bu Dop,Huyện Bù Đốp,VN70706,NA,NA,NA,NA,NA,Binh Phuoc,Bình Phước,VN707,Viet Nam,Việt Nam,VN,1569888000000,1578009600000,NA
69,Bu Gia Map,Huyện Bù Gia Mập,VN70711,NA,NA,NA,NA,NA,Binh Phuoc,Bình Phước,VN707,Viet Nam,Việt Nam,VN,1569888000000,1578009600000,NA
70,Buon Don,Huyện Buôn Đôn,VN60511,NA,NA,NA,NA,NA,Dak Lak,Đăk Lắk,VN605,Viet Nam,Việt Nam,VN,1569888000000,1578009600000,NA
71,Buon Ho,Thị xã Buôn Hồ,VN60502,NA,NA,NA,NA,NA,Dak Lak,Đăk Lắk,VN605,Viet Nam,Việt Nam,VN,1569888000000,1578009600000,NA
72,Buon Ma Thuot,TP. Buôn Ma Thuột,VN60501,NA,NA,NA,NA,NA,Dak Lak,Đăk Lắk,VN605,Viet Nam,Việt Nam,VN,1569888000000,1578009600000,NA
73,Ca Mau,TP. Cà Mau,VN82301,NA,NA,NA,NA,NA,Ca Mau,Cà Mau,VN823,Viet Nam,Việt Nam,VN,1569888000000,1578009600000,NA
74,Cai Be,Huyện Cái Bè,VN80713,NA,NA,NA,NA,NA,Tien Giang,Tiền Giang,VN807,Viet Nam,Việt Nam,VN,1569888000000,1578009600000,NA
75,Cai Nuoc,Huyện Cái Nước,VN82309,NA,NA,NA,NA,NA,Ca Mau,Cà Mau,VN823,Viet Nam,Việt Nam,VN,1569888000000,1578009600000,NA
76,Cai Rang,Quận Cái Răng,VN81507,NA,NA,NA,NA,NA,Can Tho city,TP. Cần Thơ,VN815,Viet Nam,Việt Nam,VN,1569888000000,1578009600000,NA
77,Cam Giang,Huyện Cẩm Giàng,VN10717,NA,NA,NA,NA,NA,Hai Duong,Hải Dương,VN107,Viet Nam,Việt Nam,VN,1569888000000,1578009600000,NA
78,Cam Khe,Huyện Cẩm Khê,VN21713,NA,NA,NA,NA,NA,Phu Tho,Phú Thọ,VN217,Viet Nam,Việt Nam,VN,1569888000000,1578009600000,NA
79,Cam Lam,Huyện Cam Lâm,VN51108,NA,NA,NA,NA,NA,Khanh Hoa,Khánh Hòa,VN511,Viet Nam,Việt Nam,VN,1569888000000,1578009600000,NA
80,Cam Le,Quận Cẩm Lệ,VN50112,NA,NA,NA,NA,NA,Da Nang city,TP. Đà Nẵng,VN501,Viet Nam,Việt Nam,VN,1569888000000,1578009600000,NA
81,Cam Lo,Huyện Cam Lộ,VN40909,NA,NA,NA,NA,NA,Quang Tri,Quảng Trị,VN409,Viet Nam,Việt Nam,VN,1569888000000,1578009600000,NA
82,Cam My,Huyện Cẩm Mỹ,VN71312,NA,NA,NA,NA,NA,Dong Nai,Đồng Nai,VN713,Viet Nam,Việt Nam,VN,1569888000000,1578009600000,NA
83,Cam Pha,TP. Cẩm Phả,VN22503,NA,NA,NA,NA,NA,Quang Ninh,Quảng Ninh,VN225,Viet Nam,Việt Nam,VN,1569888000000,1578009600000,NA
84,Cam Ranh,TP. Cam Ranh,VN51102,NA,NA,NA,NA,NA,Khanh Hoa,Khánh Hòa,VN511,Viet Nam,Việt Nam,VN,1569888000000,1578009600000,NA
85,Cam Thuy,Huyện Cẩm Thủy,VN40115,NA,NA,NA,NA,NA,Thanh Hoa,Thanh Hóa,VN401,Viet Nam,Việt Nam,VN,1569888000000,1578009600000,NA
86,Cam Xuyen,Huyện Cẩm Xuyên,VN40515,NA,NA,NA,NA,NA,Ha Tinh,Hà Tĩnh,VN405,Viet Nam,Việt Nam,VN,1569888000000,1578009600000,NA
87,Can Duoc,Huyện Cần Đước,VN80125,NA,NA,NA,NA,NA,Long An,Long An,VN801,Viet Nam,Việt Nam,VN,1569888000000,1578009600000,NA
88,Can Gio,Huyện Cần Giờ,VN70143,NA,NA,NA,NA,NA,Ho Chi Minh city,TP. Hồ Chí Minh,VN701,Viet Nam,Việt Nam,VN,1569888000000,1578009600000,NA
89,Can Giuoc,Huyện Cần Giuộc,VN80127,NA,NA,NA,NA,NA,Long An,Long An,VN801,Viet Nam,Việt Nam,VN,1569888000000,1578009600000,NA
90,Can Loc,Huyện Can Lộc,VN40511,NA,NA,NA,NA,NA,Ha Tinh,Hà Tĩnh,VN405,Viet Nam,Việt Nam,VN,1569888000000,1578009600000,NA
91,Cang Long,Huyện Càng Long,VN81703,NA,NA,NA,NA,NA,Tra Vinh,Trà Vinh,VN817,Viet Nam,Việt Nam,VN,1569888000000,1578009600000,NA
92,Cao Bang,TP. Cao Bằng,VN20301,NA,NA,NA,NA,NA,Cao Bang,Cao Bằng,VN203,Viet Nam,Việt Nam,VN,1569888000000,1578009600000,NA
93,Cao Loc,Huyện Cao Lộc,VN20913,NA,NA,NA,NA,NA,Lang Son,Lạng Sơn,VN209,Viet Nam,Việt Nam,VN,1569888000000,1578009600000,NA
94,Cao Phong,Huyện Cao Phong,VN30510,NA,NA,NA,NA,NA,Hoa Binh,Hòa Bình,VN305,Viet Nam,Việt Nam,VN,1569888000000,1578009600000,NA
95,Cat Hai,Huyện Cát Hải,VN10323,NA,NA,NA,NA,NA,Hai Phong city,TP. Hải Phòng,VN103,Viet Nam,Việt Nam,VN,1569888000000,1578009600000,NA
96,Cat Tien,Huyện Cát Tiên,VN60721,NA,NA,NA,NA,NA,Lam Dong,Lâm Đồng,VN607,Viet Nam,Việt Nam,VN,1569888000000,1578009600000,NA
97,Cau Giay,Quận Cầu Giấy,VN10113,NA,NA,NA,NA,NA,Ha Noi,TP. Hà Nội,VN101,Viet Nam,Việt Nam,VN,1569888000000,1578009600000,NA
98,Cau Ke,Huyện Cầu Kè,VN81707,NA,NA,NA,NA,NA,Tra Vinh,Trà Vinh,VN817,Viet Nam,Việt Nam,VN,1569888000000,1578009600000,NA
99,Cau Ngang,Huyện Cầu Ngang,VN81711,NA,NA,NA,NA,NA,Tra Vinh,Trà Vinh,VN817,Viet Nam,Việt Nam,VN,1569888000000,1578009600000,NA
100,Chau Doc,TP. Châu Đốc,VN80503,NA,NA,NA,NA,NA,An Giang,An Giang,VN805,Viet Nam,Việt Nam,VN,1569888000000,1578009600000,NA
101,Chau Duc,Huyện Châu Đức,VN71705,NA,NA,NA,NA,NA,Ba Ria - Vung Tau,Bà Rịa - Vũng Tàu,VN717,Viet Nam,Việt Nam,VN,1569888000000,1578009600000,NA
102,Chau Phu,Huyện Châu Phú,VN80511,NA,NA,NA,NA,NA,An Giang,An Giang,VN805,Viet Nam,Việt Nam,VN,1569888000000,1578009600000,NA
103,Chau Thanh,Huyện Châu Thành,VN70909,NA,NA,NA,NA,NA,Tay Ninh,Tây Ninh,VN709,Viet Nam,Việt Nam,VN,1569888000000,1578009600000,NA
104,Chau Thanh,Huyện Châu Thành,VN80121,NA,NA,NA,NA,NA,Long An,Long An,VN801,Viet Nam,Việt Nam,VN,1569888000000,1578009600000,NA
105,Chau Thanh,Huyện Châu Thành,VN80321,NA,NA,NA,NA,NA,Dong Thap,Đồng Tháp,VN803,Viet Nam,Việt Nam,VN,1569888000000,1578009600000,NA
106,Chau Thanh,Huyện Châu Thành,VN80519,NA,NA,NA,NA,NA,An Giang,An Giang,VN805,Viet Nam,Việt Nam,VN,1569888000000,1578009600000,NA
107,Chau Thanh,Huyện Châu Thành,VN80707,NA,NA,NA,NA,NA,Tien Giang,Tiền Giang,VN807,Viet Nam,Việt Nam,VN,1569888000000,1578009600000,NA
108,Chau Thanh,Huyện Châu Thành,VN81103,NA,NA,NA,NA,NA,Ben Tre,Bến Tre,VN811,Viet Nam,Việt Nam,VN,1569888000000,1578009600000,NA
109,Chau Thanh,Huyện Châu Thành,VN81309,NA,NA,NA,NA,NA,Kien Giang,Kiên Giang,VN813,Viet Nam,Việt Nam,VN,1569888000000,1578009600000,NA
110,Chau Thanh,Huyện Châu Thành,VN81605,NA,NA,NA,NA,NA,Hau Giang,Hậu Giang,VN816,Viet Nam,Việt Nam,VN,1569888000000,1578009600000,NA
111,Chau Thanh,Huyện Châu Thành,VN81705,NA,NA,NA,NA,NA,Tra Vinh,Trà Vinh,VN817,Viet Nam,Việt Nam,VN,1569888000000,1578009600000,NA
112,Chau Thanh,Huyện Châu Thành,VN81908,NA,NA,NA,NA,NA,Soc Trang,Sóc Trăng,VN819,Viet Nam,Việt Nam,VN,1569888000000,1578009600000,NA
113,Chau Thanh A,Huyện Châu Thành A,VN81603,NA,NA,NA,NA,NA,Hau Giang,Hậu Giang,VN816,Viet Nam,Việt Nam,VN,1569888000000,1578009600000,NA
114,Chi Lang,Huyện Chi Lăng,VN20917,NA,NA,NA,NA,NA,Lang Son,Lạng Sơn,VN209,Viet Nam,Việt Nam,VN,1569888000000,1578009600000,NA
115,Chi Linh,Thị xã Chí Linh,VN10703,NA,NA,NA,NA,NA,Hai Duong,Hải Dương,VN107,Viet Nam,Việt Nam,VN,1569888000000,1578009600000,NA
116,Chiem Hoa,Huyện Chiêm Hóa,VN21105,NA,NA,NA,NA,NA,Tuyen Quang,Tuyên Quang,VN211,Viet Nam,Việt Nam,VN,1569888000000,1578009600000,NA
117,Cho Don,Huyện Chợ Đồn,VN20707,NA,NA,NA,NA,NA,Bac Kan,Bắc Kạn,VN207,Viet Nam,Việt Nam,VN,1569888000000,1578009600000,NA
118,Cho Gao,Huyện Chợ Gạo,VN80711,NA,NA,NA,NA,NA,Tien Giang,Tiền Giang,VN807,Viet Nam,Việt Nam,VN,1569888000000,1578009600000,NA
119,Cho Lach,Huyện Chợ Lách,VN81105,NA,NA,NA,NA,NA,Ben Tre,Bến Tre,VN811,Viet Nam,Việt Nam,VN,1569888000000,1578009600000,NA
120,Cho Moi,Huyện Chợ Mới,VN20712,NA,NA,NA,NA,NA,Bac Kan,Bắc Kạn,VN207,Viet Nam,Việt Nam,VN,1569888000000,1578009600000,NA
121,Cho Moi,Huyện Chợ Mới,VN80517,NA,NA,NA,NA,NA,An Giang,An Giang,VN805,Viet Nam,Việt Nam,VN,1569888000000,1578009600000,NA
122,Chon Thanh,Huyện Chơn Thành,VN70708,NA,NA,NA,NA,NA,Binh Phuoc,Bình Phước,VN707,Viet Nam,Việt Nam,VN,1569888000000,1578009600000,NA
123,Chu Pah,Huyện Chư Păh,VN60307,NA,NA,NA,NA,NA,Gia Lai,Gia Lai,VN603,Viet Nam,Việt Nam,VN,1569888000000,1578009600000,NA
124,Chu Prong,Huyện Chư Prông,VN60317,NA,NA,NA,NA,NA,Gia Lai,Gia Lai,VN603,Viet Nam,Việt Nam,VN,1569888000000,1578009600000,NA
125,Chu Puh,Huyện Chư Pưh,VN60325,NA,NA,NA,NA,NA,Gia Lai,Gia Lai,VN603,Viet Nam,Việt Nam,VN,1569888000000,1578009600000,NA
126,Chu Se,Huyện Chư Sê,VN60319,NA,NA,NA,NA,NA,Gia Lai,Gia Lai,VN603,Viet Nam,Việt Nam,VN,1569888000000,1578009600000,NA
127,Chuong My,Huyện Chương Mỹ,VN10141,NA,NA,NA,NA,NA,Ha Noi,TP. Hà Nội,VN101,Viet Nam,Việt Nam,VN,1569888000000,1578009600000,NA
128,Co Do,Huyện Cờ Đỏ,VN81513,NA,NA,NA,NA,NA,Can Tho city,TP. Cần Thơ,VN815,Viet Nam,Việt Nam,VN,1569888000000,1578009600000,NA
129,Co To,Huyện Cô Tô,VN22523,NA,NA,NA,NA,NA,Quang Ninh,Quảng Ninh,VN225,Viet Nam,Việt Nam,VN,1569888000000,1578009600000,NA
130,Con Co,Huyện Cồn Cỏ,VN40906,NA,NA,NA,NA,NA,Quang Tri,Quảng Trị,VN409,Viet Nam,Việt Nam,VN,1569888000000,1578009600000,NA
131,Con Cuong,Huyện Con Cuông,VN40321,NA,NA,NA,NA,NA,Nghe An,Nghệ An,VN403,Viet Nam,Việt Nam,VN,1569888000000,1578009600000,NA
132,Con Dao,Huyện Côn Đảo,VN71714,NA,NA,NA,NA,NA,Ba Ria - Vung Tau,Bà Rịa - Vũng Tàu,VN717,Viet Nam,Việt Nam,VN,1569888000000,1578009600000,NA
133,Cu Chi,Huyện Củ Chi,VN70135,NA,NA,NA,NA,NA,Ho Chi Minh city,TP. Hồ Chí Minh,VN701,Viet Nam,Việt Nam,VN,1569888000000,1578009600000,NA
134,Cu Jut,Huyện Cư Jút,VN60621,NA,NA,NA,NA,NA,Dak Nong,Đăk Nông,VN606,Viet Nam,Việt Nam,VN,1569888000000,1578009600000,NA
135,Cu Kuin,Huyện Cư Kuin,VN60524,NA,NA,NA,NA,NA,Dak Lak,Đăk Lắk,VN605,Viet Nam,Việt Nam,VN,1569888000000,1578009600000,NA
136,Cu Lao Dung,Huyện Cù Lao Dung,VN81906,NA,NA,NA,NA,NA,Soc Trang,Sóc Trăng,VN819,Viet Nam,Việt Nam,VN,1569888000000,1578009600000,NA
137,Cu Mgar,Huyện Cư M'gar,VN60513,NA,NA,NA,NA,NA,Dak Lak,Đăk Lắk,VN605,Viet Nam,Việt Nam,VN,1569888000000,1578009600000,NA
138,Cua Lo,Thị xã Cửa Lò,VN40303,NA,NA,NA,NA,NA,Nghe An,Nghệ An,VN403,Viet Nam,Việt Nam,VN,1569888000000,1578009600000,NA
139,Da Bac,Huyện Đà Bắc,VN30503,NA,NA,NA,NA,NA,Hoa Binh,Hòa Bình,VN305,Viet Nam,Việt Nam,VN,1569888000000,1578009600000,NA
140,Da Huoai,Huyện Đạ Huoai,VN60717,NA,NA,NA,NA,NA,Lam Dong,Lâm Đồng,VN607,Viet Nam,Việt Nam,VN,1569888000000,1578009600000,NA
141,Da Krong,Huyện Đa Krông,VN40917,NA,NA,NA,NA,NA,Quang Tri,Quảng Trị,VN409,Viet Nam,Việt Nam,VN,1569888000000,1578009600000,NA
142,Da Lat,TP. Đà Lạt,VN60701,NA,NA,NA,NA,NA,Lam Dong,Lâm Đồng,VN607,Viet Nam,Việt Nam,VN,1569888000000,1578009600000,NA
143,Da Teh,Huyện Đạ Tẻh,VN60719,NA,NA,NA,NA,NA,Lam Dong,Lâm Đồng,VN607,Viet Nam,Việt Nam,VN,1569888000000,1578009600000,NA
144,Dai Loc,Huyện Đại Lộc,VN50307,NA,NA,NA,NA,NA,Quang Nam,Quảng Nam,VN503,Viet Nam,Việt Nam,VN,1569888000000,1578009600000,NA
145,Dai Tu,Huyện Đại Từ,VN21513,NA,NA,NA,NA,NA,Thai Nguyen,Thái Nguyên,VN215,Viet Nam,Việt Nam,VN,1569888000000,1578009600000,NA
146,Dak Doa,Huyện Đắk Đoa,VN60305,NA,NA,NA,NA,NA,Gia Lai,Gia Lai,VN603,Viet Nam,Việt Nam,VN,1569888000000,1578009600000,NA
147,Dak Glei,Huyện Đắk Glei,VN60103,NA,NA,NA,NA,NA,Kon Tum,Kon Tum,VN601,Viet Nam,Việt Nam,VN,1569888000000,1578009600000,NA
148,Dak Glong,Huyện Đắk Glong,VN60635,NA,NA,NA,NA,NA,Dak Nong,Đăk Nông,VN606,Viet Nam,Việt Nam,VN,1569888000000,1578009600000,NA
149,Dak Ha,Huyện Đắk Hà,VN60111,NA,NA,NA,NA,NA,Kon Tum,Kon Tum,VN601,Viet Nam,Việt Nam,VN,1569888000000,1578009600000,NA
150,Dak Mil,Huyện Đắk Mil,VN60627,NA,NA,NA,NA,NA,Dak Nong,Đăk Nông,VN606,Viet Nam,Việt Nam,VN,1569888000000,1578009600000,NA
151,Dak Po,Huyện Đắk Pơ,VN60312,NA,NA,NA,NA,NA,Gia Lai,Gia Lai,VN603,Viet Nam,Việt Nam,VN,1569888000000,1578009600000,NA
152,Dak Rlap,Huyện Đắk R'Lấp,VN60633,NA,NA,NA,NA,NA,Dak Nong,Đăk Nông,VN606,Viet Nam,Việt Nam,VN,1569888000000,1578009600000,NA
153,Dak Song,Huyện Đắk Song,VN60632,NA,NA,NA,NA,NA,Dak Nong,Đăk Nông,VN606,Viet Nam,Việt Nam,VN,1569888000000,1578009600000,NA
154,Dak To,Huyện Đắk Tô,VN60107,NA,NA,NA,NA,NA,Kon Tum,Kon Tum,VN601,Viet Nam,Việt Nam,VN,1569888000000,1578009600000,NA
155,Dam Doi,Huyện Đầm Dơi,VN82311,NA,NA,NA,NA,NA,Ca Mau,Cà Mau,VN823,Viet Nam,Việt Nam,VN,1569888000000,1578009600000,NA
156,Dam Ha,Huyện Đầm Hà,VN22512,NA,NA,NA,NA,NA,Quang Ninh,Quảng Ninh,VN225,Viet Nam,Việt Nam,VN,1569888000000,1578009600000,NA
157,Dam Rong,Huyện Đam Rông,VN60723,NA,NA,NA,NA,NA,Lam Dong,Lâm Đồng,VN607,Viet Nam,Việt Nam,VN,1569888000000,1578009600000,NA
158,Dan Phuong,Huyện Đan Phượng,VN10133,NA,NA,NA,NA,NA,Ha Noi,TP. Hà Nội,VN101,Viet Nam,Việt Nam,VN,1569888000000,1578009600000,NA
159,Dat Do,Huyện Đất Đỏ,VN71711,NA,NA,NA,NA,NA,Ba Ria - Vung Tau,Bà Rịa - Vũng Tàu,VN717,Viet Nam,Việt Nam,VN,1569888000000,1578009600000,NA
160,Dau Tieng,Huyện Dầu Tiếng,VN71102,NA,NA,NA,NA,NA,Binh Duong,Bình Dương,VN711,Viet Nam,Việt Nam,VN,1569888000000,1578009600000,NA
161,Di An,Thị xã Dĩ An,VN71108,NA,NA,NA,NA,NA,Binh Duong,Bình Dương,VN711,Viet Nam,Việt Nam,VN,1569888000000,1578009600000,NA
162,Di Linh,Huyện Di Linh,VN60715,NA,NA,NA,NA,NA,Lam Dong,Lâm Đồng,VN607,Viet Nam,Việt Nam,VN,1569888000000,1578009600000,NA
163,Dien Ban,Huyện Điện Bàn,VN50309,NA,NA,NA,NA,NA,Quang Nam,Quảng Nam,VN503,Viet Nam,Việt Nam,VN,1569888000000,1578009600000,NA
164,Dien Bien,Huyện Điện Biên,VN30217,NA,NA,NA,NA,NA,Dien Bien,Điện Biên,VN302,Viet Nam,Việt Nam,VN,1569888000000,1578009600000,NA
165,Dien Bien Dong,Huyện Điện Biên Đông,VN30219,NA,NA,NA,NA,NA,Dien Bien,Điện Biên,VN302,Viet Nam,Việt Nam,VN,1569888000000,1578009600000,NA
166,Dien Bien Phu,TP. Điện Biên Phủ,VN30201,NA,NA,NA,NA,NA,Dien Bien,Điện Biên,VN302,Viet Nam,Việt Nam,VN,1569888000000,1578009600000,NA
167,Dien Chau,Huyện Diễn Châu,VN40325,NA,NA,NA,NA,NA,Nghe An,Nghệ An,VN403,Viet Nam,Việt Nam,VN,1569888000000,1578009600000,NA
168,Dien Khanh,Huyện Diên Khánh,VN51107,NA,NA,NA,NA,NA,Khanh Hoa,Khánh Hòa,VN511,Viet Nam,Việt Nam,VN,1569888000000,1578009600000,NA
169,Dinh Hoa,Huyện Định Hóa,VN21505,NA,NA,NA,NA,NA,Thai Nguyen,Thái Nguyên,VN215,Viet Nam,Việt Nam,VN,1569888000000,1578009600000,NA
170,Dinh Lap,Huyện Đình Lập,VN20919,NA,NA,NA,NA,NA,Lang Son,Lạng Sơn,VN209,Viet Nam,Việt Nam,VN,1569888000000,1578009600000,NA
171,Dinh Quan,Huyện Định Quán,VN71305,NA,NA,NA,NA,NA,Dong Nai,Đồng Nai,VN713,Viet Nam,Việt Nam,VN,1569888000000,1578009600000,NA
172,Do Luong,Huyện Đô Lương,VN40329,NA,NA,NA,NA,NA,Nghe An,Nghệ An,VN403,Viet Nam,Việt Nam,VN,1569888000000,1578009600000,NA
173,Do Son,Quận Đồ Sơn,VN10309,NA,NA,NA,NA,NA,Hai Phong city,TP. Hải Phòng,VN103,Viet Nam,Việt Nam,VN,1569888000000,1578009600000,NA
174,Doan Hung,Huyện Đoan Hùng,VN21705,NA,NA,NA,NA,NA,Phu Tho,Phú Thọ,VN217,Viet Nam,Việt Nam,VN,1569888000000,1578009600000,NA
175,Don Duong,Huyện Đơn Dương,VN60707,NA,NA,NA,NA,NA,Lam Dong,Lâm Đồng,VN607,Viet Nam,Việt Nam,VN,1569888000000,1578009600000,NA
176,Dong Anh,Huyện Đông Anh,VN10117,NA,NA,NA,NA,NA,Ha Noi,TP. Hà Nội,VN101,Viet Nam,Việt Nam,VN,1569888000000,1578009600000,NA
177,Dong Da,Quận Đống Đa,VN10109,NA,NA,NA,NA,NA,Ha Noi,TP. Hà Nội,VN101,Viet Nam,Việt Nam,VN,1569888000000,1578009600000,NA
178,Dong Giang,Huyện Đông Giang,VN50305,NA,NA,NA,NA,NA,Quang Nam,Quảng Nam,VN503,Viet Nam,Việt Nam,VN,1569888000000,1578009600000,NA
179,Dong Ha,TP. Đông Hà,VN40901,NA,NA,NA,NA,NA,Quang Tri,Quảng Trị,VN409,Viet Nam,Việt Nam,VN,1569888000000,1578009600000,NA
180,Dong Hai,Huyện Đông Hải,VN82109,NA,NA,NA,NA,NA,Bac Lieu,Bạc Liêu,VN821,Viet Nam,Việt Nam,VN,1569888000000,1578009600000,NA
181,Dong Hoa,Huyện Đông Hòa,VN50912,NA,NA,NA,NA,NA,Phu Yen,Phú Yên,VN509,Viet Nam,Việt Nam,VN,1569888000000,1578009600000,NA
182,Dong Hoi,TP. Đồng Hới,VN40701,NA,NA,NA,NA,NA,Quang Binh,Quảng Bình,VN407,Viet Nam,Việt Nam,VN,1569888000000,1578009600000,NA
183,Dong Hung,Huyện Đông Hưng,VN11509,NA,NA,NA,NA,NA,Thai Binh,Thái Bình,VN115,Viet Nam,Việt Nam,VN,1569888000000,1578009600000,NA
184,Dong Hy,Huyện Đồng Hỷ,VN21511,NA,NA,NA,NA,NA,Thai Nguyen,Thái Nguyên,VN215,Viet Nam,Việt Nam,VN,1569888000000,1578009600000,NA
185,Dong Phu,Huyện Đồng Phú,VN70702,NA,NA,NA,NA,NA,Binh Phuoc,Bình Phước,VN707,Viet Nam,Việt Nam,VN,1569888000000,1578009600000,NA
186,Dong Son,Huyện Đông Sơn,VN40145,NA,NA,NA,NA,NA,Thanh Hoa,Thanh Hóa,VN401,Viet Nam,Việt Nam,VN,1569888000000,1578009600000,NA
187,Dong Trieu,Huyện Đông Triều,VN22521,NA,NA,NA,NA,NA,Quang Ninh,Quảng Ninh,VN225,Viet Nam,Việt Nam,VN,1569888000000,1578009600000,NA
188,Dong Van,Huyện Đồng Văn,VN20103,NA,NA,NA,NA,NA,Ha Giang,Hà Giang,VN201,Viet Nam,Việt Nam,VN,1569888000000,1578009600000,NA
189,Dong Xoai,Thị xã Đồng Xoài,VN70701,NA,NA,NA,NA,NA,Binh Phuoc,Bình Phước,VN707,Viet Nam,Việt Nam,VN,1569888000000,1578009600000,NA
190,Dong Xuan,Huyện Đồng Xuân,VN50903,NA,NA,NA,NA,NA,Phu Yen,Phú Yên,VN509,Viet Nam,Việt Nam,VN,1569888000000,1578009600000,NA
191,Duc Co,Huyện Đức Cơ,VN60315,NA,NA,NA,NA,NA,Gia Lai,Gia Lai,VN603,Viet Nam,Việt Nam,VN,1569888000000,1578009600000,NA
192,Duc Hoa,Huyện Đức Hòa,VN80115,NA,NA,NA,NA,NA,Long An,Long An,VN801,Viet Nam,Việt Nam,VN,1569888000000,1578009600000,NA
193,Duc Hue,Huyện Đức Huệ,VN80113,NA,NA,NA,NA,NA,Long An,Long An,VN801,Viet Nam,Việt Nam,VN,1569888000000,1578009600000,NA
194,Duc Linh,Huyện Đức Linh,VN71515,NA,NA,NA,NA,NA,Binh Thuan,Bình Thuận,VN715,Viet Nam,Việt Nam,VN,1569888000000,1578009600000,NA
195,Duc Pho,Huyện Đức Phổ,VN50523,NA,NA,NA,NA,NA,Quang Ngai,Quảng Ngãi,VN505,Viet Nam,Việt Nam,VN,1569888000000,1578009600000,NA
196,Duc Tho,Huyện Đức Thọ,VN40507,NA,NA,NA,NA,NA,Ha Tinh,Hà Tĩnh,VN405,Viet Nam,Việt Nam,VN,1569888000000,1578009600000,NA
197,Duc Trong,Huyện Đức Trọng,VN60709,NA,NA,NA,NA,NA,Lam Dong,Lâm Đồng,VN607,Viet Nam,Việt Nam,VN,1569888000000,1578009600000,NA
198,Duong Kinh,Quận Dương Kinh,VN10310,NA,NA,NA,NA,NA,Hai Phong city,TP. Hải Phòng,VN103,Viet Nam,Việt Nam,VN,1569888000000,1578009600000,NA
199,Duong Minh Chau,Huyện Dương Minh Châu,VN70907,NA,NA,NA,NA,NA,Tay Ninh,Tây Ninh,VN709,Viet Nam,Việt Nam,VN,1569888000000,1578009600000,NA
200,Duy Tien,Huyện Duy Tiên,VN11103,NA,NA,NA,NA,NA,Ha Nam,Hà Nam,VN111,Viet Nam,Việt Nam,VN,1569888000000,1578009600000,NA
201,Duy Xuyen,Huyện Duy Xuyên,VN50311,NA,NA,NA,NA,NA,Quang Nam,Quảng Nam,VN503,Viet Nam,Việt Nam,VN,1569888000000,1578009600000,NA
202,Duyen Hai,Huyện Duyên Hải,VN81715,NA,NA,NA,NA,NA,Tra Vinh,Trà Vinh,VN817,Viet Nam,Việt Nam,VN,1569888000000,1578009600000,NA
203,EA Hleo,Huyện Ea H'leo,VN60503,NA,NA,NA,NA,NA,Dak Lak,Đăk Lắk,VN605,Viet Nam,Việt Nam,VN,1569888000000,1578009600000,NA
204,Ea Kar,Huyện Ea Kar,VN60515,NA,NA,NA,NA,NA,Dak Lak,Đăk Lắk,VN605,Viet Nam,Việt Nam,VN,1569888000000,1578009600000,NA
205,Ea Sup,Huyện Ea Súp,VN60505,NA,NA,NA,NA,NA,Dak Lak,Đăk Lắk,VN605,Viet Nam,Việt Nam,VN,1569888000000,1578009600000,NA
206,Gia Binh,Huyện Gia Bình,VN10612,NA,NA,NA,NA,NA,Bac Ninh,Bắc Ninh,VN106,Viet Nam,Việt Nam,VN,1569888000000,1578009600000,NA
207,Gia Lam,Huyện Gia Lâm,VN10119,NA,NA,NA,NA,NA,Ha Noi,TP. Hà Nội,VN101,Viet Nam,Việt Nam,VN,1569888000000,1578009600000,NA
208,Gia Loc,Huyện Gia Lộc,VN10713,NA,NA,NA,NA,NA,Hai Duong,Hải Dương,VN107,Viet Nam,Việt Nam,VN,1569888000000,1578009600000,NA
209,Gia Nghia,Thị xã Gia Nghĩa,VN60611,NA,NA,NA,NA,NA,Dak Nong,Đăk Nông,VN606,Viet Nam,Việt Nam,VN,1569888000000,1578009600000,NA
210,Gia Rai,Huyện Giá Rai,VN82107,NA,NA,NA,NA,NA,Bac Lieu,Bạc Liêu,VN821,Viet Nam,Việt Nam,VN,1569888000000,1578009600000,NA
211,Gia Vien,Huyện Gia Viễn,VN11707,NA,NA,NA,NA,NA,Ninh Binh,Ninh Bình,VN117,Viet Nam,Việt Nam,VN,1569888000000,1578009600000,NA
212,Giang Thanh,Huyện Giang Thành,VN81326,NA,NA,NA,NA,NA,Kien Giang,Kiên Giang,VN813,Viet Nam,Việt Nam,VN,1569888000000,1578009600000,NA
213,Giao Thuy,Huyện Giao Thủy,VN11315,NA,NA,NA,NA,NA,Nam Dinh,Nam Định,VN113,Viet Nam,Việt Nam,VN,1569888000000,1578009600000,NA
214,Gio Linh,Huyện Gio Linh,VN40907,NA,NA,NA,NA,NA,Quang Tri,Quảng Trị,VN409,Viet Nam,Việt Nam,VN,1569888000000,1578009600000,NA
215,Giong Rieng,Huyện Giồng Riềng,VN81311,NA,NA,NA,NA,NA,Kien Giang,Kiên Giang,VN813,Viet Nam,Việt Nam,VN,1569888000000,1578009600000,NA
216,Giong Trom,Huyện Giồng Trôm,VN81109,NA,NA,NA,NA,NA,Ben Tre,Bến Tre,VN811,Viet Nam,Việt Nam,VN,1569888000000,1578009600000,NA
217,Go Cong,Thị xã Gò Công,VN80703,NA,NA,NA,NA,NA,Tien Giang,Tiền Giang,VN807,Viet Nam,Việt Nam,VN,1569888000000,1578009600000,NA
218,Go Cong Dong,Huyện Gò Công Đông,VN80717,NA,NA,NA,NA,NA,Tien Giang,Tiền Giang,VN807,Viet Nam,Việt Nam,VN,1569888000000,1578009600000,NA
219,Go Cong Tay,Huyện Gò Công Tây,VN80715,NA,NA,NA,NA,NA,Tien Giang,Tiền Giang,VN807,Viet Nam,Việt Nam,VN,1569888000000,1578009600000,NA
220,Go Dau,Huyện Gò Dầu,VN70915,NA,NA,NA,NA,NA,Tay Ninh,Tây Ninh,VN709,Viet Nam,Việt Nam,VN,1569888000000,1578009600000,NA
221,Go Quao,Huyện Gò Quao,VN81313,NA,NA,NA,NA,NA,Kien Giang,Kiên Giang,VN813,Viet Nam,Việt Nam,VN,1569888000000,1578009600000,NA
222,Go Vap,Quận Gò Vấp,VN70125,NA,NA,NA,NA,NA,Ho Chi Minh city,TP. Hồ Chí Minh,VN701,Viet Nam,Việt Nam,VN,1569888000000,1578009600000,NA
223,Ha Dong,Quận Hà Đông,VN10125,NA,NA,NA,NA,NA,Ha Noi,TP. Hà Nội,VN101,Viet Nam,Việt Nam,VN,1569888000000,1578009600000,NA
224,Ha Giang,TP. Hà Giang,VN20101,NA,NA,NA,NA,NA,Ha Giang,Hà Giang,VN201,Viet Nam,Việt Nam,VN,1569888000000,1578009600000,NA
225,Ha Hoa,Huyện Hạ Hòa,VN21707,NA,NA,NA,NA,NA,Phu Tho,Phú Thọ,VN217,Viet Nam,Việt Nam,VN,1569888000000,1578009600000,NA
226,Ha Lang,Huyện Hạ Lang,VN20319,NA,NA,NA,NA,NA,Cao Bang,Cao Bằng,VN203,Viet Nam,Việt Nam,VN,1569888000000,1578009600000,NA
227,Ha Long,TP. Hạ Long,VN22501,NA,NA,NA,NA,NA,Quang Ninh,Quảng Ninh,VN225,Viet Nam,Việt Nam,VN,1569888000000,1578009600000,NA
228,Ha Quang,Huyện Hà Quảng,VN20305,NA,NA,NA,NA,NA,Cao Bang,Cao Bằng,VN203,Viet Nam,Việt Nam,VN,1569888000000,1578009600000,NA
229,Ha Tien,Thị xã Hà Tiên,VN81303,NA,NA,NA,NA,NA,Kien Giang,Kiên Giang,VN813,Viet Nam,Việt Nam,VN,1569888000000,1578009600000,NA
230,Ha Tinh,TP. Hà Tĩnh,VN40501,NA,NA,NA,NA,NA,Ha Tinh,Hà Tĩnh,VN405,Viet Nam,Việt Nam,VN,1569888000000,1578009600000,NA
231,Ha Trung,Huyện Hà Trung,VN40131,NA,NA,NA,NA,NA,Thanh Hoa,Thanh Hóa,VN401,Viet Nam,Việt Nam,VN,1569888000000,1578009600000,NA
232,Hai An,Quận Hải An,VN10314,NA,NA,NA,NA,NA,Hai Phong city,TP. Hải Phòng,VN103,Viet Nam,Việt Nam,VN,1569888000000,1578009600000,NA
233,Hai Ba Trung,Quận Hai Bà Trưng,VN10107,NA,NA,NA,NA,NA,Ha Noi,TP. Hà Nội,VN101,Viet Nam,Việt Nam,VN,1569888000000,1578009600000,NA
234,Hai Chau,Quận Hải Châu,VN50101,NA,NA,NA,NA,NA,Da Nang city,TP. Đà Nẵng,VN501,Viet Nam,Việt Nam,VN,1569888000000,1578009600000,NA
235,Hai Duong,TP. Hải Dương,VN10701,NA,NA,NA,NA,NA,Hai Duong,Hải Dương,VN107,Viet Nam,Việt Nam,VN,1569888000000,1578009600000,NA
236,Hai Ha,Huyện Hải Hà,VN22511,NA,NA,NA,NA,NA,Quang Ninh,Quảng Ninh,VN225,Viet Nam,Việt Nam,VN,1569888000000,1578009600000,NA
237,Hai Hau,Huyện Hải Hậu,VN11319,NA,NA,NA,NA,NA,Nam Dinh,Nam Định,VN113,Viet Nam,Việt Nam,VN,1569888000000,1578009600000,NA
238,Hai Lang,Huyện Hải Lăng,VN40913,NA,NA,NA,NA,NA,Quang Tri,Quảng Trị,VN409,Viet Nam,Việt Nam,VN,1569888000000,1578009600000,NA
239,Ham Tan,Huyện Hàm Tân,VN71513,NA,NA,NA,NA,NA,Binh Thuan,Bình Thuận,VN715,Viet Nam,Việt Nam,VN,1569888000000,1578009600000,NA
240,Ham Thuan Bac,Huyện Hàm Thuận Bắc,VN71507,NA,NA,NA,NA,NA,Binh Thuan,Bình Thuận,VN715,Viet Nam,Việt Nam,VN,1569888000000,1578009600000,NA
241,Ham Thuan Nam,Huyện Hàm Thuận Nam,VN71509,NA,NA,NA,NA,NA,Binh Thuan,Bình Thuận,VN715,Viet Nam,Việt Nam,VN,1569888000000,1578009600000,NA
242,Ham Yen,Huyện Hàm Yên,VN21107,NA,NA,NA,NA,NA,Tuyen Quang,Tuyên Quang,VN211,Viet Nam,Việt Nam,VN,1569888000000,1578009600000,NA
243,Hau Loc,Huyện Hậu Lộc,VN40139,NA,NA,NA,NA,NA,Thanh Hoa,Thanh Hóa,VN401,Viet Nam,Việt Nam,VN,1569888000000,1578009600000,NA
244,Hiep Duc,Huyện Hiệp Đức,VN50319,NA,NA,NA,NA,NA,Quang Nam,Quảng Nam,VN503,Viet Nam,Việt Nam,VN,1569888000000,1578009600000,NA
245,Hiep Hoa,Huyện Hiệp Hòa,VN22109,NA,NA,NA,NA,NA,Bac Giang,Bắc Giang,VN221,Viet Nam,Việt Nam,VN,1569888000000,1578009600000,NA
246,Hoa An,Huyện Hòa An,VN20315,NA,NA,NA,NA,NA,Cao Bang,Cao Bằng,VN203,Viet Nam,Việt Nam,VN,1569888000000,1578009600000,NA
247,Hoa Binh,Huyện Hòa Bình,VN82106,NA,NA,NA,NA,NA,Bac Lieu,Bạc Liêu,VN821,Viet Nam,Việt Nam,VN,1569888000000,1578009600000,NA
248,Hoa Binh,TP. Hòa Bình,VN30501,NA,NA,NA,NA,NA,Hoa Binh,Hòa Bình,VN305,Viet Nam,Việt Nam,VN,1569888000000,1578009600000,NA
249,Hoa Lu,Huyện Hoa Lư,VN11709,NA,NA,NA,NA,NA,Ninh Binh,Ninh Bình,VN117,Viet Nam,Việt Nam,VN,1569888000000,1578009600000,NA
250,Hoa Thanh,Huyện Hòa Thành,VN70911,NA,NA,NA,NA,NA,Tay Ninh,Tây Ninh,VN709,Viet Nam,Việt Nam,VN,1569888000000,1578009600000,NA
251,Hoa Vang,Huyện Hòa Vang,VN50111,NA,NA,NA,NA,NA,Da Nang city,TP. Đà Nẵng,VN501,Viet Nam,Việt Nam,VN,1569888000000,1578009600000,NA
252,Hoai An,Huyện Hoài Ân,VN50707,NA,NA,NA,NA,NA,Binh Dinh,Bình Định,VN507,Viet Nam,Việt Nam,VN,1569888000000,1578009600000,NA
253,Hoai Duc,Huyện Hoài Đức,VN10137,NA,NA,NA,NA,NA,Ha Noi,TP. Hà Nội,VN101,Viet Nam,Việt Nam,VN,1569888000000,1578009600000,NA
254,Hoai Nhon,Huyện Hoài Nhơn,VN50705,NA,NA,NA,NA,NA,Binh Dinh,Bình Định,VN507,Viet Nam,Việt Nam,VN,1569888000000,1578009600000,NA
255,Hoan Kiem,Quận Hoàn Kiếm,VN10105,NA,NA,NA,NA,NA,Ha Noi,TP. Hà Nội,VN101,Viet Nam,Việt Nam,VN,1569888000000,1578009600000,NA
256,Hoang Hoa,Huyện Hoằng Hóa,VN40143,NA,NA,NA,NA,NA,Thanh Hoa,Thanh Hóa,VN401,Viet Nam,Việt Nam,VN,1569888000000,1578009600000,NA
257,Hoang Mai,Quận Hoàng Mai,VN10108,NA,NA,NA,NA,NA,Ha Noi,TP. Hà Nội,VN101,Viet Nam,Việt Nam,VN,1569888000000,1578009600000,NA
258,Hoang Mai,Thị xã Hoàng Mai,VN40338,NA,NA,NA,NA,NA,Nghe An,Nghệ An,VN403,Viet Nam,Việt Nam,VN,1569888000000,1578009600000,NA
259,Hoang Sa,Huyện Hoàng Sa,VN50190,NA,NA,NA,NA,NA,Da Nang city,TP. Đà Nẵng,VN501,Viet Nam,Việt Nam,VN,1569888000000,1578009600000,NA
260,Hoang Su Phi,Huyện Hoàng Su Phì,VN20113,NA,NA,NA,NA,NA,Ha Giang,Hà Giang,VN201,Viet Nam,Việt Nam,VN,1569888000000,1578009600000,NA
261,Hoanh Bo,Huyện Hoành Bồ,VN22519,NA,NA,NA,NA,NA,Quang Ninh,Quảng Ninh,VN225,Viet Nam,Việt Nam,VN,1569888000000,1578009600000,NA
262,Hoc Mon,Huyện Hóc Môn,VN70137,NA,NA,NA,NA,NA,Ho Chi Minh city,TP. Hồ Chí Minh,VN701,Viet Nam,Việt Nam,VN,1569888000000,1578009600000,NA
263,Hoi An,TP. Hội An,VN50303,NA,NA,NA,NA,NA,Quang Nam,Quảng Nam,VN503,Viet Nam,Việt Nam,VN,1569888000000,1578009600000,NA
264,Hon Dat,Huyện Hòn Đất,VN81305,NA,NA,NA,NA,NA,Kien Giang,Kiên Giang,VN813,Viet Nam,Việt Nam,VN,1569888000000,1578009600000,NA
265,Hon Quan,Huyện Hớn Quản,VN70710,NA,NA,NA,NA,NA,Binh Phuoc,Bình Phước,VN707,Viet Nam,Việt Nam,VN,1569888000000,1578009600000,NA
266,Hong Bang,Quận Hồng Bàng,VN10301,NA,NA,NA,NA,NA,Hai Phong city,TP. Hải Phòng,VN103,Viet Nam,Việt Nam,VN,1569888000000,1578009600000,NA
267,Hong Dan,Huyện Hồng Dân,VN82104,NA,NA,NA,NA,NA,Bac Lieu,Bạc Liêu,VN821,Viet Nam,Việt Nam,VN,1569888000000,1578009600000,NA
268,Hong Linh,Thị xã Hồng Lĩnh,VN40503,NA,NA,NA,NA,NA,Ha Tinh,Hà Tĩnh,VN405,Viet Nam,Việt Nam,VN,1569888000000,1578009600000,NA
269,Hue,TP. Huế,VN41101,NA,NA,NA,NA,NA,Thua Thien Hue,Thừa Thiên Huế,VN411,Viet Nam,Việt Nam,VN,1569888000000,1578009600000,NA
270,Hung Ha,Huyện Hưng Hà,VN11505,NA,NA,NA,NA,NA,Thai Binh,Thái Bình,VN115,Viet Nam,Việt Nam,VN,1569888000000,1578009600000,NA
271,Hung Nguyen,Huyện Hưng Nguyên,VN40337,NA,NA,NA,NA,NA,Nghe An,Nghệ An,VN403,Viet Nam,Việt Nam,VN,1569888000000,1578009600000,NA
272,Hung Yen,TP. Hưng Yên,VN10901,NA,NA,NA,NA,NA,Hung Yen,Hưng Yên,VN109,Viet Nam,Việt Nam,VN,1569888000000,1578009600000,NA
273,Huong Hoa,Huyện Hướng Hóa,VN40915,NA,NA,NA,NA,NA,Quang Tri,Quảng Trị,VN409,Viet Nam,Việt Nam,VN,1569888000000,1578009600000,NA
274,Huong Khe,Huyện Hương Khê,VN40517,NA,NA,NA,NA,NA,Ha Tinh,Hà Tĩnh,VN405,Viet Nam,Việt Nam,VN,1569888000000,1578009600000,NA
275,Huong Son,Huyện Hương Sơn,VN40509,NA,NA,NA,NA,NA,Ha Tinh,Hà Tĩnh,VN405,Viet Nam,Việt Nam,VN,1569888000000,1578009600000,NA
276,Huong Thuy,Thị xã Hương Thủy,VN41111,NA,NA,NA,NA,NA,Thua Thien Hue,Thừa Thiên Huế,VN411,Viet Nam,Việt Nam,VN,1569888000000,1578009600000,NA
277,Huong Tra,Thị xã Hương Trà,VN41107,NA,NA,NA,NA,NA,Thua Thien Hue,Thừa Thiên Huế,VN411,Viet Nam,Việt Nam,VN,1569888000000,1578009600000,NA
278,Huu Lung,Huyện Hữu Lũng,VN20921,NA,NA,NA,NA,NA,Lang Son,Lạng Sơn,VN209,Viet Nam,Việt Nam,VN,1569888000000,1578009600000,NA
279,Huyen Cai Lay,Huyện Cai Lậy,VN80719,NA,NA,NA,NA,NA,Tien Giang,Tiền Giang,VN807,Viet Nam,Việt Nam,VN,1569888000000,1578009600000,NA
280,Huyen Cao Lanh,Huyện Cao Lãnh,VN80315,NA,NA,NA,NA,NA,Dong Thap,Đồng Tháp,VN803,Viet Nam,Việt Nam,VN,1569888000000,1578009600000,NA
281,Huyen Hong Ngu,Huyện Hồng Ngự,VN80307,NA,NA,NA,NA,NA,Dong Thap,Đồng Tháp,VN803,Viet Nam,Việt Nam,VN,1569888000000,1578009600000,NA
282,Ia Grai,Huyện Ia Grai,VN60309,NA,NA,NA,NA,NA,Gia Lai,Gia Lai,VN603,Viet Nam,Việt Nam,VN,1569888000000,1578009600000,NA
283,Ia Pa,Huyện Ia Pa,VN60322,NA,NA,NA,NA,NA,Gia Lai,Gia Lai,VN603,Viet Nam,Việt Nam,VN,1569888000000,1578009600000,NA
284,KBang,Huyện KBang,VN60303,NA,NA,NA,NA,NA,Gia Lai,Gia Lai,VN603,Viet Nam,Việt Nam,VN,1569888000000,1578009600000,NA
285,Ke Sach,Huyện Kế Sách,VN81903,NA,NA,NA,NA,NA,Soc Trang,Sóc Trăng,VN819,Viet Nam,Việt Nam,VN,1569888000000,1578009600000,NA
286,Khanh Son,Huyện Khánh Sơn,VN51113,NA,NA,NA,NA,NA,Khanh Hoa,Khánh Hòa,VN511,Viet Nam,Việt Nam,VN,1569888000000,1578009600000,NA
287,Khanh Vinh,Huyện Khánh Vĩnh,VN51111,NA,NA,NA,NA,NA,Khanh Hoa,Khánh Hòa,VN511,Viet Nam,Việt Nam,VN,1569888000000,1578009600000,NA
288,Khoai Chau,Huyện Khoái Châu,VN10906,NA,NA,NA,NA,NA,Hung Yen,Hưng Yên,VN109,Viet Nam,Việt Nam,VN,1569888000000,1578009600000,NA
289,Kien An,Quận Kiến An,VN10307,NA,NA,NA,NA,NA,Hai Phong city,TP. Hải Phòng,VN103,Viet Nam,Việt Nam,VN,1569888000000,1578009600000,NA
290,Kien Hai,Huyện Kiên Hải,VN81323,NA,NA,NA,NA,NA,Kien Giang,Kiên Giang,VN813,Viet Nam,Việt Nam,VN,1569888000000,1578009600000,NA
291,Kien Luong,Huyện Kiên Lương,VN81304,NA,NA,NA,NA,NA,Kien Giang,Kiên Giang,VN813,Viet Nam,Việt Nam,VN,1569888000000,1578009600000,NA
292,Kien Thuy,Huyện Kiến Thụy,VN10317,NA,NA,NA,NA,NA,Hai Phong city,TP. Hải Phòng,VN103,Viet Nam,Việt Nam,VN,1569888000000,1578009600000,NA
293,Kien Tuong,Thị xã Kiến Tường,VN80128,NA,NA,NA,NA,NA,Long An,Long An,VN801,Viet Nam,Việt Nam,VN,1569888000000,1578009600000,NA
294,Kien Xuong,Huyện Kiến Xương,VN11513,NA,NA,NA,NA,NA,Thai Binh,Thái Bình,VN115,Viet Nam,Việt Nam,VN,1569888000000,1578009600000,NA
295,Kim Bang,Huyện Kim Bảng,VN11105,NA,NA,NA,NA,NA,Ha Nam,Hà Nam,VN111,Viet Nam,Việt Nam,VN,1569888000000,1578009600000,NA
296,Kim Boi,Huyện Kim Bôi,VN30511,NA,NA,NA,NA,NA,Hoa Binh,Hòa Bình,VN305,Viet Nam,Việt Nam,VN,1569888000000,1578009600000,NA
297,Kim Dong,Huyện Kim Động,VN10909,NA,NA,NA,NA,NA,Hung Yen,Hưng Yên,VN109,Viet Nam,Việt Nam,VN,1569888000000,1578009600000,NA
298,Kim Son,Huyện Kim Sơn,VN11715,NA,NA,NA,NA,NA,Ninh Binh,Ninh Bình,VN117,Viet Nam,Việt Nam,VN,1569888000000,1578009600000,NA
299,Kim Thanh,Huyện Kim Thành,VN10711,NA,NA,NA,NA,NA,Hai Duong,Hải Dương,VN107,Viet Nam,Việt Nam,VN,1569888000000,1578009600000,NA
300,Kinh Mon,Huyện Kinh Môn,VN10709,NA,NA,NA,NA,NA,Hai Duong,Hải Dương,VN107,Viet Nam,Việt Nam,VN,1569888000000,1578009600000,NA
301,Kon Plong,Huyện Kon Plông,VN60109,NA,NA,NA,NA,NA,Kon Tum,Kon Tum,VN601,Viet Nam,Việt Nam,VN,1569888000000,1578009600000,NA
302,Kon Ray,Huyện Kon Rẫy,VN60108,NA,NA,NA,NA,NA,Kon Tum,Kon Tum,VN601,Viet Nam,Việt Nam,VN,1569888000000,1578009600000,NA
303,Kon Tum,TP. Kon Tum,VN60101,NA,NA,NA,NA,NA,Kon Tum,Kon Tum,VN601,Viet Nam,Việt Nam,VN,1569888000000,1578009600000,NA
304,Kong Chro,Huyện Kông Chro,VN60313,NA,NA,NA,NA,NA,Gia Lai,Gia Lai,VN603,Viet Nam,Việt Nam,VN,1569888000000,1578009600000,NA
305,Krong A Na,Huyện Krông A Na,VN60523,NA,NA,NA,NA,NA,Dak Lak,Đăk Lắk,VN605,Viet Nam,Việt Nam,VN,1569888000000,1578009600000,NA
306,Krong Bong,Huyện Krông Bông,VN60525,NA,NA,NA,NA,NA,Dak Lak,Đăk Lắk,VN605,Viet Nam,Việt Nam,VN,1569888000000,1578009600000,NA
307,Krong Buk,Huyện Krông Búk,VN60509,NA,NA,NA,NA,NA,Dak Lak,Đăk Lắk,VN605,Viet Nam,Việt Nam,VN,1569888000000,1578009600000,NA
308,Krong Nang,Huyện Krông Năng,VN60507,NA,NA,NA,NA,NA,Dak Lak,Đăk Lắk,VN605,Viet Nam,Việt Nam,VN,1569888000000,1578009600000,NA
309,Krong No,Huyện Krông Nô,VN60629,NA,NA,NA,NA,NA,Dak Nong,Đăk Nông,VN606,Viet Nam,Việt Nam,VN,1569888000000,1578009600000,NA
310,Krong Pa,Huyện Krông Pa,VN60323,NA,NA,NA,NA,NA,Gia Lai,Gia Lai,VN603,Viet Nam,Việt Nam,VN,1569888000000,1578009600000,NA
311,Krong Pac,Huyện Krông Pắc,VN60519,NA,NA,NA,NA,NA,Dak Lak,Đăk Lắk,VN605,Viet Nam,Việt Nam,VN,1569888000000,1578009600000,NA
312,Ky Anh,Huyện Kỳ Anh,VN40519,NA,NA,NA,NA,NA,Ha Tinh,Hà Tĩnh,VN405,Viet Nam,Việt Nam,VN,1569888000000,1578009600000,NA
313,Ky Son,Huyện Kỳ Sơn,VN30507,NA,NA,NA,NA,NA,Hoa Binh,Hòa Bình,VN305,Viet Nam,Việt Nam,VN,1569888000000,1578009600000,NA
314,Ky Son,Huyện Kỳ Sơn,VN40309,NA,NA,NA,NA,NA,Nghe An,Nghệ An,VN403,Viet Nam,Việt Nam,VN,1569888000000,1578009600000,NA
315,La Gi,Thị xã La Gi,VN71502,NA,NA,NA,NA,NA,Binh Thuan,Bình Thuận,VN715,Viet Nam,Việt Nam,VN,1569888000000,1578009600000,NA
316,Lac Duong,Huyện Lạc Dương,VN60705,NA,NA,NA,NA,NA,Lam Dong,Lâm Đồng,VN607,Viet Nam,Việt Nam,VN,1569888000000,1578009600000,NA
317,Lac Son,Huyện Lạc Sơn,VN30515,NA,NA,NA,NA,NA,Hoa Binh,Hòa Bình,VN305,Viet Nam,Việt Nam,VN,1569888000000,1578009600000,NA
318,Lac Thuy,Huyện Lạc Thủy,VN30517,NA,NA,NA,NA,NA,Hoa Binh,Hòa Bình,VN305,Viet Nam,Việt Nam,VN,1569888000000,1578009600000,NA
319,Lai Chau,TP. Lai Châu,VN30103,NA,NA,NA,NA,NA,Lai Chau,Lai Châu,VN301,Viet Nam,Việt Nam,VN,1569888000000,1578009600000,NA
320,Lai Vung,Huyện Lai Vung,VN80319,NA,NA,NA,NA,NA,Dong Thap,Đồng Tháp,VN803,Viet Nam,Việt Nam,VN,1569888000000,1578009600000,NA
321,Lak,Huyện Lắk,VN60531,NA,NA,NA,NA,NA,Dak Lak,Đăk Lắk,VN605,Viet Nam,Việt Nam,VN,1569888000000,1578009600000,NA
322,Lam Binh,Huyện Lâm Bình,VN21112,NA,NA,NA,NA,NA,Tuyen Quang,Tuyên Quang,VN211,Viet Nam,Việt Nam,VN,1569888000000,1578009600000,NA
323,Lam Ha,Huyện Lâm Hà,VN60711,NA,NA,NA,NA,NA,Lam Dong,Lâm Đồng,VN607,Viet Nam,Việt Nam,VN,1569888000000,1578009600000,NA
324,Lam Thao,Huyện Lâm Thao,VN21712,NA,NA,NA,NA,NA,Phu Tho,Phú Thọ,VN217,Viet Nam,Việt Nam,VN,1569888000000,1578009600000,NA
325,Lang Chanh,Huyện Lang Chánh,VN40117,NA,NA,NA,NA,NA,Thanh Hoa,Thanh Hóa,VN401,Viet Nam,Việt Nam,VN,1569888000000,1578009600000,NA
326,Lang Giang,Huyện Lạng Giang,VN22111,NA,NA,NA,NA,NA,Bac Giang,Bắc Giang,VN221,Viet Nam,Việt Nam,VN,1569888000000,1578009600000,NA
327,Lang Son,TP. Lạng Sơn,VN20901,NA,NA,NA,NA,NA,Lang Son,Lạng Sơn,VN209,Viet Nam,Việt Nam,VN,1569888000000,1578009600000,NA
328,Lao Cai,TP. Lào Cai,VN20501,NA,NA,NA,NA,NA,Lao Cai,Lào Cai,VN205,Viet Nam,Việt Nam,VN,1569888000000,1578009600000,NA
329,Lap Thach,Huyện Lập Thạch,VN10403,NA,NA,NA,NA,NA,Vinh Phuc,Vĩnh Phúc,VN104,Viet Nam,Việt Nam,VN,1569888000000,1578009600000,NA
330,Lap Vo,Huyện Lấp Vò,VN80317,NA,NA,NA,NA,NA,Dong Thap,Đồng Tháp,VN803,Viet Nam,Việt Nam,VN,1569888000000,1578009600000,NA
331,Le Chan,Quận Lê Chân,VN10305,NA,NA,NA,NA,NA,Hai Phong city,TP. Hải Phòng,VN103,Viet Nam,Việt Nam,VN,1569888000000,1578009600000,NA
332,Le Thuy,Huyện Lệ Thủy,VN40713,NA,NA,NA,NA,NA,Quang Binh,Quảng Bình,VN407,Viet Nam,Việt Nam,VN,1569888000000,1578009600000,NA
333,Lien Chieu,Quận Liên Chiểu,VN50109,NA,NA,NA,NA,NA,Da Nang city,TP. Đà Nẵng,VN501,Viet Nam,Việt Nam,VN,1569888000000,1578009600000,NA
334,Loc Binh,Huyện Lộc Bình,VN20915,NA,NA,NA,NA,NA,Lang Son,Lạng Sơn,VN209,Viet Nam,Việt Nam,VN,1569888000000,1578009600000,NA
335,Loc Ha,Huyện Lộc Hà,VN40512,NA,NA,NA,NA,NA,Ha Tinh,Hà Tĩnh,VN405,Viet Nam,Việt Nam,VN,1569888000000,1578009600000,NA
336,Loc Ninh,Huyện Lộc Ninh,VN70705,NA,NA,NA,NA,NA,Binh Phuoc,Bình Phước,VN707,Viet Nam,Việt Nam,VN,1569888000000,1578009600000,NA
337,Long Bien,Quận Long Biên,VN10114,NA,NA,NA,NA,NA,Ha Noi,TP. Hà Nội,VN101,Viet Nam,Việt Nam,VN,1569888000000,1578009600000,NA
338,Long Dien,Huyện Long Điền,VN71712,NA,NA,NA,NA,NA,Ba Ria - Vung Tau,Bà Rịa - Vũng Tàu,VN717,Viet Nam,Việt Nam,VN,1569888000000,1578009600000,NA
339,Long Ho,Huyện Long Hồ,VN80903,NA,NA,NA,NA,NA,Vinh Long,Vĩnh Long,VN809,Viet Nam,Việt Nam,VN,1569888000000,1578009600000,NA
340,Long Khanh,Thị xã Long Khánh,VN71311,NA,NA,NA,NA,NA,Dong Nai,Đồng Nai,VN713,Viet Nam,Việt Nam,VN,1569888000000,1578009600000,NA
341,Long My,Huyện Long Mỹ,VN81611,NA,NA,NA,NA,NA,Hau Giang,Hậu Giang,VN816,Viet Nam,Việt Nam,VN,1569888000000,1578009600000,NA
342,Long Phu,Huyện Long Phú,VN81905,NA,NA,NA,NA,NA,Soc Trang,Sóc Trăng,VN819,Viet Nam,Việt Nam,VN,1569888000000,1578009600000,NA
343,Long Thanh,Huyện Long Thành,VN71315,NA,NA,NA,NA,NA,Dong Nai,Đồng Nai,VN713,Viet Nam,Việt Nam,VN,1569888000000,1578009600000,NA
344,Long Xuyen,TP. Long Xuyên,VN80501,NA,NA,NA,NA,NA,An Giang,An Giang,VN805,Viet Nam,Việt Nam,VN,1569888000000,1578009600000,NA
345,Luc Nam,Huyện Lục Nam,VN22115,NA,NA,NA,NA,NA,Bac Giang,Bắc Giang,VN221,Viet Nam,Việt Nam,VN,1569888000000,1578009600000,NA
346,Luc Ngan,Huyện Lục Ngạn,VN22107,NA,NA,NA,NA,NA,Bac Giang,Bắc Giang,VN221,Viet Nam,Việt Nam,VN,1569888000000,1578009600000,NA
347,Luc Yen,Huyện Lục Yên,VN21305,NA,NA,NA,NA,NA,Yen Bai,Yên Bái,VN213,Viet Nam,Việt Nam,VN,1569888000000,1578009600000,NA
348,Luong Son,Huyện Lương Sơn,VN30509,NA,NA,NA,NA,NA,Hoa Binh,Hòa Bình,VN305,Viet Nam,Việt Nam,VN,1569888000000,1578009600000,NA
349,Luong Tai,Huyện Lương Tài,VN10611,NA,NA,NA,NA,NA,Bac Ninh,Bắc Ninh,VN106,Viet Nam,Việt Nam,VN,1569888000000,1578009600000,NA
350,Ly Nhan,Huyện Lý Nhân,VN11107,NA,NA,NA,NA,NA,Ha Nam,Hà Nam,VN111,Viet Nam,Việt Nam,VN,1569888000000,1578009600000,NA
351,Ly Son,Huyện Lý Sơn,VN50503,NA,NA,NA,NA,NA,Quang Ngai,Quảng Ngãi,VN505,Viet Nam,Việt Nam,VN,1569888000000,1578009600000,NA
352,Mai Chau,Huyện Mai Châu,VN30505,NA,NA,NA,NA,NA,Hoa Binh,Hòa Bình,VN305,Viet Nam,Việt Nam,VN,1569888000000,1578009600000,NA
353,Mai Son,Huyện Mai Sơn,VN30313,NA,NA,NA,NA,NA,Son La,Sơn La,VN303,Viet Nam,Việt Nam,VN,1569888000000,1578009600000,NA
354,Mang Thit,Huyện Mang Thít,VN80905,NA,NA,NA,NA,NA,Vinh Long,Vĩnh Long,VN809,Viet Nam,Việt Nam,VN,1569888000000,1578009600000,NA
355,Mang Yang,Huyện Mang Yang,VN60306,NA,NA,NA,NA,NA,Gia Lai,Gia Lai,VN603,Viet Nam,Việt Nam,VN,1569888000000,1578009600000,NA
356,Mdrak District,Huyện M'Đrắk,VN60517,NA,NA,NA,NA,NA,Dak Lak,Đăk Lắk,VN605,Viet Nam,Việt Nam,VN,1569888000000,1578009600000,NA
357,Me Linh,Huyện Mê Linh,VN10153,NA,NA,NA,NA,NA,Ha Noi,TP. Hà Nội,VN101,Viet Nam,Việt Nam,VN,1569888000000,1578009600000,NA
358,Meo Vac,Huyện Mèo Vạc,VN20105,NA,NA,NA,NA,NA,Ha Giang,Hà Giang,VN201,Viet Nam,Việt Nam,VN,1569888000000,1578009600000,NA
359,Minh Hoa,Huyện Minh Hóa,VN40705,NA,NA,NA,NA,NA,Quang Binh,Quảng Bình,VN407,Viet Nam,Việt Nam,VN,1569888000000,1578009600000,NA
360,Minh Long,Huyện Minh Long,VN50519,NA,NA,NA,NA,NA,Quang Ngai,Quảng Ngãi,VN505,Viet Nam,Việt Nam,VN,1569888000000,1578009600000,NA
361,Mo Cay Bac,Huyện Mỏ Cày Bắc,VN81107,NA,NA,NA,NA,NA,Ben Tre,Bến Tre,VN811,Viet Nam,Việt Nam,VN,1569888000000,1578009600000,NA
362,Mo Cay Nam,Huyện Mỏ Cày Nam,VN81102,NA,NA,NA,NA,NA,Ben Tre,Bến Tre,VN811,Viet Nam,Việt Nam,VN,1569888000000,1578009600000,NA
363,Mo Duc,Huyện Mộ Đức,VN50521,NA,NA,NA,NA,NA,Quang Ngai,Quảng Ngãi,VN505,Viet Nam,Việt Nam,VN,1569888000000,1578009600000,NA
364,Moc Chau,Huyện Mộc Châu,VN30319,NA,NA,NA,NA,NA,Son La,Sơn La,VN303,Viet Nam,Việt Nam,VN,1569888000000,1578009600000,NA
365,Moc Hoa,Huyện Mộc Hóa,VN80107,NA,NA,NA,NA,NA,Long An,Long An,VN801,Viet Nam,Việt Nam,VN,1569888000000,1578009600000,NA
366,Mong Cai,TP. Móng Cái,VN22506,NA,NA,NA,NA,NA,Quang Ninh,Quảng Ninh,VN225,Viet Nam,Việt Nam,VN,1569888000000,1578009600000,NA
367,Mu Cang Chai,Huyện Mù Cang Chải,VN21309,NA,NA,NA,NA,NA,Yen Bai,Yên Bái,VN213,Viet Nam,Việt Nam,VN,1569888000000,1578009600000,NA
368,Muong Ang,Huyện Mường Ảng,VN30216,NA,NA,NA,NA,NA,Dien Bien,Điện Biên,VN302,Viet Nam,Việt Nam,VN,1569888000000,1578009600000,NA
369,Muong Cha,Huyện Mường Chà,VN30211,NA,NA,NA,NA,NA,Dien Bien,Điện Biên,VN302,Viet Nam,Việt Nam,VN,1569888000000,1578009600000,NA
370,Muong Khuong,Huyện Mường Khương,VN20505,NA,NA,NA,NA,NA,Lao Cai,Lào Cai,VN205,Viet Nam,Việt Nam,VN,1569888000000,1578009600000,NA
371,Muong La,Huyện Mường La,VN30305,NA,NA,NA,NA,NA,Son La,Sơn La,VN303,Viet Nam,Việt Nam,VN,1569888000000,1578009600000,NA
372,Muong Lat,Huyện Mường Lát,VN40107,NA,NA,NA,NA,NA,Thanh Hoa,Thanh Hóa,VN401,Viet Nam,Việt Nam,VN,1569888000000,1578009600000,NA
373,Muong Lay,Thị xã Mường Lay,VN30203,NA,NA,NA,NA,NA,Dien Bien,Điện Biên,VN302,Viet Nam,Việt Nam,VN,1569888000000,1578009600000,NA
374,Muong Nhe,Huyện Mường Nhé,VN30204,NA,NA,NA,NA,NA,Dien Bien,Điện Biên,VN302,Viet Nam,Việt Nam,VN,1569888000000,1578009600000,NA
375,Muong Te,Huyện Mường Tè,VN30105,NA,NA,NA,NA,NA,Lai Chau,Lai Châu,VN301,Viet Nam,Việt Nam,VN,1569888000000,1578009600000,NA
376,My Duc,Huyện Mỹ Đức,VN10147,NA,NA,NA,NA,NA,Ha Noi,TP. Hà Nội,VN101,Viet Nam,Việt Nam,VN,1569888000000,1578009600000,NA
377,My Hao,Huyện Mỹ Hào,VN10903,NA,NA,NA,NA,NA,Hung Yen,Hưng Yên,VN109,Viet Nam,Việt Nam,VN,1569888000000,1578009600000,NA
378,My Loc,Huyện Mỹ Lộc,VN11305,NA,NA,NA,NA,NA,Nam Dinh,Nam Định,VN113,Viet Nam,Việt Nam,VN,1569888000000,1578009600000,NA
379,My Tho,TP. Mỹ Tho,VN80701,NA,NA,NA,NA,NA,Tien Giang,Tiền Giang,VN807,Viet Nam,Việt Nam,VN,1569888000000,1578009600000,NA
380,My Tu,Huyện Mỹ Tú,VN81907,NA,NA,NA,NA,NA,Soc Trang,Sóc Trăng,VN819,Viet Nam,Việt Nam,VN,1569888000000,1578009600000,NA
381,My Xuyen,Huyện Mỹ Xuyên,VN81909,NA,NA,NA,NA,NA,Soc Trang,Sóc Trăng,VN819,Viet Nam,Việt Nam,VN,1569888000000,1578009600000,NA
382,Na Hang,Huyện Na Hang,VN21103,NA,NA,NA,NA,NA,Tuyen Quang,Tuyên Quang,VN211,Viet Nam,Việt Nam,VN,1569888000000,1578009600000,NA
383,Na Ri,Huyện Na Rì,VN20709,NA,NA,NA,NA,NA,Bac Kan,Bắc Kạn,VN207,Viet Nam,Việt Nam,VN,1569888000000,1578009600000,NA
384,Nam Can,Huyện Năm Căn,VN82314,NA,NA,NA,NA,NA,Ca Mau,Cà Mau,VN823,Viet Nam,Việt Nam,VN,1569888000000,1578009600000,NA
385,Nam Dan,Huyện Nam Đàn,VN40335,NA,NA,NA,NA,NA,Nghe An,Nghệ An,VN403,Viet Nam,Việt Nam,VN,1569888000000,1578009600000,NA
386,Nam Định,TP. Nam Định,VN11301,Nam Dinh,NA,NA,NA,NA,Nam Dinh,Nam Định,VN113,Viet Nam,Việt Nam,VN,1569888000000,1578009600000,NA
387,Nam Dong,Huyện Nam Đông,VN41117,NA,NA,NA,NA,NA,Thua Thien Hue,Thừa Thiên Huế,VN411,Viet Nam,Việt Nam,VN,1569888000000,1578009600000,NA
388,Nam Giang,Huyện Nam Giang,VN50313,NA,NA,NA,NA,NA,Quang Nam,Quảng Nam,VN503,Viet Nam,Việt Nam,VN,1569888000000,1578009600000,NA
389,Nam Nhun,Huyện Nậm Nhùn,VN30101,NA,NA,NA,NA,NA,Lai Chau,Lai Châu,VN301,Viet Nam,Việt Nam,VN,1569888000000,1578009600000,NA
390,Nam Po,Huyện Nậm Pồ,VN30202,NA,NA,NA,NA,NA,Dien Bien,Điện Biên,VN302,Viet Nam,Việt Nam,VN,1569888000000,1578009600000,NA
391,Nam Sach,Huyện Nam Sách,VN10705,NA,NA,NA,NA,NA,Hai Duong,Hải Dương,VN107,Viet Nam,Việt Nam,VN,1569888000000,1578009600000,NA
392,Nam Tra My,Huyện Nam Trà My,VN50328,NA,NA,NA,NA,NA,Quang Nam,Quảng Nam,VN503,Viet Nam,Việt Nam,VN,1569888000000,1578009600000,NA
393,Nam Truc,Huyện Nam Trực,VN11309,NA,NA,NA,NA,NA,Nam Dinh,Nam Định,VN113,Viet Nam,Việt Nam,VN,1569888000000,1578009600000,NA
394,Nam Tu Liem,Quận Nam Từ Liêm,VN10121,NA,NA,NA,NA,NA,Ha Noi,TP. Hà Nội,VN101,Viet Nam,Việt Nam,VN,1569888000000,1578009600000,NA
395,Nga Bay,Thị xã Ngã Bảy,VN81602,NA,NA,NA,NA,NA,Hau Giang,Hậu Giang,VN816,Viet Nam,Việt Nam,VN,1569888000000,1578009600000,NA
396,Nga Nam,Thị xã Ngã Năm,VN81912,NA,NA,NA,NA,NA,Soc Trang,Sóc Trăng,VN819,Viet Nam,Việt Nam,VN,1569888000000,1578009600000,NA
397,Nga Son,Huyện Nga Sơn,VN40133,NA,NA,NA,NA,NA,Thanh Hoa,Thanh Hóa,VN401,Viet Nam,Việt Nam,VN,1569888000000,1578009600000,NA
398,Ngan Son,Huyện Ngân Sơn,VN20705,NA,NA,NA,NA,NA,Bac Kan,Bắc Kạn,VN207,Viet Nam,Việt Nam,VN,1569888000000,1578009600000,NA
399,Nghi Loc,Huyện Nghi Lộc,VN40333,NA,NA,NA,NA,NA,Nghe An,Nghệ An,VN403,Viet Nam,Việt Nam,VN,1569888000000,1578009600000,NA
400,Nghi Xuan,Huyện Nghi Xuân,VN40505,NA,NA,NA,NA,NA,Ha Tinh,Hà Tĩnh,VN405,Viet Nam,Việt Nam,VN,1569888000000,1578009600000,NA
401,Nghia Dan,Huyện Nghĩa Đàn,VN40313,NA,NA,NA,NA,NA,Nghe An,Nghệ An,VN403,Viet Nam,Việt Nam,VN,1569888000000,1578009600000,NA
402,Nghia Hanh,Huyện Nghĩa Hành,VN50517,NA,NA,NA,NA,NA,Quang Ngai,Quảng Ngãi,VN505,Viet Nam,Việt Nam,VN,1569888000000,1578009600000,NA
403,Nghia Hung,Huyện Nghĩa Hưng,VN11317,NA,NA,NA,NA,NA,Nam Dinh,Nam Định,VN113,Viet Nam,Việt Nam,VN,1569888000000,1578009600000,NA
404,Nghia Lo,Thị xã Nghĩa Lộ,VN21303,NA,NA,NA,NA,NA,Yen Bai,Yên Bái,VN213,Viet Nam,Việt Nam,VN,1569888000000,1578009600000,NA
405,Ngo Quyen,Quận Ngô Quyền,VN10303,NA,NA,NA,NA,NA,Hai Phong city,TP. Hải Phòng,VN103,Viet Nam,Việt Nam,VN,1569888000000,1578009600000,NA
406,Ngoc Hien,Huyện Ngọc Hiển,VN82313,NA,NA,NA,NA,NA,Ca Mau,Cà Mau,VN823,Viet Nam,Việt Nam,VN,1569888000000,1578009600000,NA
407,Ngoc Hoi,Huyện Ngọc Hồi,VN60105,NA,NA,NA,NA,NA,Kon Tum,Kon Tum,VN601,Viet Nam,Việt Nam,VN,1569888000000,1578009600000,NA
408,Ngoc Lac,Huyện Ngọc Lặc,VN40121,NA,NA,NA,NA,NA,Thanh Hoa,Thanh Hóa,VN401,Viet Nam,Việt Nam,VN,1569888000000,1578009600000,NA
409,Ngu Hanh Son,Quận Ngũ Hành Sơn,VN50107,NA,NA,NA,NA,NA,Da Nang city,TP. Đà Nẵng,VN501,Viet Nam,Việt Nam,VN,1569888000000,1578009600000,NA
410,Nguyen Binh,Huyện Nguyên Bình,VN20313,NA,NA,NA,NA,NA,Cao Bang,Cao Bằng,VN203,Viet Nam,Việt Nam,VN,1569888000000,1578009600000,NA
411,Nha Be,Huyện Nhà Bè,VN70141,NA,NA,NA,NA,NA,Ho Chi Minh city,TP. Hồ Chí Minh,VN701,Viet Nam,Việt Nam,VN,1569888000000,1578009600000,NA
412,Nha Trang,TP. Nha Trang,VN51101,NA,NA,NA,NA,NA,Khanh Hoa,Khánh Hòa,VN511,Viet Nam,Việt Nam,VN,1569888000000,1578009600000,NA
413,Nho Quan,Huyện Nho Quan,VN11705,NA,NA,NA,NA,NA,Ninh Binh,Ninh Bình,VN117,Viet Nam,Việt Nam,VN,1569888000000,1578009600000,NA
414,Nhon Trach,Huyện Nhơn Trạch,VN71317,NA,NA,NA,NA,NA,Dong Nai,Đồng Nai,VN713,Viet Nam,Việt Nam,VN,1569888000000,1578009600000,NA
415,Nhu Thanh,Huyện Như Thanh,VN40127,NA,NA,NA,NA,NA,Thanh Hoa,Thanh Hóa,VN401,Viet Nam,Việt Nam,VN,1569888000000,1578009600000,NA
416,Nhu Xuan,Huyện Như Xuân,VN40125,NA,NA,NA,NA,NA,Thanh Hoa,Thanh Hóa,VN401,Viet Nam,Việt Nam,VN,1569888000000,1578009600000,NA
417,Ninh Bình,TP. Ninh Bình,VN11701,Ninh Binh,NA,NA,NA,NA,Ninh Binh,Ninh Bình,VN117,Viet Nam,Việt Nam,VN,1569888000000,1578009600000,NA
418,Ninh Giang,Huyện Ninh Giang,VN10723,NA,NA,NA,NA,NA,Hai Duong,Hải Dương,VN107,Viet Nam,Việt Nam,VN,1569888000000,1578009600000,NA
419,Ninh Hai,Huyện Ninh Hải,VN70505,NA,NA,NA,NA,NA,Ninh Thuan,Ninh Thuận,VN705,Viet Nam,Việt Nam,VN,1569888000000,1578009600000,NA
420,Ninh Hoa,Thị xã Ninh Hòa,VN51105,NA,NA,NA,NA,NA,Khanh Hoa,Khánh Hòa,VN511,Viet Nam,Việt Nam,VN,1569888000000,1578009600000,NA
421,Ninh Kieu,Quận Ninh Kiều,VN81501,NA,NA,NA,NA,NA,Can Tho city,TP. Cần Thơ,VN815,Viet Nam,Việt Nam,VN,1569888000000,1578009600000,NA
422,Ninh Phuoc,Huyện Ninh Phước,VN70507,NA,NA,NA,NA,NA,Ninh Thuan,Ninh Thuận,VN705,Viet Nam,Việt Nam,VN,1569888000000,1578009600000,NA
423,Ninh Son,Huyện Ninh Sơn,VN70503,NA,NA,NA,NA,NA,Ninh Thuan,Ninh Thuận,VN705,Viet Nam,Việt Nam,VN,1569888000000,1578009600000,NA
424,Nong Cong,Huyện Nông Cống,VN40151,NA,NA,NA,NA,NA,Thanh Hoa,Thanh Hóa,VN401,Viet Nam,Việt Nam,VN,1569888000000,1578009600000,NA
425,Nong Son,Huyện Nông Sơn,VN50318,NA,NA,NA,NA,NA,Quang Nam,Quảng Nam,VN503,Viet Nam,Việt Nam,VN,1569888000000,1578009600000,NA
426,Nui Thanh,Huyện Núi Thành,VN50325,NA,NA,NA,NA,NA,Quang Nam,Quảng Nam,VN503,Viet Nam,Việt Nam,VN,1569888000000,1578009600000,NA
427,O Mon,Quận Ô Môn,VN81503,NA,NA,NA,NA,NA,Can Tho city,TP. Cần Thơ,VN815,Viet Nam,Việt Nam,VN,1569888000000,1578009600000,NA
428,Pac Nam,Huyện Pác Nặm,VN20704,NA,NA,NA,NA,NA,Bac Kan,Bắc Kạn,VN207,Viet Nam,Việt Nam,VN,1569888000000,1578009600000,NA
429,Phan Rang-Thap Cham,TP. Phan Rang-Tháp Chàm,VN70501,NA,NA,NA,NA,NA,Ninh Thuan,Ninh Thuận,VN705,Viet Nam,Việt Nam,VN,1569888000000,1578009600000,NA
430,Phan Thiet,TP. Phan Thiết,VN71501,NA,NA,NA,NA,NA,Binh Thuan,Bình Thuận,VN715,Viet Nam,Việt Nam,VN,1569888000000,1578009600000,NA
431,Pho Yen,Huyện Phổ Yên,VN21517,NA,NA,NA,NA,NA,Thai Nguyen,Thái Nguyên,VN215,Viet Nam,Việt Nam,VN,1569888000000,1578009600000,NA
432,Phong Dien,Huyện Phong Điền,VN41103,NA,NA,NA,NA,NA,Thua Thien Hue,Thừa Thiên Huế,VN411,Viet Nam,Việt Nam,VN,1569888000000,1578009600000,NA
433,Phong Dien,Huyện Phong Điền,VN81515,NA,NA,NA,NA,NA,Can Tho city,TP. Cần Thơ,VN815,Viet Nam,Việt Nam,VN,1569888000000,1578009600000,NA
434,Phong Tho,Huyện Phong Thổ,VN30107,NA,NA,NA,NA,NA,Lai Chau,Lai Châu,VN301,Viet Nam,Việt Nam,VN,1569888000000,1578009600000,NA
435,Phu Binh,Huyện Phú Bình,VN21515,NA,NA,NA,NA,NA,Thai Nguyen,Thái Nguyên,VN215,Viet Nam,Việt Nam,VN,1569888000000,1578009600000,NA
436,Phu Cat,Huyện Phù Cát,VN50713,NA,NA,NA,NA,NA,Binh Dinh,Bình Định,VN507,Viet Nam,Việt Nam,VN,1569888000000,1578009600000,NA
437,Phu Cu,Huyện Phù Cừ,VN10911,NA,NA,NA,NA,NA,Hung Yen,Hưng Yên,VN109,Viet Nam,Việt Nam,VN,1569888000000,1578009600000,NA
438,Phu Giao,Huyện Phú Giáo,VN71104,NA,NA,NA,NA,NA,Binh Duong,Bình Dương,VN711,Viet Nam,Việt Nam,VN,1569888000000,1578009600000,NA
439,Phu Hoa,Huyện Phú Hòa,VN50910,NA,NA,NA,NA,NA,Phu Yen,Phú Yên,VN509,Viet Nam,Việt Nam,VN,1569888000000,1578009600000,NA
440,Phu Loc,Huyện Phú Lộc,VN41113,NA,NA,NA,NA,NA,Thua Thien Hue,Thừa Thiên Huế,VN411,Viet Nam,Việt Nam,VN,1569888000000,1578009600000,NA
441,Phu Luong,Huyện Phú Lương,VN21509,NA,NA,NA,NA,NA,Thai Nguyen,Thái Nguyên,VN215,Viet Nam,Việt Nam,VN,1569888000000,1578009600000,NA
442,Phu Ly,TP. Phủ Lý,VN11101,NA,NA,NA,NA,NA,Ha Nam,Hà Nam,VN111,Viet Nam,Việt Nam,VN,1569888000000,1578009600000,NA
443,Phu My,Huyện Phù Mỹ,VN50709,NA,NA,NA,NA,NA,Binh Dinh,Bình Định,VN507,Viet Nam,Việt Nam,VN,1569888000000,1578009600000,NA
444,Phu Nhuan,Quận Phú Nhuận,VN70131,NA,NA,NA,NA,NA,Ho Chi Minh city,TP. Hồ Chí Minh,VN701,Viet Nam,Việt Nam,VN,1569888000000,1578009600000,NA
445,Phu Ninh,Huyện Phú Ninh,VN50329,NA,NA,NA,NA,NA,Quang Nam,Quảng Nam,VN503,Viet Nam,Việt Nam,VN,1569888000000,1578009600000,NA
446,Phu Ninh,Huyện Phù Ninh,VN21711,NA,NA,NA,NA,NA,Phu Tho,Phú Thọ,VN217,Viet Nam,Việt Nam,VN,1569888000000,1578009600000,NA
447,Phu Quoc,Huyện Phú Quốc,VN81321,NA,NA,NA,NA,NA,Kien Giang,Kiên Giang,VN813,Viet Nam,Việt Nam,VN,1569888000000,1578009600000,NA
448,Phu Quy,Huyện Phú Quý,VN71517,NA,NA,NA,NA,NA,Binh Thuan,Bình Thuận,VN715,Viet Nam,Việt Nam,VN,1569888000000,1578009600000,NA
449,Phu Tan,Huyện Phú Tân,VN80509,NA,NA,NA,NA,NA,An Giang,An Giang,VN805,Viet Nam,Việt Nam,VN,1569888000000,1578009600000,NA
450,Phu Tan,Huyện Phú Tân,VN82310,NA,NA,NA,NA,NA,Ca Mau,Cà Mau,VN823,Viet Nam,Việt Nam,VN,1569888000000,1578009600000,NA
451,Phu Thien,Huyện Phú Thiện,VN60324,NA,NA,NA,NA,NA,Gia Lai,Gia Lai,VN603,Viet Nam,Việt Nam,VN,1569888000000,1578009600000,NA
452,Phu Tho,Thị xã Phú Thọ,VN21703,NA,NA,NA,NA,NA,Phu Tho,Phú Thọ,VN217,Viet Nam,Việt Nam,VN,1569888000000,1578009600000,NA
453,Phu Vang,Huyện Phú Vang,VN41109,NA,NA,NA,NA,NA,Thua Thien Hue,Thừa Thiên Huế,VN411,Viet Nam,Việt Nam,VN,1569888000000,1578009600000,NA
454,Phu Xuyen,Huyện Phú Xuyên,VN10151,NA,NA,NA,NA,NA,Ha Noi,TP. Hà Nội,VN101,Viet Nam,Việt Nam,VN,1569888000000,1578009600000,NA
455,Phu Yen,Huyện Phù Yên,VN30311,NA,NA,NA,NA,NA,Son La,Sơn La,VN303,Viet Nam,Việt Nam,VN,1569888000000,1578009600000,NA
456,Phuc Hoa,Huyện Phục Hòa,VN20318,NA,NA,NA,NA,NA,Cao Bang,Cao Bằng,VN203,Viet Nam,Việt Nam,VN,1569888000000,1578009600000,NA
457,Phuc Tho,Huyện Phúc Thọ,VN10131,NA,NA,NA,NA,NA,Ha Noi,TP. Hà Nội,VN101,Viet Nam,Việt Nam,VN,1569888000000,1578009600000,NA
458,Phuc Yen,Thị xã Phúc Yên,VN10402,NA,NA,NA,NA,NA,Vinh Phuc,Vĩnh Phúc,VN104,Viet Nam,Việt Nam,VN,1569888000000,1578009600000,NA
459,Phung Hiep,Huyện Phụng Hiệp,VN81607,NA,NA,NA,NA,NA,Hau Giang,Hậu Giang,VN816,Viet Nam,Việt Nam,VN,1569888000000,1578009600000,NA
460,Phuoc Long,Huyện Phước Long,VN82103,NA,NA,NA,NA,NA,Bac Lieu,Bạc Liêu,VN821,Viet Nam,Việt Nam,VN,1569888000000,1578009600000,NA
461,Phuoc Long,Thị xã Phước Long,VN70703,NA,NA,NA,NA,NA,Binh Phuoc,Bình Phước,VN707,Viet Nam,Việt Nam,VN,1569888000000,1578009600000,NA
462,Phuoc Son,Huyện Phước Sơn,VN50323,NA,NA,NA,NA,NA,Quang Nam,Quảng Nam,VN503,Viet Nam,Việt Nam,VN,1569888000000,1578009600000,NA
463,Pleiku,TP. Pleiku,VN60301,NA,NA,NA,NA,NA,Gia Lai,Gia Lai,VN603,Viet Nam,Việt Nam,VN,1569888000000,1578009600000,NA
464,Quan 1,Quận 1,VN70101,NA,NA,NA,NA,NA,Ho Chi Minh city,TP. Hồ Chí Minh,VN701,Viet Nam,Việt Nam,VN,1569888000000,1578009600000,NA
465,Quan 10,Quận 10,VN70119,NA,NA,NA,NA,NA,Ho Chi Minh city,TP. Hồ Chí Minh,VN701,Viet Nam,Việt Nam,VN,1569888000000,1578009600000,NA
466,Quan 11,Quận 11,VN70121,NA,NA,NA,NA,NA,Ho Chi Minh city,TP. Hồ Chí Minh,VN701,Viet Nam,Việt Nam,VN,1569888000000,1578009600000,NA
467,Quan 12,Quận 12,VN70123,NA,NA,NA,NA,NA,Ho Chi Minh city,TP. Hồ Chí Minh,VN701,Viet Nam,Việt Nam,VN,1569888000000,1578009600000,NA
468,Quan 2,Quận 2,VN70103,NA,NA,NA,NA,NA,Ho Chi Minh city,TP. Hồ Chí Minh,VN701,Viet Nam,Việt Nam,VN,1569888000000,1578009600000,NA
469,Quan 3,Quận 3,VN70105,NA,NA,NA,NA,NA,Ho Chi Minh city,TP. Hồ Chí Minh,VN701,Viet Nam,Việt Nam,VN,1569888000000,1578009600000,NA
470,Quan 4,Quận 4,VN70107,NA,NA,NA,NA,NA,Ho Chi Minh city,TP. Hồ Chí Minh,VN701,Viet Nam,Việt Nam,VN,1569888000000,1578009600000,NA
471,Quan 5,Quận 5,VN70109,NA,NA,NA,NA,NA,Ho Chi Minh city,TP. Hồ Chí Minh,VN701,Viet Nam,Việt Nam,VN,1569888000000,1578009600000,NA
472,Quan 6,Quận 6,VN70111,NA,NA,NA,NA,NA,Ho Chi Minh city,TP. Hồ Chí Minh,VN701,Viet Nam,Việt Nam,VN,1569888000000,1578009600000,NA
473,Quan 7,Quận 7,VN70113,NA,NA,NA,NA,NA,Ho Chi Minh city,TP. Hồ Chí Minh,VN701,Viet Nam,Việt Nam,VN,1569888000000,1578009600000,NA
474,Quan 8,Quận 8,VN70115,NA,NA,NA,NA,NA,Ho Chi Minh city,TP. Hồ Chí Minh,VN701,Viet Nam,Việt Nam,VN,1569888000000,1578009600000,NA
475,Quan 9,Quận 9,VN70117,NA,NA,NA,NA,NA,Ho Chi Minh city,TP. Hồ Chí Minh,VN701,Viet Nam,Việt Nam,VN,1569888000000,1578009600000,NA
476,Quan Ba,Huyện Quản Bạ,VN20109,NA,NA,NA,NA,NA,Ha Giang,Hà Giang,VN201,Viet Nam,Việt Nam,VN,1569888000000,1578009600000,NA
477,Quan Hoa,Huyện Quan Hóa,VN40109,NA,NA,NA,NA,NA,Thanh Hoa,Thanh Hóa,VN401,Viet Nam,Việt Nam,VN,1569888000000,1578009600000,NA
478,Quan Son,Huyện Quan Sơn,VN40111,NA,NA,NA,NA,NA,Thanh Hoa,Thanh Hóa,VN401,Viet Nam,Việt Nam,VN,1569888000000,1578009600000,NA
479,Quang Binh,Huyện Quang Bình,VN20120,NA,NA,NA,NA,NA,Ha Giang,Hà Giang,VN201,Viet Nam,Việt Nam,VN,1569888000000,1578009600000,NA
480,Quang Dien,Huyện Quảng Điền,VN41105,NA,NA,NA,NA,NA,Thua Thien Hue,Thừa Thiên Huế,VN411,Viet Nam,Việt Nam,VN,1569888000000,1578009600000,NA
481,Quang Ngai,TP. Quảng Ngãi,VN50501,NA,NA,NA,NA,NA,Quang Ngai,Quảng Ngãi,VN505,Viet Nam,Việt Nam,VN,1569888000000,1578009600000,NA
482,Quang Ninh,Huyện Quảng Ninh,VN40711,NA,NA,NA,NA,NA,Quang Binh,Quảng Bình,VN407,Viet Nam,Việt Nam,VN,1569888000000,1578009600000,NA
483,Quang Trach,Huyện Quảng Trạch,VN40715,NA,NA,NA,NA,NA,Quang Binh,Quảng Bình,VN407,Viet Nam,Việt Nam,VN,1569888000000,1578009600000,NA
484,Quang Tri,Thị xã Quảng Trị,VN40903,NA,NA,NA,NA,NA,Quang Tri,Quảng Trị,VN409,Viet Nam,Việt Nam,VN,1569888000000,1578009600000,NA
485,Quang Uyen,Huyện Quảng Uyên,VN20317,NA,NA,NA,NA,NA,Cao Bang,Cao Bằng,VN203,Viet Nam,Việt Nam,VN,1569888000000,1578009600000,NA
486,Quang Xuong,Huyện Quảng Xương,VN40149,NA,NA,NA,NA,NA,Thanh Hoa,Thanh Hóa,VN401,Viet Nam,Việt Nam,VN,1569888000000,1578009600000,NA
487,Quang Yen,Thị xã Quảng Yên,VN22525,NA,NA,NA,NA,NA,Quang Ninh,Quảng Ninh,VN225,Viet Nam,Việt Nam,VN,1569888000000,1578009600000,NA
488,Que Phong,Huyện Quế Phong,VN40305,NA,NA,NA,NA,NA,Nghe An,Nghệ An,VN403,Viet Nam,Việt Nam,VN,1569888000000,1578009600000,NA
489,Que Son,Huyện Quế Sơn,VN50317,NA,NA,NA,NA,NA,Quang Nam,Quảng Nam,VN503,Viet Nam,Việt Nam,VN,1569888000000,1578009600000,NA
490,Que Vo,Huyện Quế Võ,VN10605,NA,NA,NA,NA,NA,Bac Ninh,Bắc Ninh,VN106,Viet Nam,Việt Nam,VN,1569888000000,1578009600000,NA
491,Quoc Oai,Huyện Quốc Oai,VN10139,NA,NA,NA,NA,NA,Ha Noi,TP. Hà Nội,VN101,Viet Nam,Việt Nam,VN,1569888000000,1578009600000,NA
492,Quy Chau,Huyện Quỳ Châu,VN40307,NA,NA,NA,NA,NA,Nghe An,Nghệ An,VN403,Viet Nam,Việt Nam,VN,1569888000000,1578009600000,NA
493,Quy Hop,Huyện Quỳ Hợp,VN40311,NA,NA,NA,NA,NA,Nghe An,Nghệ An,VN403,Viet Nam,Việt Nam,VN,1569888000000,1578009600000,NA
494,Quy Nhon,TP. Quy Nhơn,VN50701,NA,NA,NA,NA,NA,Binh Dinh,Bình Định,VN507,Viet Nam,Việt Nam,VN,1569888000000,1578009600000,NA
495,Quynh Luu,Huyện Quỳnh Lưu,VN40317,NA,NA,NA,NA,NA,Nghe An,Nghệ An,VN403,Viet Nam,Việt Nam,VN,1569888000000,1578009600000,NA
496,Quynh Nhai,Huyện Quỳnh Nhai,VN30303,NA,NA,NA,NA,NA,Son La,Sơn La,VN303,Viet Nam,Việt Nam,VN,1569888000000,1578009600000,NA
497,Quynh Phu,Huyện Quỳnh Phụ,VN11503,NA,NA,NA,NA,NA,Thai Binh,Thái Bình,VN115,Viet Nam,Việt Nam,VN,1569888000000,1578009600000,NA
498,Rach Gia,TP. Rạch Giá,VN81301,NA,NA,NA,NA,NA,Kien Giang,Kiên Giang,VN813,Viet Nam,Việt Nam,VN,1569888000000,1578009600000,NA
499,Sa Dec,TP. Sa Đéc,VN80303,NA,NA,NA,NA,NA,Dong Thap,Đồng Tháp,VN803,Viet Nam,Việt Nam,VN,1569888000000,1578009600000,NA
500,Sa Pa,Huyện Sa Pa,VN20513,NA,NA,NA,NA,NA,Lao Cai,Lào Cai,VN205,Viet Nam,Việt Nam,VN,1569888000000,1578009600000,NA
501,Sa Thay,Huyện Sa Thầy,VN60113,NA,NA,NA,NA,NA,Kon Tum,Kon Tum,VN601,Viet Nam,Việt Nam,VN,1569888000000,1578009600000,NA
502,Sam Son,Thị xã Sầm Sơn,VN40105,NA,NA,NA,NA,NA,Thanh Hoa,Thanh Hóa,VN401,Viet Nam,Việt Nam,VN,1569888000000,1578009600000,NA
503,Si Ma Cai,Huyện Si Ma Cai,VN20508,NA,NA,NA,NA,NA,Lao Cai,Lào Cai,VN205,Viet Nam,Việt Nam,VN,1569888000000,1578009600000,NA
504,Sin Ho,Huyện Sìn Hồ,VN30109,NA,NA,NA,NA,NA,Lai Chau,Lai Châu,VN301,Viet Nam,Việt Nam,VN,1569888000000,1578009600000,NA
505,Soc Son,Huyện Sóc Sơn,VN10115,NA,NA,NA,NA,NA,Ha Noi,TP. Hà Nội,VN101,Viet Nam,Việt Nam,VN,1569888000000,1578009600000,NA
506,Soc Trang,TP. Sóc Trăng,VN81901,NA,NA,NA,NA,NA,Soc Trang,Sóc Trăng,VN819,Viet Nam,Việt Nam,VN,1569888000000,1578009600000,NA
507,Son Dong,Huyện Sơn Động,VN22113,NA,NA,NA,NA,NA,Bac Giang,Bắc Giang,VN221,Viet Nam,Việt Nam,VN,1569888000000,1578009600000,NA
508,Son Duong,Huyện Sơn Dương,VN21111,NA,NA,NA,NA,NA,Tuyen Quang,Tuyên Quang,VN211,Viet Nam,Việt Nam,VN,1569888000000,1578009600000,NA
509,Son Ha,Huyện Sơn Hà,VN50513,NA,NA,NA,NA,NA,Quang Ngai,Quảng Ngãi,VN505,Viet Nam,Việt Nam,VN,1569888000000,1578009600000,NA
510,Son Hoa,Huyện Sơn Hòa,VN50909,NA,NA,NA,NA,NA,Phu Yen,Phú Yên,VN509,Viet Nam,Việt Nam,VN,1569888000000,1578009600000,NA
511,Son La,TP. Sơn La,VN30301,NA,NA,NA,NA,NA,Son La,Sơn La,VN303,Viet Nam,Việt Nam,VN,1569888000000,1578009600000,NA
512,Son Tay,Huyện Sơn Tây,VN50511,NA,NA,NA,NA,NA,Quang Ngai,Quảng Ngãi,VN505,Viet Nam,Việt Nam,VN,1569888000000,1578009600000,NA
513,Son Tay,Thị xã Sơn Tây,VN10127,NA,NA,NA,NA,NA,Ha Noi,TP. Hà Nội,VN101,Viet Nam,Việt Nam,VN,1569888000000,1578009600000,NA
514,Son Tinh,Huyện Sơn Tịnh,VN50509,NA,NA,NA,NA,NA,Quang Ngai,Quảng Ngãi,VN505,Viet Nam,Việt Nam,VN,1569888000000,1578009600000,NA
515,Son Tra,Quận Sơn Trà,VN50105,NA,NA,NA,NA,NA,Da Nang city,TP. Đà Nẵng,VN501,Viet Nam,Việt Nam,VN,1569888000000,1578009600000,NA
516,Song Cau,Thị xã Sông Cầu,VN50905,NA,NA,NA,NA,NA,Phu Yen,Phú Yên,VN509,Viet Nam,Việt Nam,VN,1569888000000,1578009600000,NA
517,Song Cong,Thị xã Sông Công,VN21503,NA,NA,NA,NA,NA,Thai Nguyen,Thái Nguyên,VN215,Viet Nam,Việt Nam,VN,1569888000000,1578009600000,NA
518,Song Hinh,Huyện Sông Hinh,VN50913,NA,NA,NA,NA,NA,Phu Yen,Phú Yên,VN509,Viet Nam,Việt Nam,VN,1569888000000,1578009600000,NA
519,Song Lo,Huyện Sông Lô,VN10411,NA,NA,NA,NA,NA,Vinh Phuc,Vĩnh Phúc,VN104,Viet Nam,Việt Nam,VN,1569888000000,1578009600000,NA
520,Song Ma,Huyện Sông Mã,VN30315,NA,NA,NA,NA,NA,Son La,Sơn La,VN303,Viet Nam,Việt Nam,VN,1569888000000,1578009600000,NA
521,Sop Cop,Huyện Sốp Cộp,VN30316,NA,NA,NA,NA,NA,Son La,Sơn La,VN303,Viet Nam,Việt Nam,VN,1569888000000,1578009600000,NA
522,Tam Binh,Huyện Tam Bình,VN80909,NA,NA,NA,NA,NA,Vinh Long,Vĩnh Long,VN809,Viet Nam,Việt Nam,VN,1569888000000,1578009600000,NA
523,Tam Dao,Huyện Tam Đảo,VN10404,NA,NA,NA,NA,NA,Vinh Phuc,Vĩnh Phúc,VN104,Viet Nam,Việt Nam,VN,1569888000000,1578009600000,NA
524,Tam Diep,Thị xã Tam Điệp,VN11703,NA,NA,NA,NA,NA,Ninh Binh,Ninh Bình,VN117,Viet Nam,Việt Nam,VN,1569888000000,1578009600000,NA
525,Tam Duong,Huyện Tam Dương,VN10405,NA,NA,NA,NA,NA,Vinh Phuc,Vĩnh Phúc,VN104,Viet Nam,Việt Nam,VN,1569888000000,1578009600000,NA
526,Tam Duong,Huyện Tam Đường,VN30108,NA,NA,NA,NA,NA,Lai Chau,Lai Châu,VN301,Viet Nam,Việt Nam,VN,1569888000000,1578009600000,NA
527,Tam Ky,TP. Tam Kỳ,VN50301,NA,NA,NA,NA,NA,Quang Nam,Quảng Nam,VN503,Viet Nam,Việt Nam,VN,1569888000000,1578009600000,NA
528,Tam Nong,Huyện Tam Nông,VN21717,NA,NA,NA,NA,NA,Phu Tho,Phú Thọ,VN217,Viet Nam,Việt Nam,VN,1569888000000,1578009600000,NA
529,Tam Nong,Huyện Tam Nông,VN80309,NA,NA,NA,NA,NA,Dong Thap,Đồng Tháp,VN803,Viet Nam,Việt Nam,VN,1569888000000,1578009600000,NA
530,Tan An,TP. Tân An,VN80101,NA,NA,NA,NA,NA,Long An,Long An,VN801,Viet Nam,Việt Nam,VN,1569888000000,1578009600000,NA
531,Tan Bien,Huyện Tân Biên,VN70903,NA,NA,NA,NA,NA,Tay Ninh,Tây Ninh,VN709,Viet Nam,Việt Nam,VN,1569888000000,1578009600000,NA
532,Tan Binh,Quận Tân Bình,VN70127,NA,NA,NA,NA,NA,Ho Chi Minh city,TP. Hồ Chí Minh,VN701,Viet Nam,Việt Nam,VN,1569888000000,1578009600000,NA
533,Tan Chau,Huyện Tân Châu,VN70905,NA,NA,NA,NA,NA,Tay Ninh,Tây Ninh,VN709,Viet Nam,Việt Nam,VN,1569888000000,1578009600000,NA
534,Tan Chau,Thị xã Tân Châu,VN80507,NA,NA,NA,NA,NA,An Giang,An Giang,VN805,Viet Nam,Việt Nam,VN,1569888000000,1578009600000,NA
535,Tan Hiep,Huyện Tân Hiệp,VN81307,NA,NA,NA,NA,NA,Kien Giang,Kiên Giang,VN813,Viet Nam,Việt Nam,VN,1569888000000,1578009600000,NA
536,Tan Hong,Huyện Tân Hồng,VN80305,NA,NA,NA,NA,NA,Dong Thap,Đồng Tháp,VN803,Viet Nam,Việt Nam,VN,1569888000000,1578009600000,NA
537,Tan Hung,Huyện Tân Hưng,VN80103,NA,NA,NA,NA,NA,Long An,Long An,VN801,Viet Nam,Việt Nam,VN,1569888000000,1578009600000,NA
538,Tan Ky,Huyện Tân Kỳ,VN40319,NA,NA,NA,NA,NA,Nghe An,Nghệ An,VN403,Viet Nam,Việt Nam,VN,1569888000000,1578009600000,NA
539,Tan Lac,Huyện Tân Lạc,VN30513,NA,NA,NA,NA,NA,Hoa Binh,Hòa Bình,VN305,Viet Nam,Việt Nam,VN,1569888000000,1578009600000,NA
540,Tan Phu,Huyện Tân Phú,VN71303,NA,NA,NA,NA,NA,Dong Nai,Đồng Nai,VN713,Viet Nam,Việt Nam,VN,1569888000000,1578009600000,NA
541,Tan Phu,Quận Tân Phú,VN70128,NA,NA,NA,NA,NA,Ho Chi Minh city,TP. Hồ Chí Minh,VN701,Viet Nam,Việt Nam,VN,1569888000000,1578009600000,NA
542,Tan Phu Dong,Huyện Tân Phú Đông,VN80718,NA,NA,NA,NA,NA,Tien Giang,Tiền Giang,VN807,Viet Nam,Việt Nam,VN,1569888000000,1578009600000,NA
543,Tan Phuoc,Huyện Tân Phước,VN80705,NA,NA,NA,NA,NA,Tien Giang,Tiền Giang,VN807,Viet Nam,Việt Nam,VN,1569888000000,1578009600000,NA
544,Tan Son,Huyện Tân Sơn,VN21720,NA,NA,NA,NA,NA,Phu Tho,Phú Thọ,VN217,Viet Nam,Việt Nam,VN,1569888000000,1578009600000,NA
545,Tan Thanh,Huyện Tân Thành,VN71709,NA,NA,NA,NA,NA,Ba Ria - Vung Tau,Bà Rịa - Vũng Tàu,VN717,Viet Nam,Việt Nam,VN,1569888000000,1578009600000,NA
546,Tan Thanh,Huyện Tân Thạnh,VN80109,NA,NA,NA,NA,NA,Long An,Long An,VN801,Viet Nam,Việt Nam,VN,1569888000000,1578009600000,NA
547,Tan Tru,Huyện Tân Trụ,VN80123,NA,NA,NA,NA,NA,Long An,Long An,VN801,Viet Nam,Việt Nam,VN,1569888000000,1578009600000,NA
548,Tan Uyen,Huyện Tân Uyên,VN30118,NA,NA,NA,NA,NA,Lai Chau,Lai Châu,VN301,Viet Nam,Việt Nam,VN,1569888000000,1578009600000,NA
549,Tan Uyen,Thị xã Tân Uyên,VN71105,NA,NA,NA,NA,NA,Binh Duong,Bình Dương,VN711,Viet Nam,Việt Nam,VN,1569888000000,1578009600000,NA
550,Tan Yen,Huyện Tân Yên,VN22105,NA,NA,NA,NA,NA,Bac Giang,Bắc Giang,VN221,Viet Nam,Việt Nam,VN,1569888000000,1578009600000,NA
551,Tanh Linh,Huyện Tánh Linh,VN71511,NA,NA,NA,NA,NA,Binh Thuan,Bình Thuận,VN715,Viet Nam,Việt Nam,VN,1569888000000,1578009600000,NA
552,Tay Giang,Huyện Tây Giang,VN50304,NA,NA,NA,NA,NA,Quang Nam,Quảng Nam,VN503,Viet Nam,Việt Nam,VN,1569888000000,1578009600000,NA
553,Tay Ho,Quận Tây Hồ,VN10103,NA,NA,NA,NA,NA,Ha Noi,TP. Hà Nội,VN101,Viet Nam,Việt Nam,VN,1569888000000,1578009600000,NA
554,Tay Hoa,Huyện Tây Hòa,VN50911,NA,NA,NA,NA,NA,Phu Yen,Phú Yên,VN509,Viet Nam,Việt Nam,VN,1569888000000,1578009600000,NA
555,Tay Ninh,TP. Tây Ninh,VN70901,NA,NA,NA,NA,NA,Tay Ninh,Tây Ninh,VN709,Viet Nam,Việt Nam,VN,1569888000000,1578009600000,NA
556,Tay Son,Huyện Tây Sơn,VN50715,NA,NA,NA,NA,NA,Binh Dinh,Bình Định,VN507,Viet Nam,Việt Nam,VN,1569888000000,1578009600000,NA
557,Tay Tra,Huyện Tây Trà,VN50508,NA,NA,NA,NA,NA,Quang Ngai,Quảng Ngãi,VN505,Viet Nam,Việt Nam,VN,1569888000000,1578009600000,NA
558,Thach An,Huyện Thạch An,VN20321,NA,NA,NA,NA,NA,Cao Bang,Cao Bằng,VN203,Viet Nam,Việt Nam,VN,1569888000000,1578009600000,NA
559,Thach Ha,Huyện Thạch Hà,VN40513,NA,NA,NA,NA,NA,Ha Tinh,Hà Tĩnh,VN405,Viet Nam,Việt Nam,VN,1569888000000,1578009600000,NA
560,Thach Thanh,Huyện Thạch Thành,VN40119,NA,NA,NA,NA,NA,Thanh Hoa,Thanh Hóa,VN401,Viet Nam,Việt Nam,VN,1569888000000,1578009600000,NA
561,Thach That,Huyện Thạch Thất,VN10135,NA,NA,NA,NA,NA,Ha Noi,TP. Hà Nội,VN101,Viet Nam,Việt Nam,VN,1569888000000,1578009600000,NA
562,Thai Binh,TP. Thái Bình,VN11501,NA,NA,NA,NA,NA,Thai Binh,Thái Bình,VN115,Viet Nam,Việt Nam,VN,1569888000000,1578009600000,NA
563,Thai Hoa,Thị xã Thái Hòa,VN40314,NA,NA,NA,NA,NA,Nghe An,Nghệ An,VN403,Viet Nam,Việt Nam,VN,1569888000000,1578009600000,NA
564,Thai Nguyen,TP. Thái Nguyên,VN21501,NA,NA,NA,NA,NA,Thai Nguyen,Thái Nguyên,VN215,Viet Nam,Việt Nam,VN,1569888000000,1578009600000,NA
565,Thai Thuy,Huyện Thái Thụy,VN11507,NA,NA,NA,NA,NA,Thai Binh,Thái Bình,VN115,Viet Nam,Việt Nam,VN,1569888000000,1578009600000,NA
566,Than Uyen,Huyện Than Uyên,VN30117,NA,NA,NA,NA,NA,Lai Chau,Lai Châu,VN301,Viet Nam,Việt Nam,VN,1569888000000,1578009600000,NA
567,Thang Binh,Huyện Thăng Bình,VN50315,NA,NA,NA,NA,NA,Quang Nam,Quảng Nam,VN503,Viet Nam,Việt Nam,VN,1569888000000,1578009600000,NA
568,Thanh Ba,Huyện Thanh Ba,VN21709,NA,NA,NA,NA,NA,Phu Tho,Phú Thọ,VN217,Viet Nam,Việt Nam,VN,1569888000000,1578009600000,NA
569,Thanh Binh,Huyện Thanh Bình,VN80311,NA,NA,NA,NA,NA,Dong Thap,Đồng Tháp,VN803,Viet Nam,Việt Nam,VN,1569888000000,1578009600000,NA
570,Thanh Chuong,Huyện Thanh Chương,VN40331,NA,NA,NA,NA,NA,Nghe An,Nghệ An,VN403,Viet Nam,Việt Nam,VN,1569888000000,1578009600000,NA
571,Thanh Ha,Huyện Thanh Hà,VN10707,NA,NA,NA,NA,NA,Hai Duong,Hải Dương,VN107,Viet Nam,Việt Nam,VN,1569888000000,1578009600000,NA
572,Thanh Hoa,Huyện Thạnh Hóa,VN40101,NA,NA,NA,NA,NA,Thanh Hoa,Thanh Hóa,VN401,Viet Nam,Việt Nam,VN,1569888000000,1578009600000,NA
573,Thanh Hoa,Huyện Thạnh Hóa,VN80111,NA,NA,NA,NA,NA,Long An,Long An,VN801,Viet Nam,Việt Nam,VN,1569888000000,1578009600000,NA
574,Thanh Khe,Quận Thanh Khê,VN50103,NA,NA,NA,NA,NA,Da Nang city,TP. Đà Nẵng,VN501,Viet Nam,Việt Nam,VN,1569888000000,1578009600000,NA
575,Thanh Liem,Huyện Thanh Liêm,VN11109,NA,NA,NA,NA,NA,Ha Nam,Hà Nam,VN111,Viet Nam,Việt Nam,VN,1569888000000,1578009600000,NA
576,Thanh Mien,Huyện Thanh Miện,VN10721,NA,NA,NA,NA,NA,Hai Duong,Hải Dương,VN107,Viet Nam,Việt Nam,VN,1569888000000,1578009600000,NA
577,Thanh Oai,Huyện Thanh Oai,VN10143,NA,NA,NA,NA,NA,Ha Noi,TP. Hà Nội,VN101,Viet Nam,Việt Nam,VN,1569888000000,1578009600000,NA
578,Thanh Phu,Huyện Thạnh Phú,VN81115,NA,NA,NA,NA,NA,Ben Tre,Bến Tre,VN811,Viet Nam,Việt Nam,VN,1569888000000,1578009600000,NA
579,Thanh Son,Huyện Thanh Sơn,VN21719,NA,NA,NA,NA,NA,Phu Tho,Phú Thọ,VN217,Viet Nam,Việt Nam,VN,1569888000000,1578009600000,NA
580,Thanh Thuy,Huyện Thanh Thủy,VN21718,NA,NA,NA,NA,NA,Phu Tho,Phú Thọ,VN217,Viet Nam,Việt Nam,VN,1569888000000,1578009600000,NA
581,Thanh Tri,Huyện Thanh Trì,VN10123,NA,NA,NA,NA,NA,Ha Noi,TP. Hà Nội,VN101,Viet Nam,Việt Nam,VN,1569888000000,1578009600000,NA
582,Thanh Tri,Huyện Thạnh Trị,VN81911,NA,NA,NA,NA,NA,Soc Trang,Sóc Trăng,VN819,Viet Nam,Việt Nam,VN,1569888000000,1578009600000,NA
583,Thanh Xuan,Quận Thanh Xuân,VN10111,NA,NA,NA,NA,NA,Ha Noi,TP. Hà Nội,VN101,Viet Nam,Việt Nam,VN,1569888000000,1578009600000,NA
584,Thap Muoi,Huyện Tháp Mười,VN80313,NA,NA,NA,NA,NA,Dong Thap,Đồng Tháp,VN803,Viet Nam,Việt Nam,VN,1569888000000,1578009600000,NA
585,Thi xa Cai Lay,Thị xã Cai Lậy,VN80709,NA,NA,NA,NA,NA,Tien Giang,Tiền Giang,VN807,Viet Nam,Việt Nam,VN,1569888000000,1578009600000,NA
586,Thi xa Cao Lanh,TP. Cao Lãnh,VN80301,NA,NA,NA,NA,NA,Dong Thap,Đồng Tháp,VN803,Viet Nam,Việt Nam,VN,1569888000000,1578009600000,NA
587,Thi xa Hong Ngu,Thị xã Hồng Ngự,VN80308,NA,NA,NA,NA,NA,Dong Thap,Đồng Tháp,VN803,Viet Nam,Việt Nam,VN,1569888000000,1578009600000,NA
588,Thieu Hoa,Huyện Thiệu Hóa,VN40141,NA,NA,NA,NA,NA,Thanh Hoa,Thanh Hóa,VN401,Viet Nam,Việt Nam,VN,1569888000000,1578009600000,NA
589,Tho Xuan,Huyện Thọ Xuân,VN40137,NA,NA,NA,NA,NA,Thanh Hoa,Thanh Hóa,VN401,Viet Nam,Việt Nam,VN,1569888000000,1578009600000,NA
590,Thoai Son,Huyện Thoại Sơn,VN80521,NA,NA,NA,NA,NA,An Giang,An Giang,VN805,Viet Nam,Việt Nam,VN,1569888000000,1578009600000,NA
591,Thoi Binh,Huyện Thới Bình,VN82303,NA,NA,NA,NA,NA,Ca Mau,Cà Mau,VN823,Viet Nam,Việt Nam,VN,1569888000000,1578009600000,NA
592,Thoi Lai,Huyện Thới Lai,VN81514,NA,NA,NA,NA,NA,Can Tho city,TP. Cần Thơ,VN815,Viet Nam,Việt Nam,VN,1569888000000,1578009600000,NA
593,Thong Nhat,Huyện Thống Nhất,VN71309,NA,NA,NA,NA,NA,Dong Nai,Đồng Nai,VN713,Viet Nam,Việt Nam,VN,1569888000000,1578009600000,NA
594,Thong Nong,Huyện Thông Nông,VN20307,NA,NA,NA,NA,NA,Cao Bang,Cao Bằng,VN203,Viet Nam,Việt Nam,VN,1569888000000,1578009600000,NA
595,Thot Not,Quận Thốt Nốt,VN81509,NA,NA,NA,NA,NA,Can Tho city,TP. Cần Thơ,VN815,Viet Nam,Việt Nam,VN,1569888000000,1578009600000,NA
596,Thu Dau Mot,TP. Thủ Dầu Một,VN71101,NA,NA,NA,NA,NA,Binh Duong,Bình Dương,VN711,Viet Nam,Việt Nam,VN,1569888000000,1578009600000,NA
597,Thu Duc,Quận Thủ Đức,VN70133,NA,NA,NA,NA,NA,Ho Chi Minh city,TP. Hồ Chí Minh,VN701,Viet Nam,Việt Nam,VN,1569888000000,1578009600000,NA
598,Thu Thua,Huyện Thủ Thừa,VN80119,NA,NA,NA,NA,NA,Long An,Long An,VN801,Viet Nam,Việt Nam,VN,1569888000000,1578009600000,NA
599,Thuan An,Thị xã Thuận An,VN71107,NA,NA,NA,NA,NA,Binh Duong,Bình Dương,VN711,Viet Nam,Việt Nam,VN,1569888000000,1578009600000,NA
600,Thuan Bac,Huyện Thuận Bắc,VN70506,NA,NA,NA,NA,NA,Ninh Thuan,Ninh Thuận,VN705,Viet Nam,Việt Nam,VN,1569888000000,1578009600000,NA
601,Thuan Chau,Huyện Thuận Châu,VN30307,NA,NA,NA,NA,NA,Son La,Sơn La,VN303,Viet Nam,Việt Nam,VN,1569888000000,1578009600000,NA
602,Thuan Nam,Huyện Thuận Nam,VN70508,NA,NA,NA,NA,NA,Ninh Thuan,Ninh Thuận,VN705,Viet Nam,Việt Nam,VN,1569888000000,1578009600000,NA
603,Thuan Thanh,Huyện Thuận Thành,VN10609,NA,NA,NA,NA,NA,Bac Ninh,Bắc Ninh,VN106,Viet Nam,Việt Nam,VN,1569888000000,1578009600000,NA
604,Thuong Tin,Huyện Thường Tín,VN10145,NA,NA,NA,NA,NA,Ha Noi,TP. Hà Nội,VN101,Viet Nam,Việt Nam,VN,1569888000000,1578009600000,NA
605,Thuong Xuan,Huyện Thường Xuân,VN40123,NA,NA,NA,NA,NA,Thanh Hoa,Thanh Hóa,VN401,Viet Nam,Việt Nam,VN,1569888000000,1578009600000,NA
606,Thuy Nguyen,Huyện Thủy Nguyên,VN10311,NA,NA,NA,NA,NA,Hai Phong city,TP. Hải Phòng,VN103,Viet Nam,Việt Nam,VN,1569888000000,1578009600000,NA
607,Tien Du,Huyện Tiên Du,VN10607,NA,NA,NA,NA,NA,Bac Ninh,Bắc Ninh,VN106,Viet Nam,Việt Nam,VN,1569888000000,1578009600000,NA
608,Tien Hai,Huyện Tiền Hải,VN11515,NA,NA,NA,NA,NA,Thai Binh,Thái Bình,VN115,Viet Nam,Việt Nam,VN,1569888000000,1578009600000,NA
609,Tien Lang,Huyện Tiên Lãng,VN10319,NA,NA,NA,NA,NA,Hai Phong city,TP. Hải Phòng,VN103,Viet Nam,Việt Nam,VN,1569888000000,1578009600000,NA
610,Tien Lu,Huyện Tiên Lữ,VN10913,NA,NA,NA,NA,NA,Hung Yen,Hưng Yên,VN109,Viet Nam,Việt Nam,VN,1569888000000,1578009600000,NA
611,Tien Phuoc,Huyện Tiên Phước,VN50321,NA,NA,NA,NA,NA,Quang Nam,Quảng Nam,VN503,Viet Nam,Việt Nam,VN,1569888000000,1578009600000,NA
612,Tien Yen,Huyện Tiên Yên,VN22513,NA,NA,NA,NA,NA,Quang Ninh,Quảng Ninh,VN225,Viet Nam,Việt Nam,VN,1569888000000,1578009600000,NA
613,Tieu Can,Huyện Tiểu Cần,VN81709,NA,NA,NA,NA,NA,Tra Vinh,Trà Vinh,VN817,Viet Nam,Việt Nam,VN,1569888000000,1578009600000,NA
614,Tinh Bien,Huyện Tịnh Biên,VN80513,NA,NA,NA,NA,NA,An Giang,An Giang,VN805,Viet Nam,Việt Nam,VN,1569888000000,1578009600000,NA
615,Tinh Gia,Huyện Tĩnh Gia,VN40153,NA,NA,NA,NA,NA,Thanh Hoa,Thanh Hóa,VN401,Viet Nam,Việt Nam,VN,1569888000000,1578009600000,NA
616,Tra Bong,Huyện Trà Bồng,VN50507,NA,NA,NA,NA,NA,Quang Ngai,Quảng Ngãi,VN505,Viet Nam,Việt Nam,VN,1569888000000,1578009600000,NA
617,Tra Cu,Huyện Trà Cú,VN81713,NA,NA,NA,NA,NA,Tra Vinh,Trà Vinh,VN817,Viet Nam,Việt Nam,VN,1569888000000,1578009600000,NA
618,Tra Linh,Huyện Trà Lĩnh,VN20309,NA,NA,NA,NA,NA,Cao Bang,Cao Bằng,VN203,Viet Nam,Việt Nam,VN,1569888000000,1578009600000,NA
619,Tra On,Huyện Trà Ôn,VN80911,NA,NA,NA,NA,NA,Vinh Long,Vĩnh Long,VN809,Viet Nam,Việt Nam,VN,1569888000000,1578009600000,NA
620,Tra Vinh,TP. Trà Vinh,VN81701,NA,NA,NA,NA,NA,Tra Vinh,Trà Vinh,VN817,Viet Nam,Việt Nam,VN,1569888000000,1578009600000,NA
621,Tram Tau,Huyện Trạm Tấu,VN21317,NA,NA,NA,NA,NA,Yen Bai,Yên Bái,VN213,Viet Nam,Việt Nam,VN,1569888000000,1578009600000,NA
622,Tran De,Huyện Trần Đề,VN81915,NA,NA,NA,NA,NA,Soc Trang,Sóc Trăng,VN819,Viet Nam,Việt Nam,VN,1569888000000,1578009600000,NA
623,Tran Van Thoi,Huyện Trần Văn Thời,VN82307,NA,NA,NA,NA,NA,Ca Mau,Cà Mau,VN823,Viet Nam,Việt Nam,VN,1569888000000,1578009600000,NA
624,Tran Yen,Huyện Trấn Yên,VN21311,NA,NA,NA,NA,NA,Yen Bai,Yên Bái,VN213,Viet Nam,Việt Nam,VN,1569888000000,1578009600000,NA
625,Trang Bang,Huyện Trảng Bàng,VN70917,NA,NA,NA,NA,NA,Tay Ninh,Tây Ninh,VN709,Viet Nam,Việt Nam,VN,1569888000000,1578009600000,NA
626,Trang Bom,Huyện Trảng Bom,VN71310,NA,NA,NA,NA,NA,Dong Nai,Đồng Nai,VN713,Viet Nam,Việt Nam,VN,1569888000000,1578009600000,NA
627,Trang Dinh,Huyện Tràng Định,VN20903,NA,NA,NA,NA,NA,Lang Son,Lạng Sơn,VN209,Viet Nam,Việt Nam,VN,1569888000000,1578009600000,NA
628,Tri Ton,Huyện Tri Tôn,VN80515,NA,NA,NA,NA,NA,An Giang,An Giang,VN805,Viet Nam,Việt Nam,VN,1569888000000,1578009600000,NA
629,Trieu Phong,Huyện Triệu Phong,VN40911,NA,NA,NA,NA,NA,Quang Tri,Quảng Trị,VN409,Viet Nam,Việt Nam,VN,1569888000000,1578009600000,NA
630,Trieu Son,Huyện Triệu Sơn,VN40147,NA,NA,NA,NA,NA,Thanh Hoa,Thanh Hóa,VN401,Viet Nam,Việt Nam,VN,1569888000000,1578009600000,NA
631,Truc Ninh,Huyện Trực Ninh,VN11311,NA,NA,NA,NA,NA,Nam Dinh,Nam Định,VN113,Viet Nam,Việt Nam,VN,1569888000000,1578009600000,NA
632,Trung Khanh,Huyện Trùng Khánh,VN20311,NA,NA,NA,NA,NA,Cao Bang,Cao Bằng,VN203,Viet Nam,Việt Nam,VN,1569888000000,1578009600000,NA
633,Truong Sa,Huyện Trường Sa,VN51190,NA,NA,NA,NA,NA,Khanh Hoa,Khánh Hòa,VN511,Viet Nam,Việt Nam,VN,1569888000000,1578009600000,NA
634,Tu Ky,Huyện Tứ Kỳ,VN10715,NA,NA,NA,NA,NA,Hai Duong,Hải Dương,VN107,Viet Nam,Việt Nam,VN,1569888000000,1578009600000,NA
635,Tu Mo Rong,Huyện Tu Mơ Rông,VN60114,NA,NA,NA,NA,NA,Kon Tum,Kon Tum,VN601,Viet Nam,Việt Nam,VN,1569888000000,1578009600000,NA
636,Tu Nghia,Huyện Tư Nghĩa,VN50515,NA,NA,NA,NA,NA,Quang Ngai,Quảng Ngãi,VN505,Viet Nam,Việt Nam,VN,1569888000000,1578009600000,NA
637,Tu Son,Thị xã Từ Sơn,VN10608,NA,NA,NA,NA,NA,Bac Ninh,Bắc Ninh,VN106,Viet Nam,Việt Nam,VN,1569888000000,1578009600000,NA
638,Tua Chua,Huyện Tủa Chùa,VN30213,NA,NA,NA,NA,NA,Dien Bien,Điện Biên,VN302,Viet Nam,Việt Nam,VN,1569888000000,1578009600000,NA
639,Tuan Giao,Huyện Tuần Giáo,VN30215,NA,NA,NA,NA,NA,Dien Bien,Điện Biên,VN302,Viet Nam,Việt Nam,VN,1569888000000,1578009600000,NA
640,Tuong Duong,Huyện Tương Dương,VN40315,NA,NA,NA,NA,NA,Nghe An,Nghệ An,VN403,Viet Nam,Việt Nam,VN,1569888000000,1578009600000,NA
641,Tuy An,Huyện Tuy An,VN50907,NA,NA,NA,NA,NA,Phu Yen,Phú Yên,VN509,Viet Nam,Việt Nam,VN,1569888000000,1578009600000,NA
642,Tuy Duc,Huyện Tuy Đức,VN60634,NA,NA,NA,NA,NA,Dak Nong,Đăk Nông,VN606,Viet Nam,Việt Nam,VN,1569888000000,1578009600000,NA
643,Tuy Hoa,TP. Tuy Hòa,VN50901,NA,NA,NA,NA,NA,Phu Yen,Phú Yên,VN509,Viet Nam,Việt Nam,VN,1569888000000,1578009600000,NA
644,Tuy Phong,Huyện Tuy Phong,VN71503,NA,NA,NA,NA,NA,Binh Thuan,Bình Thuận,VN715,Viet Nam,Việt Nam,VN,1569888000000,1578009600000,NA
645,Tuy Phuoc,Huyện Tuy Phước,VN50719,NA,NA,NA,NA,NA,Binh Dinh,Bình Định,VN507,Viet Nam,Việt Nam,VN,1569888000000,1578009600000,NA
646,Tuyen Hoa,Huyện Tuyên Hóa,VN40703,NA,NA,NA,NA,NA,Quang Binh,Quảng Bình,VN407,Viet Nam,Việt Nam,VN,1569888000000,1578009600000,NA
647,Tuyen Quang,TP. Tuyên Quang,VN21101,NA,NA,NA,NA,NA,Tuyen Quang,Tuyên Quang,VN211,Viet Nam,Việt Nam,VN,1569888000000,1578009600000,NA
648,U Minh,Huyện U Minh,VN82305,NA,NA,NA,NA,NA,Ca Mau,Cà Mau,VN823,Viet Nam,Việt Nam,VN,1569888000000,1578009600000,NA
649,U Minh Thuong,Huyện U Minh Thượng,VN81325,NA,NA,NA,NA,NA,Kien Giang,Kiên Giang,VN813,Viet Nam,Việt Nam,VN,1569888000000,1578009600000,NA
650,Ung Hoa,Huyện Ứng Hòa,VN10149,NA,NA,NA,NA,NA,Ha Noi,TP. Hà Nội,VN101,Viet Nam,Việt Nam,VN,1569888000000,1578009600000,NA
651,Uong Bi,TP. Uông Bí,VN22505,NA,NA,NA,NA,NA,Quang Ninh,Quảng Ninh,VN225,Viet Nam,Việt Nam,VN,1569888000000,1578009600000,NA
652,Van Ban,Huyện Văn Bàn,VN20519,NA,NA,NA,NA,NA,Lao Cai,Lào Cai,VN205,Viet Nam,Việt Nam,VN,1569888000000,1578009600000,NA
653,Van Canh,Huyện Vân Canh,VN50721,NA,NA,NA,NA,NA,Binh Dinh,Bình Định,VN507,Viet Nam,Việt Nam,VN,1569888000000,1578009600000,NA
654,Van Chan,Huyện Văn Chấn,VN21315,NA,NA,NA,NA,NA,Yen Bai,Yên Bái,VN213,Viet Nam,Việt Nam,VN,1569888000000,1578009600000,NA
655,Van Don,Huyện Vân Đồn,VN22517,NA,NA,NA,NA,NA,Quang Ninh,Quảng Ninh,VN225,Viet Nam,Việt Nam,VN,1569888000000,1578009600000,NA
656,Van Giang,Huyện Văn Giang,VN10905,NA,NA,NA,NA,NA,Hung Yen,Hưng Yên,VN109,Viet Nam,Việt Nam,VN,1569888000000,1578009600000,NA
657,Van Ho,Huyện Vân Hồ,VN30320,NA,NA,NA,NA,NA,Son La,Sơn La,VN303,Viet Nam,Việt Nam,VN,1569888000000,1578009600000,NA
658,Van Lam,Huyện Văn Lâm,VN10902,NA,NA,NA,NA,NA,Hung Yen,Hưng Yên,VN109,Viet Nam,Việt Nam,VN,1569888000000,1578009600000,NA
659,Van Lang,Huyện Văn Lãng,VN20905,NA,NA,NA,NA,NA,Lang Son,Lạng Sơn,VN209,Viet Nam,Việt Nam,VN,1569888000000,1578009600000,NA
660,Van Ninh,Huyện Vạn Ninh,VN51103,NA,NA,NA,NA,NA,Khanh Hoa,Khánh Hòa,VN511,Viet Nam,Việt Nam,VN,1569888000000,1578009600000,NA
661,Van Quan,Huyện Văn Quan,VN20911,NA,NA,NA,NA,NA,Lang Son,Lạng Sơn,VN209,Viet Nam,Việt Nam,VN,1569888000000,1578009600000,NA
662,Van Yen,Huyện Văn Yên,VN21307,NA,NA,NA,NA,NA,Yen Bai,Yên Bái,VN213,Viet Nam,Việt Nam,VN,1569888000000,1578009600000,NA
663,Vi Thanh,TP. Vị Thanh,VN81601,NA,NA,NA,NA,NA,Hau Giang,Hậu Giang,VN816,Viet Nam,Việt Nam,VN,1569888000000,1578009600000,NA
664,Vi Thuy,Huyện Vị Thủy,VN81609,NA,NA,NA,NA,NA,Hau Giang,Hậu Giang,VN816,Viet Nam,Việt Nam,VN,1569888000000,1578009600000,NA
665,Vi Xuyen,Huyện Vị Xuyên,VN20115,NA,NA,NA,NA,NA,Ha Giang,Hà Giang,VN201,Viet Nam,Việt Nam,VN,1569888000000,1578009600000,NA
666,Viet Tri,TP. Việt Trì,VN21701,NA,NA,NA,NA,NA,Phu Tho,Phú Thọ,VN217,Viet Nam,Việt Nam,VN,1569888000000,1578009600000,NA
667,Viet Yen,Huyện Việt Yên,VN22117,NA,NA,NA,NA,NA,Bac Giang,Bắc Giang,VN221,Viet Nam,Việt Nam,VN,1569888000000,1578009600000,NA
668,Vinh,TP. Vinh,VN40301,NA,NA,NA,NA,NA,Nghe An,Nghệ An,VN403,Viet Nam,Việt Nam,VN,1569888000000,1578009600000,NA
669,Vinh Bao,Huyện Vĩnh Bảo,VN10321,NA,NA,NA,NA,NA,Hai Phong city,TP. Hải Phòng,VN103,Viet Nam,Việt Nam,VN,1569888000000,1578009600000,NA
670,Vinh Chau,Thị xã Vĩnh Châu,VN81913,NA,NA,NA,NA,NA,Soc Trang,Sóc Trăng,VN819,Viet Nam,Việt Nam,VN,1569888000000,1578009600000,NA
671,Vinh Cuu,Huyện Vĩnh Cửu,VN71307,NA,NA,NA,NA,NA,Dong Nai,Đồng Nai,VN713,Viet Nam,Việt Nam,VN,1569888000000,1578009600000,NA
672,Vinh Hung,Huyện Vĩnh Hưng,VN80105,NA,NA,NA,NA,NA,Long An,Long An,VN801,Viet Nam,Việt Nam,VN,1569888000000,1578009600000,NA
673,Vinh Linh,Huyện Vĩnh Linh,VN40905,NA,NA,NA,NA,NA,Quang Tri,Quảng Trị,VN409,Viet Nam,Việt Nam,VN,1569888000000,1578009600000,NA
674,Vinh Loc,Huyện Vĩnh Lộc,VN40129,NA,NA,NA,NA,NA,Thanh Hoa,Thanh Hóa,VN401,Viet Nam,Việt Nam,VN,1569888000000,1578009600000,NA
675,Vinh Loi,Huyện Vĩnh Lợi,VN82105,NA,NA,NA,NA,NA,Bac Lieu,Bạc Liêu,VN821,Viet Nam,Việt Nam,VN,1569888000000,1578009600000,NA
676,Vinh Long,TP. Vĩnh Long,VN80901,NA,NA,NA,NA,NA,Vinh Long,Vĩnh Long,VN809,Viet Nam,Việt Nam,VN,1569888000000,1578009600000,NA
677,Vinh Thanh,Huyện Vĩnh Thạnh,VN50711,NA,NA,NA,NA,NA,Binh Dinh,Bình Định,VN507,Viet Nam,Việt Nam,VN,1569888000000,1578009600000,NA
678,Vinh Thanh,Huyện Vĩnh Thạnh,VN81511,NA,NA,NA,NA,NA,Can Tho city,TP. Cần Thơ,VN815,Viet Nam,Việt Nam,VN,1569888000000,1578009600000,NA
679,Vinh Thuan,Huyện Vĩnh Thuận,VN81319,NA,NA,NA,NA,NA,Kien Giang,Kiên Giang,VN813,Viet Nam,Việt Nam,VN,1569888000000,1578009600000,NA
680,Vinh Tuong,Huyện Vĩnh Tường,VN10407,NA,NA,NA,NA,NA,Vinh Phuc,Vĩnh Phúc,VN104,Viet Nam,Việt Nam,VN,1569888000000,1578009600000,NA
681,Vinh Yen,TP. Vĩnh Yên,VN10401,NA,NA,NA,NA,NA,Vinh Phuc,Vĩnh Phúc,VN104,Viet Nam,Việt Nam,VN,1569888000000,1578009600000,NA
682,Vo Nhai,Huyện Võ Nhai,VN21507,NA,NA,NA,NA,NA,Thai Nguyen,Thái Nguyên,VN215,Viet Nam,Việt Nam,VN,1569888000000,1578009600000,NA
683,Vu Ban,Huyện Vụ Bản,VN11303,NA,NA,NA,NA,NA,Nam Dinh,Nam Định,VN113,Viet Nam,Việt Nam,VN,1569888000000,1578009600000,NA
684,Vu Quang,Huyện Vũ Quang,VN40510,NA,NA,NA,NA,NA,Ha Tinh,Hà Tĩnh,VN405,Viet Nam,Việt Nam,VN,1569888000000,1578009600000,NA
685,Vu Thu,Huyện Vũ Thư,VN11511,NA,NA,NA,NA,NA,Thai Binh,Thái Bình,VN115,Viet Nam,Việt Nam,VN,1569888000000,1578009600000,NA
686,Vung Liem,Huyện Vũng Liêm,VN80913,NA,NA,NA,NA,NA,Vinh Long,Vĩnh Long,VN809,Viet Nam,Việt Nam,VN,1569888000000,1578009600000,NA
687,Vung Tau,TP. Vũng Tàu,VN71701,NA,NA,NA,NA,NA,Ba Ria - Vung Tau,Bà Rịa - Vũng Tàu,VN717,Viet Nam,Việt Nam,VN,1569888000000,1578009600000,NA
688,Xin Man,Huyện Xín Mần,VN20117,NA,NA,NA,NA,NA,Ha Giang,Hà Giang,VN201,Viet Nam,Việt Nam,VN,1569888000000,1578009600000,NA
689,Xuan Loc,Huyện Xuân Lộc,VN71313,NA,NA,NA,NA,NA,Dong Nai,Đồng Nai,VN713,Viet Nam,Việt Nam,VN,1569888000000,1578009600000,NA
690,Xuan Truong,Huyện Xuân Trường,VN11313,NA,NA,NA,NA,NA,Nam Dinh,Nam Định,VN113,Viet Nam,Việt Nam,VN,1569888000000,1578009600000,NA
691,Xuyen Moc,Huyện Xuyên Mộc,VN71707,NA,NA,NA,NA,NA,Ba Ria - Vung Tau,Bà Rịa - Vũng Tàu,VN717,Viet Nam,Việt Nam,VN,1569888000000,1578009600000,NA
692,Y Yen,Huyện Ý Yên,VN11307,NA,NA,NA,NA,NA,Nam Dinh,Nam Định,VN113,Viet Nam,Việt Nam,VN,1569888000000,1578009600000,NA
693,Yen Bai,TP. Yên Bái,VN21301,NA,NA,NA,NA,NA,Yen Bai,Yên Bái,VN213,Viet Nam,Việt Nam,VN,1569888000000,1578009600000,NA
694,Yen Binh,Huyện Yên Bình,VN21313,NA,NA,NA,NA,NA,Yen Bai,Yên Bái,VN213,Viet Nam,Việt Nam,VN,1569888000000,1578009600000,NA
695,Yen Chau,Huyện Yên Châu,VN30317,NA,NA,NA,NA,NA,Son La,Sơn La,VN303,Viet Nam,Việt Nam,VN,1569888000000,1578009600000,NA
696,Yen Dinh,Huyện Yên Định,VN40135,NA,NA,NA,NA,NA,Thanh Hoa,Thanh Hóa,VN401,Viet Nam,Việt Nam,VN,1569888000000,1578009600000,NA
697,Yen Dung,Huyện Yên Dũng,VN22119,NA,NA,NA,NA,NA,Bac Giang,Bắc Giang,VN221,Viet Nam,Việt Nam,VN,1569888000000,1578009600000,NA
698,Yen Khanh,Huyện Yên Khánh,VN11713,NA,NA,NA,NA,NA,Ninh Binh,Ninh Bình,VN117,Viet Nam,Việt Nam,VN,1569888000000,1578009600000,NA
699,Yen Lac,Huyện Yên Lạc,VN10409,NA,NA,NA,NA,NA,Vinh Phuc,Vĩnh Phúc,VN104,Viet Nam,Việt Nam,VN,1569888000000,1578009600000,NA
700,Yen Lap,Huyện Yên Lập,VN21715,NA,NA,NA,NA,NA,Phu Tho,Phú Thọ,VN217,Viet Nam,Việt Nam,VN,1569888000000,1578009600000,NA
701,Yen Minh,Huyện Yên Minh,VN20107,NA,NA,NA,NA,NA,Ha Giang,Hà Giang,VN201,Viet Nam,Việt Nam,VN,1569888000000,1578009600000,NA
702,Yen Mo,Huyện Yên Mô,VN11711,NA,NA,NA,NA,NA,Ninh Binh,Ninh Bình,VN117,Viet Nam,Việt Nam,VN,1569888000000,1578009600000,NA
703,Yen My,Huyện Yên Mỹ,VN10904,NA,NA,NA,NA,NA,Hung Yen,Hưng Yên,VN109,Viet Nam,Việt Nam,VN,1569888000000,1578009600000,NA
704,Yen Phong,Huyện Yên Phong,VN10603,NA,NA,NA,NA,NA,Bac Ninh,Bắc Ninh,VN106,Viet Nam,Việt Nam,VN,1569888000000,1578009600000,NA
705,Yen Son,Huyện Yên Sơn,VN21109,NA,NA,NA,NA,NA,Tuyen Quang,Tuyên Quang,VN211,Viet Nam,Việt Nam,VN,1569888000000,1578009600000,NA
706,Yen Thanh,Huyện Yên Thành,VN40323,NA,NA,NA,NA,NA,Nghe An,Nghệ An,VN403,Viet Nam,Việt Nam,VN,1569888000000,1578009600000,NA
707,Yen The,Huyện Yên Thế,VN22103,NA,NA,NA,NA,NA,Bac Giang,Bắc Giang,VN221,Viet Nam,Việt Nam,VN,1569888000000,1578009600000,NA
708,Yen Thuy,Huyện Yên Thủy,VN30519,NA,NA,NA,NA,NA,Hoa Binh,Hòa Bình,VN305,Viet Nam,Việt Nam,VN,1569888000000,1578009600000,NA
